id;source;display_name;extras_fim_vigencia;extras_fim_implantacao;extras_inicio_vigencia
"30914175";"tuss-22";"Linfadenectomia pélvica robótica";"-";"2026-06-30";"2026-04-01"
"31201180";"tuss-22";"Prostatavesiculectomia radical robótica";"-";"2026-06-30";"2026-04-01"
"87000199";"tuss-22";"Colocação de aparelho ortodôntico removível";"-";"2016-04-15";"2016-01-15"
"87000180";"tuss-22";"Sedação medicamentosa ambulatorial em pacientes com necessidades especiais em odontologia";"-";"2011-03-06";"2010-06-09"
"87000164";"tuss-22";"Sedação consciente com óxido nitroso e oxigênio em pacientes com necessidades especiais em odontologia";"-";"2011-03-06";"2010-06-09"
"87000148";"tuss-22";"Estabilização por meio de contenção física e/ou mecânica em pacientes com necessidades especiais em odontologia ";"-";"2011-03-06";"2010-06-09"
"87000067";"tuss-22";"Coroa de policarbonato em dente permanente";"-";"2011-03-06";"2010-06-09"
"87000059";"tuss-22";"Coroa de aço em dente permanente";"-";"2011-03-06";"2010-06-09"
"87000040";"tuss-22";"Coroa de acetato em dente permanente";"-";"2011-03-06";"2010-06-09"
"87000032";"tuss-22";"Condicionamento em odontologia para pacientes com necessidades especiais";"-";"2011-03-06";"2010-06-09"
"87000024";"tuss-22";"Atividade educativa para pais e/ou cuidadores ";"-";"2011-03-06";"2010-06-09"
"87000016";"tuss-22";"Atividade educativa em odontologia para pais e/ou cuidadores de pacientes com necessidades especiais";"-";"2011-03-06";"2010-06-09"
"86000616";"tuss-22";"Recolocação de mantenedor de espaço";"-";"2014-08-31";"2013-12-01"
"86000608";"tuss-22";"Placa de contenção ortodôntica";"-";"2014-08-31";"2013-12-01"
"86000594";"tuss-22";"Splinter";"-";"2011-03-06";"2010-06-09"
"86000586";"tuss-22";"Simões Network";"-";"2011-03-06";"2010-06-09"
"86000578";"tuss-22";"Regulador de função de Frankel";"-";"2011-03-06";"2010-06-09"
"86000560";"tuss-22";"Quadrihélice";"-";"2011-03-06";"2010-06-09"
"86000551";"tuss-22";"Plano inclinado";"-";"2011-03-06";"2010-06-09"
"86000543";"tuss-22";"Plano anterior fixo";"-";"2011-03-06";"2010-06-09"
"86000535";"tuss-22";"Placa lábio-ativa ";"-";"2011-03-06";"2010-06-09"
"86000527";"tuss-22";"Placa encapsulada de Maurício";"-";"2011-03-06";"2010-06-09"
"86000519";"tuss-22";"Placa dupla de Sanders";"-";"2011-03-06";"2010-06-09"
"86000500";"tuss-22";"Placa de verticalização de caninos";"-";"2011-03-06";"2010-06-09"
"86000497";"tuss-22";"Placa de Schwarz";"-";"2011-03-06";"2010-06-09"
"86000489";"tuss-22";"Placa de mordida ortodôntica";"-";"2011-03-06";"2010-06-09"
"86000470";"tuss-22";"Placa de Hawley - com torno expansor";"-";"2011-03-06";"2010-06-09"
"86000462";"tuss-22";"Placa de Hawley";"-";"2011-03-06";"2010-06-09"
"86000454";"tuss-22";"Placa de distalização de molares";"-";"2011-03-06";"2010-06-09"
"86000446";"tuss-22";"Pistas indiretas de Planas";"-";"2011-03-06";"2010-06-09"
"86000438";"tuss-22";"Pistas diretas de Planas - superior e inferior";"-";"2011-03-06";"2010-06-09"
"86000420";"tuss-22";"Obtenção de modelos gnatostáticos de Planas";"-";"2011-03-06";"2010-06-09"
"86000411";"tuss-22";"Monobloco";"-";"2011-03-06";"2010-06-09"
"86000403";"tuss-22";"Modelador elástico de Bimler";"-";"2011-03-06";"2010-06-09"
"86000390";"tuss-22";"Mentoneira";"-";"2011-03-06";"2010-06-09"
"86000381";"tuss-22";"Máscara facial - Delaire e Tração Reversa";"-";"2011-03-06";"2010-06-09"
"86000373";"tuss-22";"Manutenção de aparelho ortodôntico - aparelho removível";"-";"2011-03-06";"2010-06-09"
"86000365";"tuss-22";"Manutenção de aparelho ortodôntico - aparelho ortopédico";"-";"2011-03-06";"2010-06-09"
"86000357";"tuss-22";"Manutenção de aparelho ortodôntico - aparelho fixo";"-";"2011-03-06";"2010-06-09"
"86000330";"tuss-22";"Herbst encapsulado";"-";"2011-03-06";"2010-06-09"
"86000322";"tuss-22";"Grade palatina removível";"-";"2011-03-06";"2010-06-09"
"86000314";"tuss-22";"Grade palatina fixa ";"-";"2011-03-06";"2010-06-09"
"86000306";"tuss-22";"Gianelly";"-";"2011-03-06";"2010-06-09"
"86000292";"tuss-22";"Documentação eletromiográfica";"-";"2011-03-06";"2010-06-09"
"86000284";"tuss-22";"Distalizador tipo Jones Jig ";"-";"2011-03-06";"2010-06-09"
"86000276";"tuss-22";"Distalizador Pendulo/Pendex";"-";"2011-03-06";"2010-06-09"
"86000268";"tuss-22";"Distalizador Distal Jet";"-";"2011-03-06";"2010-06-09"
"86000250";"tuss-22";"Distalizador de Hilgers";"-";"2011-03-06";"2010-06-09"
"86000241";"tuss-22";"Distalizador com mola nitinol";"-";"2011-03-06";"2010-06-09"
"86000233";"tuss-22";"Disjuntor palatino - Macnamara";"-";"2011-03-06";"2010-06-09"
"86000225";"tuss-22";"Disjuntor palatino - Hirax";"-";"2011-03-06";"2010-06-09"
"86000209";"tuss-22";"Contenção fixa por arcada, em ortodontia";"-";"2016-03-31";"2016-01-01"
"86000195";"tuss-22";"Botão de Nance";"-";"2011-03-06";"2010-06-09"
"86000187";"tuss-22";"Blocos geminados de Clark - twinblock";"-";"2011-03-06";"2010-06-09"
"86000179";"tuss-22";"Bionator de Balters";"-";"2011-03-06";"2010-06-09"
"86000160";"tuss-22";"Barra transpalatina removível";"-";"2011-03-06";"2010-06-09"
"86000152";"tuss-22";"Barra transpalatina fixa";"-";"2011-03-06";"2010-06-09"
"86000144";"tuss-22";"Arco lingual ";"-";"2011-03-06";"2010-06-09"
"86000128";"tuss-22";"Aparelho removível com alças bionator invertida ou de Escheler";"-";"2011-03-06";"2010-06-09"
"86000110";"tuss-22";"Aparelho ortodôntico fixo metálico parcial";"-";"2011-03-06";"2010-06-09"
"86000098";"tuss-22";"Aparelho ortodôntico fixo metálico";"-";"2011-03-06";"2010-06-09"
"86000080";"tuss-22";"Aparelho ortodôntico fixo estético parcial";"-";"2011-03-06";"2010-06-09"
"86000063";"tuss-22";"Aparelho ortodôntico fixo estético";"-";"2011-03-06";"2010-06-09"
"86000055";"tuss-22";"Aparelho extra-bucal ";"-";"2011-03-06";"2010-06-09"
"86000047";"tuss-22";"Aparelho de Thurow";"-";"2011-03-06";"2010-06-09"
"86000039";"tuss-22";"Aparelho de protração mandibular -  APM ";"-";"2011-03-06";"2010-06-09"
"86000020";"tuss-22";"Aparelho de Klammt";"-";"2011-03-06";"2010-06-09"
"86000012";"tuss-22";"Aletas Gomes";"-";"2011-03-06";"2010-06-09"
"85500224";"tuss-22";"Tratamento de perimplantite por implante";"-";"2014-08-31";"2013-12-01"
"85500216";"tuss-22";"Plasma rico em plaquetas (PRP)";"-";"2014-08-31";"2013-12-01"
"85500208";"tuss-22";"Barra clipe";"-";"2014-08-31";"2013-12-01"
"85500194";"tuss-22";"Protocolo Branemark provisório para 5 implantes";"-";"2011-03-06";"2010-06-09"
"85500186";"tuss-22";"Protocolo Branemark provisório para 4 implantes";"-";"2011-03-06";"2010-06-09"
"85500178";"tuss-22";"Protocolo Branemark para 5 implantes";"-";"2011-03-06";"2010-06-09"
"85500160";"tuss-22";"Protocolo Branemark para 4 implantes ";"-";"2011-03-06";"2010-06-09"
"85500151";"tuss-22";"Protocolo Branemark em carga imediata para 5 implantes - parte protética";"-";"2011-03-06";"2010-06-09"
"85500143";"tuss-22";"Protocolo Branemark em carga imediata para 4 implantes - parte protética";"-";"2011-03-06";"2010-06-09"
"85500135";"tuss-22";"Prótese parcial fixa provisória em carga imediata";"-";"2011-03-06";"2010-06-09"
"85500127";"tuss-22";"Prótese parcial fixa implanto suportada";"-";"2011-03-06";"2010-06-09"
"85500119";"tuss-22";"Overdenture barra clipe ou o'ring sobre três implantes";"-";"2011-03-06";"2010-06-09"
"85500100";"tuss-22";"Overdenture barra clipe ou o'ring sobre quatro ou mais implantes";"-";"2011-03-06";"2010-06-09"
"85500097";"tuss-22";"Overdenture barra clipe ou o'ring sobre dois implantes";"-";"2011-03-06";"2010-06-09"
"85500089";"tuss-22";"Manutenção de prótese sobre implantes";"-";"2011-03-06";"2010-06-09"
"85500070";"tuss-22";"Intermediário protético (para implantes)";"-";"2011-03-06";"2010-06-09"
"85500062";"tuss-22";"Guia cirúrgico para implante";"-";"2011-03-06";"2010-06-09"
"85500054";"tuss-22";"Coroa total metalo plástica sobre implante - resina acrílica";"-";"2011-03-06";"2010-06-09"
"85500046";"tuss-22";"Coroa total metalo plástica sobre implante - cerômero";"-";"2011-03-06";"2010-06-09"
"85500038";"tuss-22";"Coroa total metalo cerâmica sobre implante";"-";"2011-03-06";"2010-06-09"
"85500020";"tuss-22";"Coroa provisória sobre implante com carga imediata";"-";"2011-03-06";"2010-06-09"
"85500011";"tuss-22";"Coroa provisória sobre implante";"-";"2011-03-06";"2010-06-09"
"85400610";"tuss-22";"Prótese total caracterizada";"-";"2014-08-31";"2013-12-01"
"85400602";"tuss-22";"Ponto de solda";"-";"2014-08-31";"2013-12-01"
"85400599";"tuss-22";"Planejamento em prótese";"-";"2014-08-31";"2013-12-01"
"85400580";"tuss-22";"JIG ou Front plato - órtese reposicionadora";"-";"2014-08-31";"2013-12-01"
"85400572";"tuss-22";"Coroa 3/4 ou 4/5";"-";"2014-08-31";"2013-12-01"
"85400564";"tuss-22";"Prótese total imediata sobre implantes";"-";"2014-08-31";"2012-10-10"
"85400556";"tuss-22";"Restauração metálica fundida";"-";"2011-03-06";"2010-06-09"
"85400548";"tuss-22";"Restauração em cerômero - inlay ";"-";"2011-03-06";"2010-06-09"
"85400530";"tuss-22";"Restauração em cerômero - onlay";"-";"2011-03-06";"2010-06-09"
"85400521";"tuss-22";"Restauração em cerâmica pura - onlay";"-";"2011-03-06";"2010-06-09"
"85400513";"tuss-22";"Restauração em cerâmica pura - inlay ";"-";"2011-03-06";"2010-06-09"
"85400505";"tuss-22";"Remoção de trabalho protético";"-";"2011-03-06";"2010-06-09"
"85400491";"tuss-22";"Reembasamento de prótese total ou parcial - mediato (em laboratório)";"-";"2011-03-06";"2010-06-09"
"85400483";"tuss-22";"Reembasamento de prótese total ou parcial - imediato (em consultório)";"-";"2011-03-06";"2010-06-09"
"85400475";"tuss-22";"Reembasamento de coroa provisória";"-";"2011-03-06";"2010-06-09"
"85400467";"tuss-22";"Recimentação de trabalhos protéticos";"-";"2011-03-06";"2010-06-09"
"85400459";"tuss-22";"Provisório para Restauração metálica fundida";"-";"2011-03-06";"2010-06-09"
"85400440";"tuss-22";"Provisório para Inlay/Onlay";"-";"2011-03-06";"2010-06-09"
"85400432";"tuss-22";"Provisório para Faceta";"-";"2011-03-06";"2010-06-09"
"85400424";"tuss-22";"Prótese total incolor";"-";"2011-03-06";"2010-06-09"
"85400416";"tuss-22";"Prótese total imediata";"-";"2011-03-06";"2010-06-09"
"85400408";"tuss-22";"Prótese total";"-";"2011-03-06";"2010-06-09"
"85400394";"tuss-22";"Prótese parcial removível provisória em acrílico com ou sem grampos";"-";"2011-03-06";"2010-06-09"
"85400386";"tuss-22";"Prótese parcial removível com grampos bilateral";"-";"2011-03-06";"2010-06-09"
"85400378";"tuss-22";"Prótese parcial removível com encaixes de precisão ou de semi precisão";"-";"2011-03-06";"2010-06-09"
"85400360";"tuss-22";"Prótese parcial fixa provisória";"-";"2011-03-06";"2010-06-09"
"85400351";"tuss-22";"Prótese parcial fixa In Ceran livre de metal (metal free)";"-";"2011-03-06";"2010-06-09"
"85400343";"tuss-22";"Prótese parcial fixa em metalo plástica";"-";"2011-03-06";"2010-06-09"
"85400335";"tuss-22";"Prótese parcial fixa em metalo cerâmica";"-";"2011-03-06";"2010-06-09"
"85400327";"tuss-22";"Prótese parcial fixa em cerômero livre de metal (metal free)";"-";"2011-03-06";"2010-06-09"
"85400319";"tuss-22";"Prótese fixa adesiva indireta em metalo plástica";"-";"2011-03-06";"2010-06-09"
"85400300";"tuss-22";"Prótese fixa adesiva indireta em metalo cerâmica";"-";"2011-03-06";"2010-06-09"
"85400297";"tuss-22";"Prótese fixa adesiva em cerômero livre de metal (metal free)";"-";"2011-03-06";"2010-06-09"
"85400289";"tuss-22";"Prótese fixa adesiva direta (provisória)";"-";"2011-03-06";"2010-06-09"
"85400270";"tuss-22";"Placa oclusal resiliente";"-";"2011-03-06";"2010-06-09"
"85400262";"tuss-22";"Pino pré fabricado ";"-";"2011-03-06";"2010-06-09"
"85400254";"tuss-22";"Órtese reposicionadora (placa oclusal reposicionadora)";"-";"2011-03-06";"2010-06-09"
"85400246";"tuss-22";"Órtese miorrelaxante (placa oclusal estabilizadora)";"-";"2011-03-06";"2010-06-09"
"85400238";"tuss-22";"Onlay de Resina Indireta";"-";"2011-03-06";"2010-06-09"
"85400220";"tuss-22";"Núcleo metálico fundido";"-";"2011-03-06";"2010-06-09"
"85400211";"tuss-22";"Núcleo de preenchimento";"-";"2011-03-06";"2010-06-09"
"85400203";"tuss-22";"Guia cirúrgico para prótese total imediata";"-";"2011-03-06";"2010-06-09"
"85400190";"tuss-22";"Faceta em cerômero";"-";"2011-03-06";"2010-06-09"
"85400181";"tuss-22";"Faceta em cerâmica pura";"-";"2011-03-06";"2010-06-09"
"85400173";"tuss-22";"Coroa total metalo plástica - resina acrílica";"-";"2011-03-06";"2010-06-09"
"85400165";"tuss-22";"Coroa total metalo plástica - cerômero";"-";"2011-03-06";"2010-06-09"
"85400157";"tuss-22";"Coroa total metalo cerâmica";"-";"2011-03-06";"2010-06-09"
"85400149";"tuss-22";"Coroa total metálica ";"-";"2011-03-06";"2010-06-09"
"85400130";"tuss-22";"Coroa total livre de metal (metalfree) sobre implante - cerômero";"-";"2011-03-06";"2010-06-09"
"85400122";"tuss-22";"Coroa total livre de metal (metalfree) sobre implante - cerâmica";"-";"2011-03-06";"2010-06-09"
"85400114";"tuss-22";"Coroa total em cerômero";"-";"2011-03-06";"2010-06-09"
"85400106";"tuss-22";"Coroa total em cerâmica pura ";"-";"2011-03-06";"2010-06-09"
"85400092";"tuss-22";"Coroa total acrílica prensada";"-";"2011-03-06";"2010-06-09"
"85400084";"tuss-22";"Coroa provisória sem pino";"-";"2011-03-06";"2010-06-09"
"85400076";"tuss-22";"Coroa provisória com pino";"-";"2011-03-06";"2010-06-09"
"85400068";"tuss-22";"Conserto em prótese total (exclusivamente em consultório) ";"-";"2011-03-06";"2010-06-09"
"85400050";"tuss-22";"Conserto em prótese total (em consultório e em laboratório) ";"-";"2011-03-06";"2010-06-09"
"85400041";"tuss-22";"Conserto em prótese parcial removível (exclusivamente em consultório) ";"-";"2011-03-06";"2010-06-09"
"85400033";"tuss-22";"Conserto em prótese parcial removível (em consultório e em laboratório) ";"-";"2011-03-06";"2010-06-09"
"85400025";"tuss-22";"Ajuste Oclusal por desgaste seletivo";"-";"2011-03-06";"2010-06-09"
"85400017";"tuss-22";"Ajuste Oclusal por acréscimo";"-";"2011-03-06";"2010-06-09"
"85300101";"tuss-22";"Tracionamento de raiz residual";"-";"2014-08-31";"2013-12-01"
"85300098";"tuss-22";"Manutenção periodontal";"-";"2014-08-31";"2013-12-01"
"85300080";"tuss-22";"Tratamento de pericoronarite";"-";"2011-03-06";"2010-06-09"
"85300071";"tuss-22";"Tratamento de gengivite necrosante aguda - GNA";"-";"2011-03-06";"2010-06-09"
"85300063";"tuss-22";"Tratamento de abscesso periodontal agudo";"-";"2011-03-06";"2010-06-09"
"85300055";"tuss-22";"Remoção dos fatores de retenção do Biofilme Dental (Placa Bacteriana)";"-";"2011-03-06";"2010-06-09"
"85300047";"tuss-22";"Raspagem supra-gengival";"-";"2011-03-06";"2010-06-09"
"85300039";"tuss-22";"Raspagem sub-gengival/alisamento radicular ";"-";"2011-03-06";"2010-06-09"
"85300020";"tuss-22";"Imobilização dentária em dentes permanentes";"-";"2011-03-06";"2010-06-09"
"85300012";"tuss-22";"Dessensibilização dentária";"-";"2011-03-06";"2010-06-09"
"85200182";"tuss-22";"Curetagem apical";"-";"2014-08-31";"2013-12-01"
"85200174";"tuss-22";"Curativo endodôntico em situação de urgência";"-";"2014-08-31";"2013-12-01"
"85200166";"tuss-22";"Tratamento endodôntico unirradicular";"-";"2011-03-06";"2010-06-09"
"85200158";"tuss-22";"Tratamento endodôntico multirradicular";"-";"2011-03-06";"2010-06-09"
"85200140";"tuss-22";"Tratamento endodôntico birradicular";"-";"2011-03-06";"2010-06-09"
"85200131";"tuss-22";"Tratamento endodôndico de dente com rizogênese incompleta";"-";"2011-03-06";"2010-06-09"
"85200123";"tuss-22";"Tratamento de perfuração endodôntica";"-";"2011-03-06";"2010-06-09"
"85200115";"tuss-22";"Retratamento endodôntico unirradicular";"-";"2011-03-06";"2010-06-09"
"85200107";"tuss-22";"Retratamento endodôntico multirradicular";"-";"2011-03-06";"2010-06-09"
"85200093";"tuss-22";"Retratamento endodôntico birradicular";"-";"2011-03-06";"2010-06-09"
"85200085";"tuss-22";"Restauração temporária / tratamento expectante";"-";"2011-03-06";"2010-06-09"
"85200077";"tuss-22";"Remoção de núcleo intrarradicular";"-";"2011-03-06";"2010-06-09"
"85200069";"tuss-22";"Remoção de material obturador intracanal para retratamento endodôntico";"-";"2011-03-06";"2010-06-09"
"85200050";"tuss-22";"Remoção de corpo estranho intracanal";"-";"2011-03-06";"2010-06-09"
"85200042";"tuss-22";"Pulpotomia";"-";"2011-03-06";"2010-06-09"
"85200034";"tuss-22";"Pulpectomia";"-";"2011-03-06";"2010-06-09"
"85200026";"tuss-22";"Preparo para núcleo intrarradicular";"-";"2011-03-06";"2010-06-09"
"85200018";"tuss-22";"Clareamento de dente desvitalizado ";"-";"2011-03-06";"2010-06-09"
"85100269";"tuss-22";"Dessensibilização dentinária";"-";"2014-08-31";"2013-12-01"
"85100250";"tuss-22";"Aplicação de laser terapêutico";"-";"2014-08-31";"2013-12-01"
"85100242";"tuss-22";"Adequação do meio bucal";"-";"2014-08-31";"2013-12-01"
"85100234";"tuss-22";"Tratamento de fluorose - microabrasão";"-";"2011-03-06";"2010-06-09"
"85100226";"tuss-22";"Restauração em resina fotopolimerizável  4 faces";"-";"2011-03-06";"2010-06-09"
"85100218";"tuss-22";"Restauração em resina fotopolimerizável  3 faces";"-";"2011-03-06";"2010-06-09"
"85100200";"tuss-22";"Restauração em resina fotopolimerizável  2 faces";"-";"2011-03-06";"2010-06-09"
"85100196";"tuss-22";"Restauração em resina fotopolimerizável  1 face";"-";"2011-03-06";"2010-06-09"
"85100170";"tuss-22";"Restauração em resina (indireta) - Inlay";"-";"2011-03-06";"2010-06-09"
"85100161";"tuss-22";"Restauração em ionômero de vidro - 4 faces";"-";"2011-03-06";"2010-06-09"
"85100153";"tuss-22";"Restauração em ionômero de vidro - 3 faces";"-";"2011-03-06";"2010-06-09"
"85100145";"tuss-22";"Restauração em ionômero de vidro - 2 faces ";"-";"2011-03-06";"2010-06-09"
"85100137";"tuss-22";"Restauração em ionômero de vidro - 1 face";"-";"2011-03-06";"2010-06-09"
"85100129";"tuss-22";"Restauração de amálgama - 4 faces";"-";"2011-03-06";"2010-06-09"
"85100110";"tuss-22";"Restauração de amálgama - 3 faces";"-";"2011-03-06";"2010-06-09"
"85100102";"tuss-22";"Restauração de amálgama - 2 faces";"-";"2011-03-06";"2010-06-09"
"85100099";"tuss-22";"Restauração de amálgama  - 1 face";"-";"2011-03-06";"2010-06-09"
"85100080";"tuss-22";"Restauração atraumática em dente permanente";"-";"2011-03-06";"2010-06-09"
"85100072";"tuss-22";"Placa de Acetato para Clareamento Caseiro";"-";"2011-03-06";"2010-06-09"
"85100064";"tuss-22";"Faceta direta em resina fotopolimerizável";"-";"2011-03-06";"2010-06-09"
"85100056";"tuss-22";"Curativo de demora em endodontia";"-";"2011-03-06";"2010-06-09"
"85100048";"tuss-22";"Colagem de fragmentos dentários";"-";"2011-03-06";"2010-06-09"
"85100030";"tuss-22";"Clareamento dentário de consultório ";"-";"2011-03-06";"2010-06-09"
"85100021";"tuss-22";"Clareamento dentário caseiro";"-";"2011-03-06";"2010-06-09"
"85100013";"tuss-22";"Capeamento pulpar direto";"-";"2011-03-06";"2010-06-09"
"85000787";"tuss-22";"Imobilização dentária em dentes decíduos";"-";"2011-03-06";"2010-06-09"
"84000252";"tuss-22";"Teste de PH salivar";"-";"2011-03-06";"2010-06-09"
"84000236";"tuss-22";"Teste de contagem microbiológica";"-";"2011-03-06";"2010-06-09"
"84000228";"tuss-22";"Teste de capacidade tampão da saliva";"-";"2011-03-06";"2010-06-09"
"84000201";"tuss-22";"Remineralização";"-";"2011-03-06";"2010-06-09"
"84000198";"tuss-22";"Profilaxia: polimento coronário";"-";"2011-03-06";"2010-06-09"
"84000171";"tuss-22";"Controle de cárie incipiente";"-";"2011-03-06";"2010-06-09"
"84000163";"tuss-22";"Controle de biofilme (placa bacteriana)";"-";"2011-03-06";"2010-06-09"
"84000139";"tuss-22";"Atividade educativa em saúde bucal ";"-";"2011-03-06";"2010-06-09"
"84000112";"tuss-22";"Aplicação tópica de verniz fluoretado";"-";"2011-03-06";"2010-06-09"
"84000090";"tuss-22";"Aplicação tópica de flúor";"-";"2011-03-06";"2010-06-09"
"84000074";"tuss-22";"Aplicação de selante de fóssulas e fissuras";"-";"2011-03-06";"2010-06-09"
"84000058";"tuss-22";"Aplicação de selante - técnica invasiva";"-";"2011-03-06";"2010-06-09"
"84000031";"tuss-22";"Aplicação de cariostático";"-";"2011-03-06";"2010-06-09"
"84000015";"tuss-22";"Aparelho protetor bucal";"-";"2011-03-06";"2010-06-09"
"83000151";"tuss-22";"Tratamento endodôntico em dente decíduo ";"-";"2011-03-06";"2010-06-09"
"83000135";"tuss-22";"Restauração atraumática em dente decíduo";"-";"2011-03-06";"2010-06-09"
"83000127";"tuss-22";"Pulpotomia em dente decíduo";"-";"2011-03-06";"2010-06-09"
"83000100";"tuss-22";"Mantenedor de espaço removível";"-";"2011-03-06";"2010-06-09"
"83000097";"tuss-22";"Mantenedor de espaço fixo";"-";"2011-03-06";"2010-06-09"
"83000089";"tuss-22";"Exodontia simples de decíduo";"-";"2011-03-06";"2010-06-09"
"83000062";"tuss-22";"Coroa de policarbonato em dente decíduo";"-";"2011-03-06";"2010-06-09"
"83000046";"tuss-22";"Coroa de aço em dente decíduo";"-";"2011-03-06";"2010-06-09"
"83000020";"tuss-22";"Coroa de acetato em dente decíduo";"-";"2011-03-06";"2010-06-09"
"82001766";"tuss-22";"Placa de contenção cirúrgica";"-";"2014-08-31";"2013-12-01"
"82001758";"tuss-22";"Marsupialização de cistos odontológicos";"-";"2014-08-31";"2013-12-01"
"82001740";"tuss-22";"Exodontia de incluso/impactado supra numerário";"-";"2014-08-31";"2013-12-01"
"82001731";"tuss-22";"Exodontia de semi-incluso/impactado supra numerário";"-";"2014-08-31";"2013-12-01"
"82001723";"tuss-22";"Aplicação de laser pós cirúrgico";"-";"2014-08-31";"2013-12-01"
"82001715";"tuss-22";"Ulotomia ";"-";"2011-03-06";"2010-06-09"
"82001707";"tuss-22";"Ulectomia";"-";"2011-03-06";"2010-06-09"
"82001685";"tuss-22";"Tunelização";"-";"2011-03-06";"2010-06-09"
"82001669";"tuss-22";"Tratamento odontológico regenerativo com enxerto de osso autógeno";"-";"2011-03-06";"2010-06-09"
"82001650";"tuss-22";"Tratamento de alveolite ";"-";"2011-03-06";"2010-06-09"
"82001642";"tuss-22";"Tratamento conservador de luxação da articulação têmporo-mandibular - ATM ";"-";"2011-03-06";"2010-06-09"
"82001634";"tuss-22";"Tratamento Cirúrgico para tumores odontogênicos benignos - sem reconstrução";"-";"2011-03-06";"2010-06-09"
"82001618";"tuss-22";"Tratamento cirúrgico dos tumores benignos de tecidos moles na região buco-maxilo-facial";"-";"2011-03-06";"2010-06-09"
"82001596";"tuss-22";"Tratamento cirúrgico de tumores benignos de tecidos ósseos/cartilaginosos na região buco-maxilo-facial ";"-";"2011-03-06";"2010-06-09"
"82001588";"tuss-22";"Tratamento cirúrgico de hiperplasias de tecidos ósseos/cartilaginosos na região buco-maxilo-facial";"-";"2011-03-06";"2010-06-09"
"82001553";"tuss-22";"Tratamento cirúrgico de hiperplasias de tecidos moles na região buco-maxilo-facial";"-";"2011-03-06";"2010-06-09"
"82001545";"tuss-22";"Tratamento cirúrgico de bridas constritivas da região buco-maxilo-facial ";"-";"2011-03-06";"2010-06-09"
"82001529";"tuss-22";"Tratamento cirúrgico das fístulas buco sinusal";"-";"2011-03-06";"2010-06-09"
"82001510";"tuss-22";"Tratamento cirúrgico das fístulas buco nasal ";"-";"2011-03-06";"2010-06-09"
"82001502";"tuss-22";"Tracionamento cirúrgico com finalidade ortodôntica";"-";"2011-03-06";"2010-06-09"
"82001499";"tuss-22";"Sutura de ferida em região buco-maxilo-facial";"-";"2011-03-06";"2010-06-09"
"82001464";"tuss-22";"Sepultamento radicular";"-";"2011-03-06";"2010-06-09"
"82001456";"tuss-22";"Sedação medicamentosa ambulatorial em odontologia";"-";"2011-03-06";"2010-06-09"
"82001448";"tuss-22";"Sedação consciente com óxido nitroso e oxigênio em odontologia";"-";"2011-03-06";"2010-06-09"
"82001430";"tuss-22";"Retirada dos meios de fixação da região buco-maxilo-facial";"-";"2011-03-06";"2010-06-09"
"82001413";"tuss-22";"Retirada de corpo estranho subcutâneo ou submucoso da região buco-maxilo-facial";"-";"2011-03-06";"2010-06-09"
"82001391";"tuss-22";"Retirada de corpo estranho oroantral ou oronasal da região buco-maxilo-facial";"-";"2011-03-06";"2010-06-09"
"82001375";"tuss-22";"Remoção de tamponamento nasal";"-";"2011-03-06";"2010-06-09"
"82001367";"tuss-22";"Remoção de odontoma";"-";"2011-03-06";"2010-06-09"
"82001332";"tuss-22";"Remoção de implante dentário ósseo integrado no seio maxilar";"-";"2011-03-06";"2010-06-09"
"82001324";"tuss-22";"Remoção de implante dentário não ósseo integrado";"-";"2011-03-06";"2010-06-09"
"82001316";"tuss-22";"Remoção de dreno intra-oral";"-";"2011-03-06";"2010-06-09"
"82001308";"tuss-22";"Remoção de dreno extra-oral";"-";"2011-03-06";"2010-06-09"
"82001294";"tuss-22";"Remoção de dentes semi-inclusos / impactados";"-";"2011-03-06";"2010-06-09"
"82001286";"tuss-22";"Remoção de dentes inclusos / impactados";"-";"2011-03-06";"2010-06-09"
"82001251";"tuss-22";"Reimplante dentário com contenção";"-";"2011-03-06";"2010-06-09"
"82001243";"tuss-22";"Regeneração tecidual guiada - RTG";"-";"2011-03-06";"2010-06-09"
"82001235";"tuss-22";"Reeducação e/ou reabilitação de sequela em traumatismo buco-maxilo-facial ";"-";"2011-03-06";"2010-06-09"
"82001219";"tuss-22";"Reeducação e/ou reabilitação de distúrbio buco-maxilo-facial";"-";"2011-03-06";"2010-06-09"
"82001197";"tuss-22";"Redução simples de luxação de Articulação Têmporo-mandibular (ATM) ";"-";"2011-03-06";"2010-06-09"
"82001189";"tuss-22";"Redução incruenta de fratura alvéolo dentária";"-";"2011-03-06";"2010-06-09"
"82001170";"tuss-22";"Redução cruenta de fratura alvéolo dentária";"-";"2011-03-06";"2010-06-09"
"82001138";"tuss-22";"Reabertura - colocação de cicatrizador";"-";"2011-03-06";"2010-06-09"
"82001120";"tuss-22";"Punção aspirativa orientada por imagem na região buco-maxilo-facial";"-";"2011-03-06";"2010-06-09"
"82001103";"tuss-22";"Punção aspirativa na região buco-maxilo-facial";"-";"2011-03-06";"2010-06-09"
"82001073";"tuss-22";"Odonto-secção";"-";"2011-03-06";"2010-06-09"
"82001065";"tuss-22";"Levantamento do seio maxilar com osso liofilizado";"-";"2011-03-06";"2010-06-09"
"82001057";"tuss-22";"Levantamento do seio maxilar com osso homólogo";"-";"2011-03-06";"2010-06-09"
"82001049";"tuss-22";"Levantamento do seio maxilar com osso autógeno";"-";"2011-03-06";"2010-06-09"
"82001030";"tuss-22";"Incisão e Drenagem intra-oral de abscesso, hematoma e/ou flegmão da região buco-maxilo-facial";"-";"2011-03-06";"2010-06-09"
"82001022";"tuss-22";"Incisão e Drenagem extra-oral de abscesso, hematoma e/ou flegmão da região buco-maxilo-facial";"-";"2011-03-06";"2010-06-09"
"82001006";"tuss-22";"Implante Zigomático ";"-";"2011-03-06";"2010-06-09"
"82000980";"tuss-22";"Implante ósseo integrado ";"-";"2011-03-06";"2010-06-09"
"82000964";"tuss-22";"Implante ortodôntico ";"-";"2011-03-06";"2010-06-09"
"82000948";"tuss-22";"Gengivoplastia";"-";"2011-03-06";"2010-06-09"
"82000921";"tuss-22";"Gengivectomia";"-";"2011-03-06";"2010-06-09"
"82000913";"tuss-22";"Frenulotomia lingual";"-";"2011-03-06";"2010-06-09"
"82000905";"tuss-22";"Frenulotomia labial ";"-";"2011-03-06";"2010-06-09"
"82000891";"tuss-22";"Frenulectomia lingual";"-";"2011-03-06";"2010-06-09"
"82000883";"tuss-22";"Frenulectomia labial ";"-";"2011-03-06";"2010-06-09"
"82000875";"tuss-22";"Exodontia simples de permanente";"-";"2011-03-06";"2010-06-09"
"82000859";"tuss-22";"Exodontia de raiz residual";"-";"2011-03-06";"2010-06-09"
"82000832";"tuss-22";"Exodontia de permanente por indicação ortodôntica/protética";"-";"2011-03-06";"2010-06-09"
"82000816";"tuss-22";"Exodontia a retalho";"-";"2011-03-06";"2010-06-09"
"82000808";"tuss-22";"Exérese ou excisão de rânula ";"-";"2011-03-06";"2010-06-09"
"82000794";"tuss-22";"Exérese ou excisão de mucocele";"-";"2011-03-06";"2010-06-09"
"82000786";"tuss-22";"Exérese ou excisão de cistos odontológicos ";"-";"2011-03-06";"2010-06-09"
"82000778";"tuss-22";"Exérese ou excisão de cálculo salivar";"-";"2011-03-06";"2010-06-09"
"82000743";"tuss-22";"Exérese de lipoma na região buco-maxilo-facial";"-";"2011-03-06";"2010-06-09"
"82000700";"tuss-22";"Estabilização de paciente por meio de contenção física e/ou mecânica ";"-";"2011-03-06";"2010-06-09"
"82000689";"tuss-22";"Enxerto pediculado";"-";"2011-03-06";"2010-06-09"
"82000662";"tuss-22";"Enxerto gengival livre";"-";"2011-03-06";"2010-06-09"
"82000646";"tuss-22";"Enxerto conjuntivo subepitelial";"-";"2011-03-06";"2010-06-09"
"82000620";"tuss-22";"Enxerto com osso liofilizado";"-";"2011-03-06";"2010-06-09"
"82000603";"tuss-22";"Enxerto com osso autógeno do mento";"-";"2011-03-06";"2010-06-09"
"82000581";"tuss-22";"Enxerto com osso autógeno da linha oblíqua";"-";"2011-03-06";"2010-06-09"
"82000557";"tuss-22";"Cunha proximal ";"-";"2011-03-06";"2010-06-09"
"82000549";"tuss-22";"Crioterapia ou termoterapia em odontologia";"-";"2011-03-06";"2010-06-09"
"82000522";"tuss-22";"Criocirurgia de neoplasias da região buco-maxilo-facial ";"-";"2011-03-06";"2010-06-09"
"82000506";"tuss-22";"Controle pós-operatório em odontologia";"-";"2011-03-06";"2010-06-09"
"82000484";"tuss-22";"Controle de hemorragia sem aplicação de agente hemostático em região buco-maxilo-facial";"-";"2011-03-06";"2010-06-09"
"82000468";"tuss-22";"Controle de hemorragia com aplicação de agente hemostático em região buco-maxilo-facial";"-";"2011-03-06";"2010-06-09"
"82000441";"tuss-22";"Coleta de raspado em lesões ou sítios específicos da região buco-maxilo-facial";"-";"2011-03-06";"2010-06-09"
"82000417";"tuss-22";"Cirurgia periodontal a retalho";"-";"2011-03-06";"2010-06-09"
"82000395";"tuss-22";"Cirurgia para torus palatino";"-";"2011-03-06";"2010-06-09"
"82000387";"tuss-22";"Cirurgia para torus mandibular - unilateral ";"-";"2011-03-06";"2010-06-09"
"82000360";"tuss-22";"Cirurgia para torus mandibular - bilateral";"-";"2011-03-06";"2010-06-09"
"82000352";"tuss-22";"Cirurgia para exostose maxilar ";"-";"2011-03-06";"2010-06-09"
"82000344";"tuss-22";"Cirurgia odontológica com aplicação de aloenxertos";"-";"2011-03-06";"2010-06-09"
"82000336";"tuss-22";"Cirurgia odontológica a retalho";"-";"2011-03-06";"2010-06-09"
"82000301";"tuss-22";"Bridotomia";"-";"2011-03-06";"2010-06-09"
"82000298";"tuss-22";"Bridectomia ";"-";"2011-03-06";"2010-06-09"
"82000280";"tuss-22";"Biópsia de maxila";"-";"2011-03-06";"2010-06-09"
"82000212";"tuss-22";"Aumento de coroa clínica";"-";"2011-03-06";"2010-06-09"
"82000190";"tuss-22";"Aprofundamento/aumento de vestíbulo";"-";"2011-03-06";"2010-06-09"
"82000182";"tuss-22";"Apicetomia unirradiculares sem obturação retrógrada";"-";"2011-03-06";"2010-06-09"
"82000174";"tuss-22";"Apicetomia unirradiculares com obturação retrógrada";"-";"2011-03-06";"2010-06-09"
"82000166";"tuss-22";"Apicetomia multirradiculares sem obturação retrógrada";"-";"2011-03-06";"2010-06-09"
"82000158";"tuss-22";"Apicetomia multirradiculares com obturação retrógrada";"-";"2011-03-06";"2010-06-09"
"82000085";"tuss-22";"Apicetomia birradiculares sem obturação retrógrada";"-";"2011-03-06";"2010-06-09"
"82000077";"tuss-22";"Apicetomia birradiculares com obturação retrógrada";"-";"2011-03-06";"2010-06-09"
"82000069";"tuss-22";"Amputação radicular sem obturação retrógrada  ";"-";"2011-03-06";"2010-06-09"
"82000050";"tuss-22";"Amputação radicular com obturação retrógrada  ";"-";"2011-03-06";"2010-06-09"
"82000034";"tuss-22";"Alveoloplastia";"-";"2011-03-06";"2010-06-09"
"82000026";"tuss-22";"Acompanhamento de tratamento/procedimento cirúrgico em odontologia";"-";"2011-03-06";"2010-06-09"
"81000570";"tuss-22";"Técnica de localização radiográfica";"-";"2014-08-31";"2013-12-01"
"81000561";"tuss-22";"Radiografia lateral corpo da mandíbula";"-";"2014-08-31";"2013-12-01"
"81000553";"tuss-22";"Documentação odontológica em mídia digital";"-";"2014-08-31";"2013-12-01"
"81000545";"tuss-22";"Diagnóstico e tratamento de trismo";"-";"2014-08-31";"2013-12-01"
"81000537";"tuss-22";"Traçado Cefalométrico";"-";"2011-03-06";"2010-06-09"
"81000529";"tuss-22";"Tomografia convencional - linear ou multi-direcional ";"-";"2011-03-06";"2010-06-09"
"81000510";"tuss-22";"Tomografia computadorizada por feixe cônico - cone beam ";"-";"2011-03-06";"2010-06-09"
"81000480";"tuss-22";"Telerradiografia com traçado cefalométrico";"-";"2011-03-06";"2010-06-09"
"81000472";"tuss-22";"Telerradiografia ";"-";"2011-03-06";"2010-06-09"
"81000456";"tuss-22";"Slide";"-";"2011-03-06";"2010-06-09"
"81000430";"tuss-22";"Radiografia póstero-anterior ";"-";"2011-03-06";"2010-06-09"
"81000421";"tuss-22";"Radiografia periapical ";"-";"2011-03-06";"2010-06-09"
"81000413";"tuss-22";"Radiografia panorâmica de mandíbula/maxila (ortopantomografia) com traçado para implantes";"-";"2014-08-31";"2013-12-01"
"81000405";"tuss-22";"Radiografia panorâmica de mandíbula/maxila (ortopantomografia)  ";"-";"2011-03-06";"2010-06-09"
"81000375";"tuss-22";"Radiografia interproximal - bite-wing";"-";"2011-03-06";"2010-06-09"
"81000367";"tuss-22";"Radiografia da mão e punho - carpal ";"-";"2011-03-06";"2010-06-09"
"81000340";"tuss-22";"Radiografia da ATM ";"-";"2011-03-06";"2010-06-09"
"81000324";"tuss-22";"Radiografia antero-posterior";"-";"2011-03-06";"2010-06-09"
"81000308";"tuss-22";"Modelos ortodônticos";"-";"2011-03-06";"2010-06-09"
"81000294";"tuss-22";"Levantamento Radiográfico (Exame Radiodôntico)";"-";"2011-03-06";"2010-06-09"
"81000278";"tuss-22";"Fotografia ";"-";"2011-03-06";"2010-06-09"
"81000260";"tuss-22";"Diagnóstico por meio de procedimentos laboratoriais ";"-";"2011-03-06";"2010-06-09"
"81000243";"tuss-22";"Diagnóstico por meio de enceramento ";"-";"2011-03-06";"2010-06-09"
"81000235";"tuss-22";"Diagnóstico e tratamento de xerostomia";"-";"2011-03-06";"2010-06-09"
"81000219";"tuss-22";"Diagnóstico e tratamento de halitose";"-";"2011-03-06";"2010-06-09"
"81000200";"tuss-22";"Diagnóstico e tratamento de estomatite por candidose";"-";"2011-03-06";"2010-06-09"
"81000197";"tuss-22";"Diagnóstico e tratamento de estomatite herpética";"-";"2011-03-06";"2010-06-09"
"81000189";"tuss-22";"Diagnóstico e planejamento para tratamento odontológico";"-";"2011-03-06";"2010-06-09"
"81000170";"tuss-22";"Diagnóstico anatomopatológico em punção na região buco-maxilo-facial";"-";"2011-03-06";"2010-06-09"
"81000154";"tuss-22";"Diagnóstico anatomopatológico em peça cirúrgica na região buco-maxilo-facial";"-";"2011-03-06";"2010-06-09"
"81000138";"tuss-22";"Diagnóstico anatomopatológico em material de biópsia na região buco-maxilo-facial";"-";"2011-03-06";"2010-06-09"
"81000111";"tuss-22";"Diagnóstico anatomopatológico em citologia esfoliativa na região buco-maxilo-facial";"-";"2011-03-06";"2010-06-09"
"81000090";"tuss-22";"Consulta para Técnica de Clareamento Dentário Caseiro";"-";"2011-03-06";"2010-06-09"
"81000073";"tuss-22";"Consulta odontológica para avaliação técnica de auditoria  ";"-";"2011-03-06";"2010-06-09"
"81000065";"tuss-22";"Consulta odontológica inicial";"-";"2011-03-06";"2010-06-09"
"81000057";"tuss-22";"Consulta odontológica de Urgência 24 hs";"-";"2011-03-06";"2010-06-09"
"81000049";"tuss-22";"Consulta odontológica de Urgência";"-";"2011-03-06";"2010-06-09"
"81000030";"tuss-22";"Consulta odontológica ";"-";"2011-03-06";"2010-06-09"
"81000014";"tuss-22";"Condicionamento em Odontologia";"-";"2011-03-06";"2010-06-09"
"41501330";"tuss-22";"Paquimetria ultrassônica - monocular - indicação específica";"-";"2021-10-31";"2021-08-01"
"41501322";"tuss-22";"Angiotomografia ocular (ATO)";"-";"2021-10-31";"2021-08-01"
"41501314";"tuss-22";"Angiografia de grande angular (AGA)";"-";"2021-10-31";"2021-08-01"
"41501306";"tuss-22";"Perfusão pulmonar por tomografia por impedância elétrica";"-";"2021-10-31";"2021-08-01"
"41501292";"tuss-22";"Titulação da PEEP decremental orientada por tomografia por impedância elétrica";"-";"2021-10-31";"2021-08-01"
"41501284";"tuss-22";"Tomografia por impedância elétrica do tórax";"-";"2021-10-31";"2021-08-01"
"41501276";"tuss-22";"Biometria óptica ";"-";"2021-10-31";"2021-08-01"
"41501268";"tuss-22";"Pressão arterial peniana";"-";"2010-10-15";"2010-09-09"
"41501250";"tuss-22";"Pressão intra abdominal urológica";"-";"2010-10-15";"2009-02-13"
"41501241";"tuss-22";"Perfil de pressão uretral";"-";"2010-10-15";"2009-02-13"
"41501233";"tuss-22";"Oximetria venosa, perfil";"-";"2010-10-15";"2009-02-13"
"41501225";"tuss-22";"Oximetria arterial, perfil";"-";"2010-10-15";"2009-02-13"
"41501217";"tuss-22";"Injeção intracavernosa";"-";"2010-10-15";"2009-02-13"
"41501209";"tuss-22";"Medida de pressão hepática";"-";"2010-10-15";"2009-02-13"
"41501195";"tuss-22";"Pletismografia (qualquer tipo) por lateralidade ou território";"-";"2010-10-15";"2009-02-13"
"41501187";"tuss-22";"Medida de pressão segmentar (nos quatro segmentos)";"-";"2010-10-15";"2009-02-13"
"41501179";"tuss-22";"Fotopletismografia (venosa ou arterial) por lateralidade ou segmento";"-";"2010-10-15";"2009-02-13"
"41501144";"tuss-22";"Tomografia de coerência óptica - monocular";"-";"2010-10-15";"2009-02-13"
"41501136";"tuss-22";"Termometria cutânea (por lateralidade: pescoço, membros, bolsa escrotal, por território peniano)";"-";"2010-10-15";"2009-02-13"
"41501128";"tuss-22";"Paquimetria ultrassônica - monocular";"-";"2010-10-15";"2009-02-13"
"41501110";"tuss-22";"Medida de índice de artelhos com registro gráfico";"-";"2010-10-15";"2009-02-13"
"41501101";"tuss-22";"Investigação ultrassônica sem registro gráfico (qualquer área)";"-";"2010-10-15";"2009-02-13"
"41501098";"tuss-22";"Investigação ultrassônica com teste de stress em esteira e com registro gráfico";"-";"2010-10-15";"2009-02-13"
"41501080";"tuss-22";"Investigação ultrassônica com teste de stress e sem registro gráfico";"-";"2010-10-15";"2009-02-13"
"41501071";"tuss-22";"Investigação ultrassônica com teste de stress e com registro gráfico";"-";"2010-10-15";"2009-02-13"
"41501063";"tuss-22";"Investigação ultrassônica com registro gráfico (qualquer área)";"-";"2010-10-15";"2009-02-13"
"41501047";"tuss-22";"Dopplermetria dos cordões espermáticos";"-";"2010-10-15";"2009-02-13"
"41501020";"tuss-22";"Cavernosometria";"-";"2010-10-15";"2009-02-13"
"41501012";"tuss-22";"Biometria ultrassônica - monocular";"-";"2010-10-15";"2009-02-13"
"41401808";"tuss-22";"TESTE DE CONTATO BATERIA AGENTES OCUPACIONAIS";"-";"2018-03-31";"2018-01-01"
"41401794";"tuss-22";"TESTE DE CONTATO BATERIA MEDICAMENTOS/CORTICOIDES";"-";"2018-03-31";"2018-01-01"
"41401786";"tuss-22";"TESTE DE CONTATO BATERIA UNHAS";"-";"2018-03-31";"2018-01-01"
"41401778";"tuss-22";"TESTE DE CONTATO BATERIA CAPILAR";"-";"2018-03-31";"2018-01-01"
"41401760";"tuss-22";"TESTE DE CONTATO BATERIA REGIONAL";"-";"2018-03-31";"2018-01-01"
"41401751";"tuss-22";"TESTE DE CONTATO BATERIA COSMÉTICOS";"-";"2018-03-31";"2018-01-01"
"41401743";"tuss-22";"Teste de integridade do implante coclear unilateral";"-";"2021-10-31";"2021-08-01"
"41401719";"tuss-22";"Teste rápido para detecção da PAMG-1 para diagnóstico de ruptura de membranas fetais";"-";"2014-08-31";"2014-05-26"
"41401700";"tuss-22";"Teste de Wada";"-";"2014-08-31";"2012-10-10"
"41401697";"tuss-22";"Estudo da halitose";"-";"2014-08-31";"2012-10-10"
"41401689";"tuss-22";"Metabolismo de repouso";"-";"2014-08-31";"2012-10-10"
"41401670";"tuss-22";"Teste de fibronectina fetal - indicador bioquímico para parto prematuro";"-";"2014-08-31";"2012-10-10"
"41401662";"tuss-22";"Teste de estimulação muscúlo-esquelética \"in vitro\" (mínimo seis)";"-";"2010-10-15";"2010-09-09"
"41401654";"tuss-22";"Teste de fluxo salivar";"-";"2010-10-15";"2010-09-09"
"41401646";"tuss-22";"Testes cutâneos de contato (patch tests)";"-";"2010-10-15";"2009-02-13"
"41401638";"tuss-22";"Teste suplementar de sensibilidade";"-";"2010-10-15";"2009-02-13"
"41401620";"tuss-22";"Teste sensibilidade ao sal";"-";"2010-10-15";"2009-02-13"
"41401611";"tuss-22";"Teste de Wepmann";"-";"2010-10-15";"2009-02-13"
"41401603";"tuss-22";"Teste de Teller - binocular";"-";"2010-10-15";"2009-02-13"
"41401590";"tuss-22";"Teste de imagens";"-";"2010-10-15";"2009-02-13"
"41401581";"tuss-22";"Teste de Heald";"-";"2010-10-15";"2009-02-13"
"41401573";"tuss-22";"Estudo cito-alergológico (ECA)";"-";"2010-10-15";"2009-02-13"
"41401557";"tuss-22";"Repertorização";"-";"2010-10-15";"2009-02-13"
"41401549";"tuss-22";"Teste de monitorização contínua da glicose (TMCG)";"-";"2010-10-15";"2009-02-13"
"41401530";"tuss-22";"Teste cutâneo-alérgicos Epitelis de Animais";"-";"2010-10-15";"2009-02-13"
"41401522";"tuss-22";"Teste cutâneo-alérgicos para látex";"-";"2010-10-15";"2009-02-13"
"41401514";"tuss-22";"Oximetria não invasiva";"-";"2010-10-15";"2009-02-13"
"41401492";"tuss-22";"Testes vestibulares, com vecto-eletronistagmografia";"-";"2010-10-15";"2009-02-13"
"41401484";"tuss-22";"Testes vestibulares, com prova calórica, sem eletronistagmografia";"-";"2010-10-15";"2009-02-13"
"41401476";"tuss-22";"Testes vestibulares, com prova calórica, com eletronistagmografia";"-";"2010-10-15";"2009-02-13"
"41401468";"tuss-22";"Testes do desenvolvimento (escala de Denver e outras)";"-";"2010-10-15";"2009-02-13"
"41401450";"tuss-22";"Testes de contato por fotossensibilização - por substância, acima de 30";"-";"2010-10-15";"2009-02-13"
"41401441";"tuss-22";"Testes de contato por fotossensibilização - até 30 substâncias";"-";"2010-10-15";"2009-02-13"
"41401433";"tuss-22";"Testes de contato - por substância, acima de 30";"-";"2010-10-15";"2009-02-13"
"41401425";"tuss-22";"Testes de contato - até 30 substâncias";"-";"2010-10-15";"2009-02-13"
"41401417";"tuss-22";"Testes de aptidão em laboratório (agilidade, equilíbrio, tempo de reação e coordenação)";"-";"2010-10-15";"2009-02-13"
"41401409";"tuss-22";"Testes cutâneo-alérgicos para pólens";"-";"2010-10-15";"2009-02-13"
"41401395";"tuss-22";"Testes cutâneo-alérgicos para insetos hematófagos";"-";"2010-10-15";"2009-02-13"
"41401387";"tuss-22";"Testes cutâneo-alérgicos para fungos";"-";"2010-10-15";"2009-02-13"
"41401379";"tuss-22";"Testes cutâneo-alérgicos para alimentos";"-";"2010-10-15";"2009-02-13"
"41401360";"tuss-22";"Testes cutâneo-alérgicos para alérgenos da poeira";"-";"2010-10-15";"2009-02-13"
"41401352";"tuss-22";"Testes anaeróbicos em campo sem determinação do lactato sanguíneo";"-";"2010-10-15";"2009-02-13"
"41401344";"tuss-22";"Testes anaeróbicos em campo com determinação do lactato sanguíneo";"-";"2010-10-15";"2009-02-13"
"41401336";"tuss-22";"Testes aeróbicos em campo com telemetria da frequência cardíaca";"-";"2010-10-15";"2009-02-13"
"41401328";"tuss-22";"Testes aeróbicos em campo com medida de gases expirados";"-";"2010-10-15";"2009-02-13"
"41401310";"tuss-22";"Testes aeróbicos em campo com determinação do lactato sanguíneo";"-";"2010-10-15";"2009-02-13"
"41401301";"tuss-22";"Teste provocativo para glaucoma - binocular";"-";"2010-10-15";"2009-02-13"
"41401298";"tuss-22";"Teste para broncoespasmo de exercício";"-";"2010-10-15";"2009-02-13"
"41401280";"tuss-22";"Teste de SISI";"-";"2010-10-15";"2009-02-13"
"41401271";"tuss-22";"Teste de sensibilidade de contraste ou de cores - monocular";"-";"2010-10-15";"2009-02-13"
"41401263";"tuss-22";"Teste de prótese auditiva";"-";"2010-10-15";"2009-02-13"
"41401255";"tuss-22";"Teste de Mitsuda";"-";"2010-10-15";"2009-02-13"
"41401247";"tuss-22";"Teste de Huhner";"-";"2010-10-15";"2009-02-13"
"41401239";"tuss-22";"Teste de Hilger para paralisia facial";"-";"2010-10-15";"2009-02-13"
"41401220";"tuss-22";"Teste de glicerol (com eletrococleografia pré e pós)";"-";"2010-10-15";"2009-02-13"
"41401212";"tuss-22";"Teste de glicerol (com audiometria tonal limiar pré e pós)";"-";"2010-10-15";"2009-02-13"
"41401204";"tuss-22";"Teste de exercício em ergômetro com medida de gases expirados e eletrocardiograma";"-";"2010-10-15";"2009-02-13"
"41401190";"tuss-22";"Teste de exercício em ergômetro com medida de gases expirados (teste cardiopulmonar de exercício) com qualquer ergômetro";"-";"2010-10-15";"2009-02-13"
"41401182";"tuss-22";"Teste de exercício em ergômetro com  monitorização  do eletrocardiograma";"-";"2010-10-15";"2009-02-13"
"41401174";"tuss-22";"Teste de exercício em ergômetro com  monitorização  da frequência cardíaca";"-";"2010-10-15";"2009-02-13"
"41401166";"tuss-22";"Teste de exercício em ergômetro com   realização  de gasometria arterial";"-";"2010-10-15";"2009-02-13"
"41401158";"tuss-22";"Teste de exercício em ergômetro   com  determinação  do lactato sanguíneo";"-";"2010-10-15";"2009-02-13"
"41401140";"tuss-22";"Teste de exercício dos 4 segundos";"-";"2010-10-15";"2009-02-13"
"41401131";"tuss-22";"Teste de equilíbrio peritoneal (PET)";"-";"2010-10-15";"2009-02-13"
"41401123";"tuss-22";"Teste de desempenho anaeróbico em laboratório (T. de Wingate)";"-";"2010-10-15";"2009-02-13"
"41401115";"tuss-22";"Teste de caminhada de 6 minutos";"-";"2010-10-15";"2009-02-13"
"41401107";"tuss-22";"Teste de broncoprovocação";"-";"2010-10-15";"2009-02-13"
"41401093";"tuss-22";"Teste de adaptação patológica (tone decay test)";"-";"2010-10-15";"2009-02-13"
"41401085";"tuss-22";"Teste da histamina (duas áreas testadas)";"-";"2010-10-15";"2009-02-13"
"41401077";"tuss-22";"Provas imuno-alérgicas para fungos (por antígeno)";"-";"2010-10-15";"2009-02-13"
"41401069";"tuss-22";"Provas imuno-alérgicas para bactérias (por antígeno)";"-";"2010-10-15";"2009-02-13"
"41401050";"tuss-22";"Prova de Lombard";"-";"2010-10-15";"2009-02-13"
"41401042";"tuss-22";"Prova de auto-rotação cefálica";"-";"2010-10-15";"2009-02-13"
"41401026";"tuss-22";"Avaliação da função muscular (por movimento) com equipamento mecânico (dinamometria/módulos de cargas)";"-";"2010-10-15";"2009-02-13"
"41401018";"tuss-22";"Avaliação da função muscular (por movimento) com equipamento informatizado (isocinético)";"-";"2010-10-15";"2009-02-13"
"41301595";"tuss-22";"Mapeamento de retina - monocular - indicação específica";"-";"2021-10-31";"2021-08-01"
"41301587";"tuss-22";"Gonioscopia - binocular - indicação específica";"-";"2021-10-31";"2021-08-01"
"41301579";"tuss-22";"Tonometria - binocular - indicação específica";"-";"2021-10-31";"2021-08-01"
"41301560";"tuss-22";"Campimetria blue-yellow (perimetria azul amarelo)";"-";"2021-10-31";"2021-08-01"
"41301552";"tuss-22";"Vulvoscopia por vídeo";"-";"2014-08-31";"2012-10-10"
"41301544";"tuss-22";"Colposcopia por vídeo";"-";"2014-08-31";"2012-10-10"
"41301536";"tuss-22";"Colposcopia anal";"-";"2014-08-31";"2012-10-10"
"41301528";"tuss-22";"Cauterização de alta frequência em sistema genital e reprodutor feminino";"-";"2014-08-31";"2012-10-10"
"41301510";"tuss-22";"Topografia do disco óptico - HRT - binocular";"-";"2014-08-31";"2012-10-10"
"41301498";"tuss-22";"Exame neuro oftalmlógico";"-";"2014-08-31";"2012-10-10"
"41301480";"tuss-22";"Ceratoscopia computadorizada da córnea por orbscan, olho";"-";"2014-08-31";"2012-10-10"
"41301471";"tuss-22";"Teste do reflexo vermelho em recém nato (teste do olhinho)";"-";"2010-10-15";"2010-09-09"
"41301463";"tuss-22";"Triagem auditiva neonatal/infantil";"-";"2010-10-15";"2009-02-13"
"41301455";"tuss-22";"Olfatometria";"-";"2010-10-15";"2009-02-13"
"41301447";"tuss-22";"Glare (BAT) - binocular";"-";"2010-10-15";"2009-02-13"
"41301439";"tuss-22";"Fundoscopia sob medríases - binocular";"-";"2010-10-15";"2009-02-13"
"41301420";"tuss-22";"Biomicroscopia de fundo";"-";"2010-10-15";"2009-02-13"
"41301412";"tuss-22";"Calorimetria direta";"-";"2010-10-15";"2009-02-13"
"41301404";"tuss-22";"Avaliação da função muscular por movimento manual (por membro)";"-";"2010-10-15";"2009-02-13"
"41301390";"tuss-22";"Coleta de raspado dérmico em lesões e sítios específicos para baciloscopia";"-";"2010-10-15";"2024-02-01"
"41301382";"tuss-22";"Capilaroscopia periungueal";"-";"2010-10-15";"2009-02-13"
"41301374";"tuss-22";"Vulvoscopia (vulva e períneo)";"-";"2010-10-15";"2009-02-13"
"41301366";"tuss-22";"Visão subnormal - monocular";"-";"2010-10-15";"2009-02-13"
"41301358";"tuss-22";"Urofluxometria";"-";"2010-10-15";"2009-02-13"
"41301340";"tuss-22";"Urodinâmica completa";"-";"2010-10-15";"2009-02-13"
"41301331";"tuss-22";"Tricograma";"-";"2010-10-15";"2009-02-13"
"41301323";"tuss-22";"Tonometria - binocular";"-";"2010-10-15";"2009-02-13"
"41301315";"tuss-22";"Retinografia (só honorário) monocular";"-";"2010-10-15";"2009-02-13"
"41301307";"tuss-22";"Potencial de acuidade visual - monocular";"-";"2010-10-15";"2009-02-13"
"41301285";"tuss-22";"Peniscopia (inclui bolsa escrotal)";"-";"2010-10-15";"2009-02-13"
"41301277";"tuss-22";"Oftalmodinamometria - monocular";"-";"2010-10-15";"2009-02-13"
"41301269";"tuss-22";"Microscopia especular de córnea - monocular";"-";"2010-10-15";"2009-02-13"
"41301250";"tuss-22";"Mapeamento de retina (oftalmoscopia indireta) - monocular";"-";"2010-10-15";"2009-02-13"
"41301242";"tuss-22";"Gonioscopia - binocular";"-";"2010-10-15";"2009-02-13"
"41301234";"tuss-22";"Fotodermatoscopia (por lesão)";"-";"2010-10-15";"2009-02-13"
"41301226";"tuss-22";"Exame micológico direto (por local)";"-";"2010-10-15";"2009-02-13"
"41301218";"tuss-22";"Exame micológico - cultura e identificação de colônia";"-";"2010-10-15";"2009-02-13"
"41301200";"tuss-22";"Exame de motilidade ocular (teste ortóptico) - binocular";"-";"2010-10-15";"2009-02-13"
"41301188";"tuss-22";"Exame a fresco do conteúdo vaginal e cervical";"-";"2010-10-15";"2009-02-13"
"41301170";"tuss-22";"Avaliação de vias lacrimais (Teste de Schirmer) - monocular ";"-";"2010-10-15";"2009-02-13"
"41301161";"tuss-22";"Estesiometria (por membro)";"-";"2010-10-15";"2009-02-13"
"41301153";"tuss-22";"Estéreo-foto de papila - monocular";"-";"2010-10-15";"2009-02-13"
"41301145";"tuss-22";"Ereção fármaco-induzida";"-";"2010-10-15";"2009-02-13"
"41301137";"tuss-22";"Dermatoscopia (por lesão)";"-";"2010-10-15";"2009-02-13"
"41301129";"tuss-22";"Curva tensional diária - binocular";"-";"2010-10-15";"2009-02-13"
"41301110";"tuss-22";"Cordocentese";"-";"2010-10-15";"2009-02-13"
"41301102";"tuss-22";"Colposcopia (cérvice uterina e vagina)";"-";"2010-10-15";"2009-02-13"
"41301099";"tuss-22";"Coleta de material cérvico-vaginal";"-";"2010-10-15";"2009-02-13"
"41301080";"tuss-22";"Ceratoscopia computadorizada - monocular";"-";"2010-10-15";"2009-02-13"
"41301072";"tuss-22";"Campimetria manual - monocular";"-";"2010-10-15";"2009-02-13"
"41301064";"tuss-22";"Calorimetria indireta (ambulatorial) exame";"-";"2010-10-15";"2009-02-13"
"41301056";"tuss-22";"Biópsia do vilo corial";"-";"2010-10-15";"2009-02-13"
"41301048";"tuss-22";"Bioimpedanciometria (ambulatorial) exame";"-";"2010-10-15";"2009-02-13"
"41301030";"tuss-22";"Avaliação órbito-palpebral-exoftalmometria - binocular";"-";"2010-10-15";"2009-02-13"
"41301021";"tuss-22";"Angiografia com indocianina verde - monocular";"-";"2010-10-15";"2009-02-13"
"41301013";"tuss-22";"Angiofluoresceinografia - monocular";"-";"2010-10-15";"2009-02-13"
"41206070";"tuss-22";"Simulação de braquiterapia - 1 por inserção";"-";"2010-10-15";"2009-02-13"
"41206061";"tuss-22";"Planejamento não-computadorizado de braquiterapia - 1 por inserção";"-";"2010-10-15";"2009-02-13"
"41206053";"tuss-22";"Planejamento computadorizado tridimensional de braquiterapia - 1 por inserção";"-";"2010-10-15";"2009-02-13"
"41206045";"tuss-22";"Planejamento computadorizado de braquiterapia - 1 por inserção";"-";"2010-10-15";"2009-02-13"
"41206037";"tuss-22";"Colocação ou retirada dos cateteres - 1 colocação e 1 retirada por inserção ";"-";"2010-10-15";"2009-02-13"
"41206029";"tuss-22";"Colocação ou retirada da placa oftálmica - 1 colocação e 1 retirada por tratamento";"-";"2010-10-15";"2009-02-13"
"41206010";"tuss-22";"Filme de verificação (cheque-filme) de braquiterapia - 2 por inserção - filme à parte ";"-";"2010-10-15";"2009-02-13"
"41205120";"tuss-22";"Braquiterapia por moldagem ou contato, de alta taxa de dose (BATD) - por inserção";"-";"2010-10-15";"2009-02-13"
"41205111";"tuss-22";"Braquiterapia por moldagem ou contato de baixa taxa de dose (BBTD) com ouro, irídio ou iodo - por tratamento";"-";"2010-10-15";"2009-02-13"
"41205103";"tuss-22";"Braquiterapia por moldagem ou contato de baixa taxa de dose (BBTD) com Césio - por inserção";"-";"2010-10-15";"2009-02-13"
"41205090";"tuss-22";"Braquiterapia oftálmica de baixa taxa de dose (BBTD) - por inserção";"-";"2010-10-15";"2009-02-13"
"41205081";"tuss-22";"Braquiterapia intracavitária de baixa taxa de dose (BBTD) com Césio - por inserção";"-";"2010-10-15";"2009-02-13"
"41205073";"tuss-22";"Braquiterapia intracavitária de alta taxa de dose (BATD) - por inserção";"-";"2010-10-15";"2009-02-13"
"41205065";"tuss-22";"Braquiterapia intersticial de baixa taxa de dose (BBTD) com ouro, irídio ou iodo - por tratamento";"-";"2010-10-15";"2009-02-13"
"41205057";"tuss-22";"Braquiterapia intersticial de baixa taxa de dose (BBTD) permanente de próstata - por tratamento ";"-";"2010-10-15";"2009-02-13"
"41205049";"tuss-22";"Braquiterapia intersticial de baixa taxa de dose (BBTD) - com Césio - por inserção";"-";"2010-10-15";"2009-02-13"
"41205030";"tuss-22";"Braquiterapia intersticial de alta taxa de dose (BATD) - por inserção ";"-";"2010-10-15";"2009-02-13"
"41205022";"tuss-22";"Braquiterapia endoluminal de baixa taxa de dose (BBTD) - por inserção";"-";"2010-10-15";"2009-02-13"
"41205014";"tuss-22";"Braquiterapia endoluminal de alta taxa de dose (BATD) - por inserção";"-";"2010-10-15";"2009-02-13"
"41204107";"tuss-22";"Sistemas de imobilização - tórax, abdome ou pélvis - 1 por tratamento";"-";"2010-10-15";"2009-02-13"
"41204093";"tuss-22";"Sistemas de imobilização - cabeça (máscaras) ou membros - 1 por tratamento ";"-";"2010-10-15";"2009-02-13"
"41204085";"tuss-22";"Simulação de tratamento simples (sem tomografia computadorizada) - 1 por volume tratado ";"-";"2010-10-15";"2009-02-13"
"41204077";"tuss-22";"Simulação de tratamento intermediária (com tomografia) - 1 por volume tratado ";"-";"2010-10-15";"2009-02-13"
"41204069";"tuss-22";"Simulação de tratamento complexa (com tomografia e com contraste) - 1 por volume tratado";"-";"2010-10-15";"2009-02-13"
"41204050";"tuss-22";"Planejamento de tratamento simples (não computadorizado) - 1 por volume tratado";"-";"2010-10-15";"2009-02-13"
"41204042";"tuss-22";"Planejamento de tratamento computadorizado tridimensional - 1 por volume tratado";"-";"2010-10-15";"2009-02-13"
"41204034";"tuss-22";"Planejamento de tratamento computadorizado - 1 por volume tratado";"-";"2010-10-15";"2009-02-13"
"41204026";"tuss-22";"Filme de verificação (cheque-filme) - 1 por incidência planejada/semana - filme a parte ";"-";"2010-10-15";"2009-02-13"
"41204018";"tuss-22";"Colimação individual - 1 por incidência planejada";"-";"2010-10-15";"2009-02-13"
"41203216";"tuss-22";"Radioterapia intra-operatória por elétrons (IOeRT) - por tratamento";"-";"2021-06-30";"2021-04-01"
"41203208";"tuss-22";"Sangues e derivados (por unidade)";"-";"2014-08-31";"2012-10-10"
"41203194";"tuss-22";"Radioterapia Rotatória com unidade de cobalto - por volume tratado e por dia";"-";"2010-10-15";"2009-02-13"
"41203186";"tuss-22";"Radioterapia Rotatória com acelerador linear só com fótons - por volume tratado e por dia";"-";"2010-10-15";"2009-02-13"
"41203178";"tuss-22";"Radioterapia Rotatória com acelerador linear com fótons e elétrons - por volume tratado e por dia";"-";"2010-10-15";"2009-02-13"
"41203160";"tuss-22";"Radioterapia Intra-operatória (IORT) - por tratamento";"-";"2010-10-15";"2009-02-13"
"41203151";"tuss-22";"Radioterapia Externa de Ortovoltagem (Roentgenterapia) - por campo";"-";"2010-10-15";"2009-02-13"
"41203143";"tuss-22";"Radioterapia Estereotática - por dia subsequente";"-";"2010-10-15";"2009-02-13"
"41203135";"tuss-22";"Radioterapia Estereotática - 1º dia de tratamento";"-";"2010-10-15";"2009-02-13"
"41203127";"tuss-22";"Radioterapia de Pele Total (TSI) - por tratamento";"-";"2010-10-15";"2009-02-13"
"41203119";"tuss-22";"Radioterapia de Meio Corpo (HBI) - por dia de tratamento";"-";"2010-10-15";"2009-02-13"
"41203100";"tuss-22";"Radioterapia de Corpo Inteiro - por tratamento";"-";"2010-10-15";"2009-02-13"
"41203097";"tuss-22";"Radioterapia Convencional de Megavoltagem com Unidade de Telecobalto - por campo ";"-";"2010-10-15";"2009-02-13"
"41203089";"tuss-22";"Radioterapia Convencional de Megavoltagem com Acelerador Linear só com Fótons - por campo ";"-";"2010-10-15";"2009-02-13"
"41203070";"tuss-22";"Radioterapia Convencional de Megavoltagem com Acelerador Linear com Fótons e Elétrons - por campo ";"-";"2010-10-15";"2009-02-13"
"41203062";"tuss-22";"Radioterapia Conformada Tridimensional (RCT-3D)  com Acelerador Linear - por tratamento";"-";"2010-10-15";"2009-02-13"
"41203054";"tuss-22";"Radioterapia  com Modulação da Intensidade do Feixe (IMRT) - por tratamento";"-";"2010-10-15";"2009-02-13"
"41203046";"tuss-22";"Radiocirurgia (RTC) - nível 3, três lesões e/ou de mais de quatro isocentros - por tratamento ";"-";"2010-10-15";"2009-02-13"
"41203038";"tuss-22";"Radiocirurgia (RTC) - nível 2, duas lesões e/ou dois a quatro isocentros - por tratamento";"-";"2010-10-15";"2009-02-13"
"41203020";"tuss-22";"Radiocirurgia (RTC) - nível 1, lesão única e/ou um isocentro - por tratamento";"-";"2010-10-15";"2009-02-13"
"41203011";"tuss-22";"Betaterapia (placa de estrôncio) - por campo";"-";"2010-10-15";"2009-02-13"
"41103025";"tuss-22";"Laudo Evolutivo de Ressonância Magnética por procedimento";"-";"2023-12-31";"2023-10-01"
"41103017";"tuss-22";"Revisão da Ressonância Magnética por procedimento";"-";"2023-12-31";"2023-10-01"
"41102010";"tuss-22";"Artro-RM (incluir a punção articular) - por articulação";"-";"2010-10-15";"2009-02-13"
"41101669";"tuss-22";"RM para planejamento oncológico";"-";"2014-08-31";"2014-05-26"
"41101650";"tuss-22";"RM - Neuronavegador";"-";"2014-08-31";"2012-10-10"
"41101642";"tuss-22";"RM - Endovaginal";"-";"2014-08-31";"2012-10-10"
"41101634";"tuss-22";"RM - Endorretal ";"-";"2014-08-31";"2012-10-10"
"41101626";"tuss-22";"Angio-RM venosa de pescoço";"-";"2014-08-31";"2012-10-10"
"41101618";"tuss-22";"Angio-RM arterial de pescoço";"-";"2014-08-31";"2012-10-10"
"41101600";"tuss-22";"Angio-RM venosa de pelve";"-";"2014-08-31";"2012-10-10"
"41101596";"tuss-22";"Angio-RM arterial de pelve";"-";"2014-08-31";"2012-10-10"
"41101588";"tuss-22";"Angio-RM venosa de membro superior (unilateral)";"-";"2014-08-31";"2012-10-10"
"41101570";"tuss-22";"Angio-RM arterial de membro superior (unilateral)";"-";"2014-08-31";"2012-10-10"
"41101561";"tuss-22";"Angio-RM venosa de membro inferior (unilateral)";"-";"2014-08-31";"2012-10-10"
"41101553";"tuss-22";"Angio-RM arterial de membro inferior (unilateral) ";"-";"2014-08-31";"2012-10-10"
"41101545";"tuss-22";"Angio-RM venosa de crânio";"-";"2014-08-31";"2012-10-10"
"41101537";"tuss-22";"Angio-RM arterial de crânio ";"-";"2014-08-31";"2012-10-10"
"41101529";"tuss-22";"Angio-RM venosa de abdome superior";"-";"2014-08-31";"2012-10-10"
"41101510";"tuss-22";"Angio-RM arterial de abdome superior";"-";"2014-08-31";"2012-10-10"
"41101502";"tuss-22";"Angio-RM venosa pulmonar";"-";"2014-08-31";"2012-10-10"
"41101499";"tuss-22";"Angio-RM arterial pulmonar";"-";"2014-08-31";"2012-10-10"
"41101480";"tuss-22";"RM - Mama (bilateral) ";"-";"2014-08-31";"2012-10-10"
"41101472";"tuss-22";"RM - Planejamento";"-";"2014-08-31";"2012-10-10"
"41101464";"tuss-22";"RM - Multiparamétrica transretal da próstata";"-";"2014-08-31";"2012-10-10"
"41101456";"tuss-22";"RM - Difusão por RM";"-";"2014-08-31";"2012-10-10"
"41101448";"tuss-22";"RM - Tractografia";"-";"2014-08-31";"2012-10-10"
"41101430";"tuss-22";"RM - Avaliação de ferro (coração ou fígado)";"-";"2014-08-31";"2012-10-10"
"41101383";"tuss-22";"RM - Reconstrução tridimensional - acrescentar ao exame de base ";"-";"2010-10-15";"2009-02-13"
"41101375";"tuss-22";"Endoscopia virtual por RM - acrescentar ao exame de base";"-";"2010-10-15";"2009-02-13"
"41101359";"tuss-22";"Hidro-RM (colângio-RM ou uro-RM ou mielo-RM ou sialo-RM ou cistografia por RM)";"-";"2010-10-15";"2009-02-13"
"41101340";"tuss-22";"Angio-RM de aorta abdominal";"-";"2010-10-15";"2009-02-13"
"41101332";"tuss-22";"Angio-RM de aorta torácica";"-";"2010-10-15";"2009-02-13"
"41101316";"tuss-22";"RM - Articular (por articulação) ";"-";"2010-10-15";"2009-02-13"
"41101308";"tuss-22";"RM - Pé (antepé) - não inclui tornozelo ";"-";"2010-10-15";"2009-02-13"
"41101294";"tuss-22";"RM - Perna (unilateral) ";"-";"2010-10-15";"2009-02-13"
"41101286";"tuss-22";"RM - Coxa (unilateral) ";"-";"2010-10-15";"2009-02-13"
"41101278";"tuss-22";"RM - Bacia (articulações sacroilíacas)";"-";"2010-10-15";"2009-02-13"
"41101260";"tuss-22";"RM - Mão (não inclui punho) ";"-";"2010-10-15";"2009-02-13"
"41101251";"tuss-22";"RM - Membro superior unilateral (não inclui mão e articulações) ";"-";"2010-10-15";"2009-02-13"
"41101243";"tuss-22";"RM - Plexo braquial (desfiladeiro torácico) ou lombossacral (não inclui coluna cervical ou lombar) ";"-";"2010-10-15";"2009-02-13"
"41101235";"tuss-22";"RM - Fluxo liquórico (como complementar) ";"-";"2010-10-15";"2009-02-13"
"41101227";"tuss-22";"RM - Coluna cervical ou dorsal ou lombar";"-";"2010-10-15";"2009-02-13"
"41101219";"tuss-22";"RM - Bolsa escrotal";"-";"2010-10-15";"2009-02-13"
"41101200";"tuss-22";"RM - Pênis ";"-";"2010-10-15";"2009-02-13"
"41101197";"tuss-22";"RM - Fetal";"-";"2010-10-15";"2009-02-13"
"41101189";"tuss-22";"RM - Pelve (não inclui articulações coxofemorais)";"-";"2010-10-15";"2009-02-13"
"41101170";"tuss-22";"RM - Abdome superior (fígado, pâncreas, baço, rins, supra-renais, retroperitônio)";"-";"2010-10-15";"2009-02-13"
"41101154";"tuss-22";"RM - Coração - morfológico e funcional + perfusão + viabilidade miocárdica";"-";"2010-10-15";"2009-02-13"
"41101146";"tuss-22";"RM - Coração - morfológico e funcional + perfusão + estresse ";"-";"2010-10-15";"2009-02-13"
"41101138";"tuss-22";"RM - Coração - morfológico e funcional ";"-";"2010-10-15";"2009-02-13"
"41101120";"tuss-22";"RM - Tórax (mediastino, pulmão, parede torácica) ";"-";"2010-10-15";"2009-02-13"
"41101111";"tuss-22";"RM - Pescoço (nasofaringe, orofaringe, laringe, traquéia, tireóide, paratireóide)";"-";"2010-10-15";"2009-02-13"
"41101103";"tuss-22";"RM - Articulação temporomandibular (bilateral) ";"-";"2010-10-15";"2009-02-13"
"41101090";"tuss-22";"RM - Face (inclui seios da face) ";"-";"2010-10-15";"2009-02-13"
"41101081";"tuss-22";"RM - Ossos temporais bilateral ";"-";"2010-10-15";"2009-02-13"
"41101073";"tuss-22";"RM - Órbita bilateral ";"-";"2010-10-15";"2009-02-13"
"41101065";"tuss-22";"Espectroscopia por RM";"-";"2010-10-15";"2009-02-13"
"41101057";"tuss-22";"Perfusão cerebral por RM";"-";"2010-10-15";"2009-02-13"
"41101049";"tuss-22";"Estudo funcional (mapeamento cortical por RM)";"-";"2010-10-15";"2009-02-13"
"41101030";"tuss-22";"RM - Base do crânio";"-";"2010-10-15";"2009-02-13"
"41101022";"tuss-22";"RM - Sela túrcica (hipófise)";"-";"2010-10-15";"2009-02-13"
"41101014";"tuss-22";"RM - Crânio (encéfalo) ";"-";"2010-10-15";"2009-02-13"
"41003020";"tuss-22";"Laudo Evolutivo de Tomografia Computadorizada por procedimento";"-";"2023-12-31";"2023-10-01"
"41003012";"tuss-22";"Revisão de Tomografia Computadorizada por procedimento";"-";"2023-12-31";"2023-10-01"
"41002059";"tuss-22";"Artro-TC (esternoclavicular ou ombro ou cotovelo ou punho ou sacroilíaca ou coxofemoral ou joelho ou tornozelo ou pé) - unilateral";"-";"2014-08-31";"2024-12-01"
"41002040";"tuss-22";"TC - Punção para introdução de contraste (acrescentar o exame de base)";"-";"2014-08-31";"2012-10-10"
"41002032";"tuss-22";"Drenagem percutânea orientada por TC (acrescentar o exame de base)";"-";"2010-10-15";"2009-02-13"
"41002016";"tuss-22";"Tomomielografia (até 3 segmentos) - acrescentar a TC da coluna e incluir a punção";"-";"2010-10-15";"2009-02-13"
"41001532";"tuss-22";"TC para planejamento oncológico";"-";"2014-08-31";"2014-05-26"
"41001524";"tuss-22";"Angiotomografia venosa pulmonar";"-";"2014-08-31";"2012-10-10"
"41001516";"tuss-22";"Angiotomografia arterial pulmonar";"-";"2014-08-31";"2012-10-10"
"41001508";"tuss-22";"Angiotomografia venosa de membro superior";"-";"2014-08-31";"2012-10-10"
"41001494";"tuss-22";"Angiotomografia arterial de membro superior";"-";"2014-08-31";"2012-10-10"
"41001486";"tuss-22";"Angiotomografia venosa de membro inferior";"-";"2014-08-31";"2012-10-10"
"41001478";"tuss-22";"Angiotomografia arterial de membro inferior";"-";"2014-08-31";"2012-10-10"
"41001460";"tuss-22";"Angiotomografia venosa de pelve";"-";"2014-08-31";"2012-10-10"
"41001451";"tuss-22";"Angiotomografia arterial de pelve";"-";"2014-08-31";"2012-10-10"
"41001443";"tuss-22";"Angiotomografia venosa de abdome superior";"-";"2014-08-31";"2012-10-10"
"41001435";"tuss-22";"Angiotomografia arterial de abdome superior";"-";"2014-08-31";"2012-10-10"
"41001427";"tuss-22";"Angiotomografia venosa de tórax";"-";"2014-08-31";"2012-10-10"
"41001419";"tuss-22";"Angiotomografia arterial de tórax";"-";"2014-08-31";"2012-10-10"
"41001400";"tuss-22";"Angiotomografia venosa de pescoço";"-";"2014-08-31";"2012-10-10"
"41001397";"tuss-22";"Angiotomografia arterial de pescoço";"-";"2014-08-31";"2012-10-10"
"41001389";"tuss-22";"Angiotomografia venosa de crânio ";"-";"2014-08-31";"2012-10-10"
"41001370";"tuss-22";"Angiotomografia arterial de crânio";"-";"2014-08-31";"2012-10-10"
"41001362";"tuss-22";"TC - Vias urinárias (Urotomografia)";"-";"2014-08-31";"2012-10-10"
"41001354";"tuss-22";"TC - Articular dinâmica ";"-";"2014-08-31";"2012-10-10"
"41001346";"tuss-22";"TC - Multifase (dinâmica)";"-";"2014-08-31";"2012-10-10"
"41001338";"tuss-22";"TC - Radiocirurgia esterotáxica ";"-";"2014-08-31";"2012-10-10"
"41001320";"tuss-22";"TC - Tomossíntese digital mamária";"-";"2014-08-31";"2012-10-10"
"41001311";"tuss-22";"PET-CT neurológico";"-";"2014-08-31";"2012-10-10"
"41001303";"tuss-22";"PET-CT infecção";"-";"2014-08-31";"2012-10-10"
"41001290";"tuss-22";"PET-CT cardiológico";"-";"2014-08-31";"2012-10-10"
"41001281";"tuss-22";"TC - Maxilar";"-";"2014-08-31";"2012-10-10"
"41001273";"tuss-22";"TC - Mandíbula";"-";"2014-08-31";"2012-10-10"
"41001265";"tuss-22";"TC - Colonoscopia virtual";"-";"2014-08-31";"2012-10-10"
"41001257";"tuss-22";"TC - Cisternografia por tomografia";"-";"2014-08-31";"2012-10-10"
"41001249";"tuss-22";"TC - Artérias de membro superior";"-";"2014-08-31";"2012-10-10"
"41001230";"tuss-22";"TC - Angiotomografia coronariana";"-";"2014-08-31";"2012-10-10"
"41001222";"tuss-22";"TC para PET dedicado oncológico";"-";"2010-10-15";"2009-02-13"
"41001214";"tuss-22";"Endoscopia virtual de qualquer órgão ou estrutura por TC - acrescentar ao exame de base";"-";"2010-10-15";"2009-02-13"
"41001206";"tuss-22";"TC - Reconstrução tridimensional de qualquer órgão ou estrutura - acrescentar ao exame de base";"-";"2010-10-15";"2009-02-13"
"41001192";"tuss-22";"TC - Escanometria digital ";"-";"2010-10-15";"2009-02-13"
"41001184";"tuss-22";"Angiotomografia de aorta abdominal";"-";"2010-10-15";"2009-02-13"
"41001176";"tuss-22";"Angiotomografia de aorta torácica";"-";"2010-10-15";"2009-02-13"
"41001150";"tuss-22";"TC - Segmento apendicular (braço ou antebraço ou mão ou coxa ou perna ou pé) - unilateral";"-";"2010-10-15";"2009-02-13"
"41001141";"tuss-22";"TC - Articulação (esternoclavicular ou ombro ou cotovelo ou punho ou sacroilíaca ou coxofemoral ou joelho ou tornozelo ou pé) - unilateral";"-";"2010-10-15";"2025-02-01"
"41001133";"tuss-22";"TC - Coluna - segmento adicional ";"-";"2010-10-15";"2009-02-13"
"41001125";"tuss-22";"TC - Coluna cervical ou dorsal ou lombo-sacra (até 3 segmentos)";"-";"2010-10-15";"2009-02-13"
"41001117";"tuss-22";"TC - Pelve ou bacia";"-";"2010-10-15";"2009-02-13"
"41001109";"tuss-22";"TC - Abdome superior ";"-";"2010-10-15";"2009-02-13"
"41001095";"tuss-22";"TC - Abdome total (abdome superior, pelve e retroperitônio) ";"-";"2010-10-15";"2009-02-13"
"41001087";"tuss-22";"TC - Coração - para avaliação do escore de cálcio coronariano ";"-";"2010-10-15";"2009-02-13"
"41001079";"tuss-22";"TC - Tórax ";"-";"2010-10-15";"2009-02-13"
"41001060";"tuss-22";"TC - Pescoço (partes moles, laringe, tireóide, faringe e glândulas salivares)";"-";"2010-10-15";"2009-02-13"
"41001052";"tuss-22";"TC - Dental (dentascan) ";"-";"2010-10-15";"2009-02-13"
"41001044";"tuss-22";"TC - Articulações temporomandibulares ";"-";"2010-10-15";"2009-02-13"
"41001036";"tuss-22";"TC - Face ou seios da face";"-";"2010-10-15";"2009-02-13"
"41001028";"tuss-22";"TC - Mastóides ou orelhas";"-";"2010-10-15";"2009-02-13"
"41001010";"tuss-22";"TC - Crânio ou sela túrcica ou órbitas ";"-";"2010-10-15";"2009-02-13"
"40903010";"tuss-22";"Laudo Evolutivo de Ultrassonografia por procedimento";"-";"2023-12-31";"2023-10-01"
"40902145";"tuss-22";"Ecodopplercardiograma intracardíaco";"-";"2014-08-31";"2012-10-10"
"40902137";"tuss-22";"Monitorização por Doppler transcraniano ";"-";"2010-10-15";"2010-09-09"
"40902129";"tuss-22";"Redução de invaginação intestinal por enema, orientada por US (acrescentar o exame de base)";"-";"2010-10-15";"2009-02-13"
"40902110";"tuss-22";"Drenagem percutânea orientada por US (acrescentar o exame de base)";"-";"2010-10-15";"2009-02-13"
"40902080";"tuss-22";"Ecodopplercardiograma transoperatório (transesofágico ou epicárdico) - por hora suplementar";"-";"2010-10-15";"2009-02-13"
"40902072";"tuss-22";"Ecodopplercardiograma transoperatório (transesofágico ou epicárdico) (1ª hora)";"-";"2010-10-15";"2009-02-13"
"40902064";"tuss-22";"Doppler colorido intra-operatório";"-";"2010-10-15";"2009-02-13"
"40902056";"tuss-22";"US - Intra-operatório ";"-";"2010-10-15";"2009-02-13"
"40902048";"tuss-22";"US - Próstata transretal com biópsia - mais de 8 fragmentos";"-";"2010-10-15";"2009-02-13"
"40902030";"tuss-22";"US - Próstata transretal com biópsia - até 8 fragmentos";"-";"2010-10-15";"2009-02-13"
"40902021";"tuss-22";"US - Obstétrica 1º trimestre com punção: biópsia ou aspirativa ";"-";"2010-10-15";"2009-02-13"
"40902013";"tuss-22";"US - Obstétrica: com amniocentese";"-";"2010-10-15";"2009-02-13"
"40901858";"tuss-22";"US - Pesquisa de endometriose";"-";"2023-10-31";"2023-08-01"
"40901840";"tuss-22";"Elastografia por onda de cisalhamento (shear wave) de estrutura superficial dirigida por ultrassonografia modo B (mama ou cervical ou axila ou músculo ou tendão ou tireóide)";"-";"2021-10-31";"2021-08-01"
"40901831";"tuss-22";"Elastografia por onda de cisalhamento (shear wave) da próstata dirigida por ultrassonografia modo B";"-";"2021-10-31";"2021-08-01"
"40901823";"tuss-22";"US - Vascular com contraste microbolhas";"-";"2021-09-30";"2021-07-01"
"40901815";"tuss-22";"US - Órgão ou estrutura isolada com contrate microbolhas";"-";"2021-10-31";"2021-08-01"
"40901807";"tuss-22";"Ecocardiograma transtorácico com STRAIN bidirecional (inclui transtorácico)";"-";"2021-10-31";"2021-08-01"
"40901793";"tuss-22";"ELASTOGRAFIA HEPÁTICA ULTRASSÔNICA";"-";"2018-03-31";"2018-01-01"
"40901785";"tuss-22";"Ecocardiograma transesofágico tridimensional";"-";"2021-10-31";"2021-08-01"
"40901777";"tuss-22";"Ecocardiograma transtorácico tridimensional";"-";"2021-10-31";"2021-08-01"
"40901769";"tuss-22";"US - Aparelho urinário (rins, ureteres e bexiga)";"-";"2014-08-31";"2012-10-10"
"40901750";"tuss-22";"US - Próstata (via abdominal)";"-";"2014-08-31";"2012-10-10"
"40901742";"tuss-22";"US - Transretal Radial";"-";"2014-08-31";"2012-10-10"
"40901734";"tuss-22";"US - Peça cirúgica";"-";"2014-08-31";"2012-10-10"
"40901726";"tuss-22";"US - Neurossonografia fetal";"-";"2014-08-31";"2012-10-10"
"40901718";"tuss-22";"Ecodopplercardiograma para ajuste de marca-passo";"-";"2014-08-31";"2012-10-10"
"40901700";"tuss-22";"Ecodopplercardiograma sob estresse físico ou farmacológico com contraste";"-";"2014-08-31";"2012-10-10"
"40901696";"tuss-22";"US - Ecodopplercardiograma com estresse físico";"-";"2014-08-31";"2012-10-10"
"40901688";"tuss-22";"US - Adicional de reconstrução 3D - ECO";"-";"2014-08-31";"2012-10-10"
"40901670";"tuss-22";"US - Prova de Boyden";"-";"2014-08-31";"2012-10-10"
"40901661";"tuss-22";"US - Ecodoppler de carótidas";"-";"2014-08-31";"2012-10-10"
"40901653";"tuss-22";"US - Ecocardiograma com Doppler tecidual para ressincronização";"-";"2014-08-31";"2012-10-10"
"40901645";"tuss-22";"US - Ecocardiograma com Doppler convencional - carótidas";"-";"2014-08-31";"2012-10-10"
"40901637";"tuss-22";"US - Ecocardiograma com Doppler convencional - artérias";"-";"2014-08-31";"2012-10-10"
"40901629";"tuss-22";"US - Ecodopplercardiograma com análise do sincronismo cardíaco";"-";"2014-08-31";"2012-10-10"
"40901610";"tuss-22";"US - Crânio para criança";"-";"2014-08-31";"2012-10-10"
"40901602";"tuss-22";"Doppler transcraniano";"-";"2010-10-15";"2010-09-09"
"40901599";"tuss-22";"US - Estudo sonográfico dinâmico das vias urinárias (feminino)";"-";"2010-10-15";"2010-09-09"
"40901580";"tuss-22";"US - Estudo sonográfico dinâmico das vias urinárias (masculino)";"-";"2010-10-15";"2010-09-09"
"40901572";"tuss-22";"Ultrassom com doppler abdôme total e pelve feminino";"-";"2010-10-15";"2009-02-13"
"40901564";"tuss-22";"Ecoencefalograma";"-";"2010-10-15";"2009-02-13"
"40901556";"tuss-22";"Ecocardiografia fetal gestação múltipla";"-";"2010-10-15";"2009-02-13"
"40901548";"tuss-22";"Doppler convencional órgão/estrutura isolada";"-";"2010-10-15";"2009-02-13"
"40901530";"tuss-22";"Ultrassonografia diagnóstica - monocular";"-";"2010-10-15";"2009-02-13"
"40901521";"tuss-22";"Ultrassonografia biomicroscópica - monocular";"-";"2010-10-15";"2009-02-13"
"40901513";"tuss-22";"Doppler colorido de artérias penianas (sem fármaco indução)";"-";"2010-10-15";"2009-02-13"
"40901505";"tuss-22";"US - Obstétrica: perfil biofísico fetal ";"-";"2010-10-15";"2009-02-13"
"40901491";"tuss-22";"US - Tridimensional - acrescentar ao exame de base ";"-";"2010-10-15";"2009-02-13"
"40901483";"tuss-22";"Doppler colorido venoso de membro inferior - unilateral ";"-";"2010-10-15";"2009-02-13"
"40901475";"tuss-22";"Doppler colorido arterial de membro inferior - unilateral ";"-";"2010-10-15";"2009-02-13"
"40901467";"tuss-22";"Doppler colorido venoso de membro superior - unilateral ";"-";"2010-10-15";"2009-02-13"
"40901459";"tuss-22";"Doppler colorido arterial de membro superior - unilateral ";"-";"2010-10-15";"2009-02-13"
"40901440";"tuss-22";"Doppler colorido peniano com fármaco-indução";"-";"2010-10-15";"2009-02-13"
"40901432";"tuss-22";"Doppler colorido de veia cava superior ou inferior ";"-";"2010-10-15";"2009-02-13"
"40901424";"tuss-22";"Doppler colorido de hemangioma ";"-";"2010-10-15";"2009-02-13"
"40901416";"tuss-22";"Doppler colorido de artérias viscerais (mesentéricas superior e inferior e tronco celíaco) ";"-";"2010-10-15";"2009-02-13"
"40901408";"tuss-22";"Doppler colorido de aorta e ilíacas";"-";"2010-10-15";"2009-02-13"
"40901394";"tuss-22";"Doppler colorido de aorta e artérias renais ";"-";"2010-10-15";"2009-02-13"
"40901386";"tuss-22";"Doppler colorido de órgão ou estrutura isolada ";"-";"2010-10-15";"2009-02-13"
"40901378";"tuss-22";"Doppler colorido de vasos cervicais venosos bilateral (subclávias e jugulares)";"-";"2010-10-15";"2009-02-13"
"40901360";"tuss-22";"Doppler colorido de vasos cervicais arteriais bilateral (carótidas e vertebrais) ";"-";"2010-10-15";"2009-02-13"
"40901351";"tuss-22";"Doppler colorido transfontanela ";"-";"2010-10-15";"2009-02-13"
"40901335";"tuss-22";"US - Próstata transretal (não inclui abdome inferior masculino)";"-";"2010-10-15";"2009-02-13"
"40901327";"tuss-22";"US - Histerossonografia";"-";"2010-10-15";"2009-02-13"
"40901319";"tuss-22";"US - Transvaginal para controle de ovulação (3 ou mais exames)";"-";"2010-10-15";"2009-02-13"
"40901300";"tuss-22";"US - Transvaginal (útero, ovário, anexos e vagina) ";"-";"2010-10-15";"2009-02-13"
"40901297";"tuss-22";"US - Obstétrica 1º trimestre (endovaginal) ";"-";"2010-10-15";"2009-02-13"
"40901289";"tuss-22";"US - Obstétrica gestação múltipla com Doppler colorido: cada feto ";"-";"2010-10-15";"2009-02-13"
"40901270";"tuss-22";"US - Obstétrica gestação múltipla: cada feto";"-";"2010-10-15";"2009-02-13"
"40901262";"tuss-22";"US - Obstétrica morfológica ";"-";"2010-10-15";"2009-02-13"
"40901254";"tuss-22";"US - Obstétrica com translucência nucal";"-";"2010-10-15";"2009-02-13"
"40901246";"tuss-22";"US - Obstétrica com Doppler colorido ";"-";"2010-10-15";"2009-02-13"
"40901238";"tuss-22";"US - Obstétrica";"-";"2010-10-15";"2009-02-13"
"40901220";"tuss-22";"US - Articular (por articulação)";"-";"2010-10-15";"2009-02-13"
"40901211";"tuss-22";"US - Estruturas superficiais (cervical ou axila ou músculo ou tendão)";"-";"2010-10-15";"2020-09-01"
"40901203";"tuss-22";"US - Órgãos superficiais (tireóide ou escroto ou pênis ou crânio) ";"-";"2010-10-15";"2009-02-13"
"40901190";"tuss-22";"US - Dermatológico - pele e subcutâneo";"-";"2010-10-15";"2009-02-13"
"40901181";"tuss-22";"US - Abdome inferior feminino (bexiga, útero, ovário e anexos) ";"-";"2010-10-15";"2009-02-13"
"40901173";"tuss-22";"US - Abdome inferior masculino (bexiga, próstata e vesículas seminais)";"-";"2010-10-15";"2009-02-13"
"40901149";"tuss-22";"US - Retroperitônio (grandes vasos ou adrenais) ";"-";"2010-10-15";"2009-02-13"
"40901130";"tuss-22";"US - Abdome superior (fígado, vias biliares, vesícula, pâncreas e baço) ";"-";"2010-10-15";"2009-02-13"
"40901122";"tuss-22";"US - Abdome total (abdome superior, rins, bexiga, aorta, veia cava inferior e adrenais)";"-";"2010-10-15";"2009-02-13"
"40901114";"tuss-22";"US - Mamas";"-";"2010-10-15";"2009-02-13"
"40901106";"tuss-22";"Ecodopplercardiograma transtorácico";"-";"2010-10-15";"2009-02-13"
"40901092";"tuss-22";"Ecodopplercardiograma transesofágico (inclui transtorácico)";"-";"2010-10-15";"2009-02-13"
"40901084";"tuss-22";"Ecodopplercardiograma fetal com mapeamento de fluxo em cores - por feto";"-";"2010-10-15";"2009-02-13"
"40901076";"tuss-22";"Ecodopplercardiograma com estresse farmacológico";"-";"2010-10-15";"2009-02-13"
"40901068";"tuss-22";"Ecodopplercardiograma com contraste para perfusão miocárdica - em repouso";"-";"2010-10-15";"2009-02-13"
"40901050";"tuss-22";"Ecodopplercardiograma com contraste intracavitário";"-";"2010-10-15";"2009-02-13"
"40901041";"tuss-22";"US - Torácico extracardíaco";"-";"2010-10-15";"2009-02-13"
"40901033";"tuss-22";"US - Glândulas salivares (todas) ";"-";"2010-10-15";"2009-02-13"
"40901025";"tuss-22";"US - Globo ocular com Doppler colorido - bilateral ";"-";"2010-10-15";"2009-02-13"
"40901017";"tuss-22";"US - Globo ocular - bilateral";"-";"2010-10-15";"2009-02-13"
"40814238";"tuss-22";"Termoablação para nódulos benignos de tireoide";"-";"2021-10-31";"2021-08-01"
"40814220";"tuss-22";"Trombectomia no acidente vascular cerebral AVC isquêmico agudo";"-";"2022-06-30";"2022-04-01"
"40814211";"tuss-22";"Radioembolização hepática";"-";"2021-10-31";"2021-08-01"
"40814203";"tuss-22";"Neurólise de plexo nervoso guiado por tomografia computadorizada";"-";"2021-10-31";"2021-08-01"
"40814190";"tuss-22";"Embolização das artérias prostáticas, por vaso ";"-";"2021-10-31";"2021-08-01"
"40814181";"tuss-22";"Ablação percutânea de tumor renal (qualquer método) ";"-";"2021-10-31";"2021-08-01"
"40814173";"tuss-22";"Escleroterapia de cistos (renais, hepáticos, ovarianos), orientada por imagem ";"-";"2014-08-31";"2012-10-10"
"40814165";"tuss-22";"Esclerose percutânea de nódulos benignos dirigida por RX, US, TC ou RM";"-";"2010-10-15";"2010-09-09"
"40814157";"tuss-22";"Manipulação de drenos pós-drenagem (orientada por RX, TC, US ou RM)";"-";"2010-10-15";"2009-02-13"
"40814149";"tuss-22";"Paracentese orientada por RX ou US";"-";"2010-10-15";"2009-02-13"
"40814130";"tuss-22";"Sinusografia (abscessografia)";"-";"2010-10-15";"2009-02-13"
"40814122";"tuss-22";"Trituração de calcificação tendínea orientada por RX ou US";"-";"2010-10-15";"2009-02-13"
"40814114";"tuss-22";"Litotripsia mecânica de cálculos renais orientada por RX ou US";"-";"2010-10-15";"2009-02-13"
"40814106";"tuss-22";"Discografia";"-";"2010-10-15";"2009-02-13"
"40814092";"tuss-22";"Osteoplastia ou discectomia percutânea (vertebroplastia e outras)";"-";"2010-10-15";"2009-02-13"
"40814084";"tuss-22";"Retirada percutânea de corpo estranho intravascular ";"-";"2010-10-15";"2009-02-13"
"40814076";"tuss-22";"Retirada percutânea de cálculos renais orientada por RX, US ou TC";"-";"2010-10-15";"2009-02-13"
"40814068";"tuss-22";"Retirada percutânea de cálculos biliares orientada por RX, US ou TC";"-";"2010-10-15";"2009-02-13"
"40814050";"tuss-22";"Repermeabilização tubária para tratamento de infertilidade ";"-";"2010-10-15";"2009-02-13"
"40814041";"tuss-22";"Trombólise medicamentosa em troncos supra-aórticos e intracranianos";"-";"2010-10-15";"2009-02-13"
"40814033";"tuss-22";"Trombólise medicamentosa arterial ou venosa para tratamento de isquemia mesentérica ";"-";"2010-10-15";"2009-02-13"
"40814025";"tuss-22";"Trombólise medicamentosa arterial ou venosa - por vaso ";"-";"2010-10-15";"2009-02-13"
"40814017";"tuss-22";"Trombectomia medicamentosa para tratamento de TEP";"-";"2010-10-15";"2009-02-13"
"40813991";"tuss-22";"Trombectomia mecânica venosa";"-";"2010-10-15";"2009-02-13"
"40813983";"tuss-22";"Trombectomia mecânica para tratamento de TEP ";"-";"2010-10-15";"2009-02-13"
"40813975";"tuss-22";"Tratamento do vasoespasmo pós-trauma ";"-";"2010-10-15";"2009-02-13"
"40813967";"tuss-22";"Tratamento de pseudoaneurisma por compressão com US-Doppler";"-";"2010-10-15";"2009-02-13"
"40813959";"tuss-22";"Implante de endoprótese em dissecção de aorta abdominal ou torácica com stent revestido (stent-graft)";"-";"2010-10-15";"2009-02-13"
"40813940";"tuss-22";"Implante de endoprótese em aneurisma de aorta abdominal ou torácica com stent revestido (stent-graft)";"-";"2010-10-15";"2009-02-13"
"40813932";"tuss-22";"TIPS - anastomose porto-cava percutânea para tratamento de hipertensão portal ";"-";"2010-10-15";"2009-02-13"
"40813924";"tuss-22";"Quimioterapia por cateter intra-arterial ";"-";"2010-10-15";"2009-02-13"
"40813916";"tuss-22";"Quimioembolização para tratamento de tumor hepático";"-";"2010-10-15";"2009-02-13"
"40813908";"tuss-22";"Quimioterapia por cateter de tumor de cabeça e pescoço";"-";"2010-10-15";"2009-02-13"
"40813894";"tuss-22";"Exérese percutânea de tumor benigno orientada por RX, US, TC ou RM";"-";"2010-10-15";"2009-02-13"
"40813886";"tuss-22";"Pielografia percutânea orientada por RX, US, TC ou RM";"-";"2010-10-15";"2009-02-13"
"40813878";"tuss-22";"Nefrostomia percutânea orientada por RX, US, TC ou RM";"-";"2010-10-15";"2009-02-13"
"40813860";"tuss-22";"Celostomia percutânea orientada por RX ou TC";"-";"2010-10-15";"2009-02-13"
"40813851";"tuss-22";"Esclerose percutânea de cisto pancreático ";"-";"2010-10-15";"2009-02-13"
"40813843";"tuss-22";"Colecistostomia percutânea orientada por RX, US ou TC";"-";"2010-10-15";"2009-02-13"
"40813835";"tuss-22";"Gastrostomia percutânea orientada por RX ou TC";"-";"2010-10-15";"2009-02-13"
"40813827";"tuss-22";"Traqueotomia percutânea orientada por RX ou TC";"-";"2010-10-15";"2009-02-13"
"40813819";"tuss-22";"Embolização de tumor não especificado";"-";"2010-10-15";"2009-02-13"
"40813800";"tuss-22";"Embolização de tumor ósseo ou de partes moles ";"-";"2010-10-15";"2009-02-13"
"40813797";"tuss-22";"Embolização de tumor do aparelho digestivo ";"-";"2010-10-15";"2009-02-13"
"40813789";"tuss-22";"Embolização de tumor de cabeça e pescoço ";"-";"2010-10-15";"2009-02-13"
"40813770";"tuss-22";"Embolização definitiva não especificada acima - por vaso ";"-";"2010-10-15";"2009-02-13"
"40813762";"tuss-22";"EMBOLIZAÇÃO DE VEIAS OVARIANAS PARA TRATAMENTO DE VARIZES PÉLVICAS";"-";"2018-03-31";"2018-01-01"
"40813754";"tuss-22";"Embolização de veia espermática para tratamento de varicocele ";"-";"2010-10-15";"2009-02-13"
"40813746";"tuss-22";"Embolização de artéria uterina para tratamento de mioma ou outras situações";"-";"2010-10-15";"2009-02-13"
"40813738";"tuss-22";"Embolização de pseudoaneurisma - por vaso";"-";"2010-10-15";"2009-02-13"
"40813720";"tuss-22";"Embolização de malformação vascular - por vaso";"-";"2010-10-15";"2009-02-13"
"40813711";"tuss-22";"Embolização de fístula arteriovenosa não especificada acima - por vaso";"-";"2010-10-15";"2009-02-13"
"40813703";"tuss-22";"Embolização de artéria renal para nefrectomia ";"-";"2010-10-15";"2009-02-13"
"40813690";"tuss-22";"Embolização seletiva de fístula ou aneurisma renal para tratamento de hematúria";"-";"2010-10-15";"2009-02-13"
"40813681";"tuss-22";"Embolização de ramos hipogástricos para tratamento de sangramento ginecológico ";"-";"2010-10-15";"2009-02-13"
"40813673";"tuss-22";"Embolização para tratamento de impotência";"-";"2010-10-15";"2009-02-13"
"40813665";"tuss-22";"Embolização arterial para tratamento de priapismo";"-";"2010-10-15";"2009-02-13"
"40813657";"tuss-22";"Embolização esplênica para tratamento de hiperesplenismo ou outra situação ";"-";"2010-10-15";"2009-02-13"
"40813649";"tuss-22";"Embolização de ramo portal ";"-";"2010-10-15";"2009-02-13"
"40813630";"tuss-22";"Embolização de hemorragia digestiva";"-";"2010-10-15";"2009-02-13"
"40813622";"tuss-22";"Embolização de varizes esofagianas ou gástricas ";"-";"2010-10-15";"2009-02-13"
"40813614";"tuss-22";"Embolização pulmonar para tratamento de fístula arteriovenosa ou outra situação ";"-";"2010-10-15";"2009-02-13"
"40813606";"tuss-22";"Embolização brônquica para tratamento de hemoptise ";"-";"2010-10-15";"2009-02-13"
"40813592";"tuss-22";"Embolização de aneurisma ou pseudoaneurisma visceral ";"-";"2010-10-15";"2009-02-13"
"40813584";"tuss-22";"Embolização para tratamento de epistaxe";"-";"2010-10-15";"2009-02-13"
"40813576";"tuss-22";"Embolização de fístula arteriovenosa em cabeça, pescoço ou coluna - por vaso ";"-";"2010-10-15";"2009-02-13"
"40813568";"tuss-22";"Embolização de malformação arteriovenosa cerebral ou medular - por vaso";"-";"2010-10-15";"2009-02-13"
"40813550";"tuss-22";"Embolização de aneurisma cerebral por oclusão vascular - por vaso ";"-";"2010-10-15";"2009-02-13"
"40813541";"tuss-22";"Embolização de aneurisma cerebral por oclusão sacular - por vaso ";"-";"2010-10-15";"2009-02-13"
"40813533";"tuss-22";"Drenagem percutânea não especificada ";"-";"2010-10-15";"2009-02-13"
"40813525";"tuss-22";"Drenagem percutânea de abscesso retroperitoneal ou pélvico ";"-";"2010-10-15";"2009-02-13"
"40813517";"tuss-22";"Drenagem percutânea de coleção infectada profunda ";"-";"2010-10-15";"2009-02-13"
"40813509";"tuss-22";"Drenagem percutânea de abscesso renal ";"-";"2010-10-15";"2009-02-13"
"40813495";"tuss-22";"Drenagem percutânea de cisto renal ";"-";"2010-10-15";"2009-02-13"
"40813487";"tuss-22";"Drenagem percutânea de via biliar ";"-";"2010-10-15";"2009-02-13"
"40813479";"tuss-22";"Drenagem percutânea de cisto hepático ou pancreático";"-";"2010-10-15";"2009-02-13"
"40813460";"tuss-22";"Drenagem percutânea de abscesso hepático ou pancreático ";"-";"2010-10-15";"2009-02-13"
"40813452";"tuss-22";"Drenagem percutânea de coleção infectada abdominal ";"-";"2010-10-15";"2009-02-13"
"40813444";"tuss-22";"Drenagem mediastinal orientada por RX ou TC";"-";"2010-10-15";"2009-02-13"
"40813436";"tuss-22";"Drenagem de abscesso pulmonar ou mediastinal ";"-";"2010-10-15";"2009-02-13"
"40813428";"tuss-22";"Drenagem percutânea de pneumotórax ";"-";"2010-10-15";"2009-02-13"
"40813410";"tuss-22";"Drenagem percutânea de coleção pleural ";"-";"2010-10-15";"2009-02-13"
"40813401";"tuss-22";"Aterectomia percutânea orientada por RX";"-";"2010-10-15";"2009-02-13"
"40813398";"tuss-22";"Dilatação percutânea de estenose de ducto pancreático";"-";"2010-10-15";"2009-02-13"
"40813380";"tuss-22";"Dilatação percutânea de estenose de conduto urinário ";"-";"2010-10-15";"2009-02-13"
"40813371";"tuss-22";"Dilatação percutânea de estenose biliar cicatricial";"-";"2010-10-15";"2009-02-13"
"40813363";"tuss-22";"Coluna vertebral: infiltração foraminal ou facetária ou articular";"-";"2010-10-15";"2009-02-13"
"40813355";"tuss-22";"Colocação percutânea de stent vascular";"-";"2010-10-15";"2009-02-13"
"40813347";"tuss-22";"Colocação percutânea de cateter pielovesical";"-";"2010-10-15";"2009-02-13"
"40813339";"tuss-22";"Colocação de stent renal ";"-";"2010-10-15";"2009-02-13"
"40813320";"tuss-22";"Colocação de stent biliar";"-";"2010-10-15";"2009-02-13"
"40813312";"tuss-22";"Colocação de stent esofagiano, duodenal ou colônico ";"-";"2010-10-15";"2009-02-13"
"40813304";"tuss-22";"Colocação de stent em traquéia ou brônquio";"-";"2010-10-15";"2009-02-13"
"40813290";"tuss-22";"Colocação de stent em estenose vascular de enxerto transplantado";"-";"2010-10-15";"2009-02-13"
"40813282";"tuss-22";"Colocação de stent revestido (stent-graft) para tratamento de fístula arteriovenosa ";"-";"2010-10-15";"2009-02-13"
"40813274";"tuss-22";"Colocação de stent revestido (stent-graft) para tratamento de aneurisma periférico";"-";"2010-10-15";"2009-02-13"
"40813266";"tuss-22";"Colocação de stent para tratamento de obstrução arterial ou venosa ";"-";"2010-10-15";"2009-02-13"
"40813258";"tuss-22";"Colocação de stent em artéria visceral - por vaso ";"-";"2010-10-15";"2009-02-13"
"40813240";"tuss-22";"Colocação de filtro de VCI para prevenção de TEP";"-";"2010-10-15";"2009-02-13"
"40813231";"tuss-22";"Colocação de cateter venoso central ou portocath";"-";"2010-10-15";"2009-02-13"
"40813223";"tuss-22";"Colocação de stent para tratamento de síndrome de VCI";"-";"2010-10-15";"2009-02-13"
"40813215";"tuss-22";"Colocação de stent aórtico ";"-";"2010-10-15";"2009-02-13"
"40813207";"tuss-22";"Colocação de stent em tronco supra-aórtico ";"-";"2010-10-15";"2009-02-13"
"40813193";"tuss-22";"Colocação de stent em ramo intracraniano ";"-";"2010-10-15";"2009-02-13"
"40813185";"tuss-22";"Angioplastia transluminal percutânea para tratamento de obstrução arterial";"-";"2010-10-15";"2009-02-13"
"40813177";"tuss-22";"Angioplastia transluminal percutânea";"-";"2010-10-15";"2009-02-13"
"40813169";"tuss-22";"Angioplastia venosa para tratamento de síndrome de BUDD-CHIARI";"-";"2010-10-15";"2009-02-13"
"40813150";"tuss-22";"Angioplastia de tronco venoso";"-";"2010-10-15";"2009-02-13"
"40813142";"tuss-22";"Angioplastia de ramos hipogástricos para tratamento de impotência ";"-";"2010-10-15";"2009-02-13"
"40813134";"tuss-22";"Angioplastia arterial ou venosa de anastomose vascular de rim transplantado";"-";"2010-10-15";"2009-02-13"
"40813126";"tuss-22";"Angioplastia renal para tratamento de hipertensão renovascular ou outra condição";"-";"2010-10-15";"2009-02-13"
"40813118";"tuss-22";"Angioplastia arterial ou venosa de anastomose vascular de fígado transplantado";"-";"2010-10-15";"2009-02-13"
"40813100";"tuss-22";"Angioplastia de artéria visceral - por vaso";"-";"2010-10-15";"2009-02-13"
"40813088";"tuss-22";"Angioplastia de aorta para tratamento de coarctação ";"-";"2010-10-15";"2009-02-13"
"40813070";"tuss-22";"Angioplastia de tronco supra-aórtico ";"-";"2010-10-15";"2009-02-13"
"40813061";"tuss-22";"Angioplastia de ramo intracraniano";"-";"2010-10-15";"2009-02-13"
"40813053";"tuss-22";"Alcoolização percutânea de angioma ";"-";"2010-10-15";"2009-02-13"
"40813045";"tuss-22";"Ablação percutânea de tumor (qualquer método) ";"-";"2010-10-15";"2009-02-13"
"40813037";"tuss-22";"Ablação percutânea de tumor ósseo (qualquer método)";"-";"2010-10-15";"2009-02-13"
"40813029";"tuss-22";"Ablação percutânea de tumor hepático (qualquer método) - metodo intervencionista/terapêutico por imagem";"-";"2010-10-15";"2009-02-13"
"40813010";"tuss-22";"Ablação percutânea de tumor torácico (qualquer método)";"-";"2010-10-15";"2009-02-13"
"40812162";"tuss-22";"Cone beam CT ou Tomografia Computadorizada em \"Feixe Cônico\" intra operatória";"-";"2021-10-31";"2021-08-01"
"40812154";"tuss-22";"Angiografia Medular";"-";"2016-04-15";"2016-01-15"
"40812146";"tuss-22";"Fármaco-cavernosografia (dinâmica) ";"-";"2010-10-15";"2009-02-13"
"40812138";"tuss-22";"Cavernosografia ";"-";"2010-10-15";"2009-02-13"
"40812120";"tuss-22";"Linfangioadenografia unilateral ";"-";"2010-10-15";"2009-02-13"
"40812111";"tuss-22";"Esplenoportografia percutânea ";"-";"2010-10-15";"2009-02-13"
"40812103";"tuss-22";"Portografia trans-hepática ";"-";"2010-10-15";"2009-02-13"
"40812090";"tuss-22";"Flebografia retrógrada por cateterismo - unilateral";"-";"2010-10-15";"2009-02-13"
"40812081";"tuss-22";"Flebografia por punção venosa unilateral ";"-";"2010-10-15";"2009-02-13"
"40812073";"tuss-22";"Angiografia pós-operatória de controle ";"-";"2010-10-15";"2009-02-13"
"40812065";"tuss-22";"Angiografia transoperatória de posicionamento ";"-";"2010-10-15";"2009-02-13"
"40812057";"tuss-22";"Angiografia por cateterismo superseletivo de ramo secundário ou distal - por vaso ";"-";"2010-10-15";"2009-02-13"
"40812049";"tuss-22";"Angiografia por cateterismo seletivo de ramo primário - por vaso ";"-";"2010-10-15";"2009-02-13"
"40812030";"tuss-22";"Angiografia por cateterismo não seletivo de grande vaso ";"-";"2010-10-15";"2009-02-13"
"40812022";"tuss-22";"Angiografia por punção";"-";"2010-10-15";"2009-02-13"
"40812014";"tuss-22";"Aortografia abdominal por punção translombar";"-";"2010-10-15";"2009-02-13"
"40811026";"tuss-22";"Radioscopia para acompanhamento de procedimento cirúrgico (por hora ou fração)";"-";"2010-10-15";"2009-02-13"
"40811018";"tuss-22";"Radioscopia diagnóstica";"-";"2010-10-15";"2009-02-13"
"40810046";"tuss-22";"Avaliação hemodinâmica por cateterismo (aferimento de pressão ou fluxo arterial ou venoso)";"-";"2010-10-15";"2009-02-13"
"40810038";"tuss-22";"Colheita seletiva de sangue para dosagem hormonal ";"-";"2010-10-15";"2009-02-13"
"40810020";"tuss-22";"Teste de oclusão de artéria carótida ou vertebral";"-";"2010-10-15";"2009-02-13"
"40810011";"tuss-22";"Mielografia segmentar (por segmento)";"-";"2010-10-15";"2009-02-13"
"40809226";"tuss-22";"Punção biópsia/aspirativa de órgão ou estrutura profunda orientada por US (não inclui o exame de base)";"-";"2021-10-31";"2021-08-01"
"40809218";"tuss-22";"Punção biópsia/aspirativa de órgão ou estrutura profunda orientada por TC (não inclui o exame de base)";"-";"2021-10-31";"2021-08-01"
"40809200";"tuss-22";"Punção biópsia/aspirativa de órgão ou estrutura profunda orientada por RX (não inclui o exame de base)";"-";"2021-10-31";"2021-08-01"
"40809196";"tuss-22";"Punção biópsia/aspirativa de órgão ou estrutura profunda orientada por RM (não inclui o exame de base)";"-";"2021-10-31";"2021-08-01"
"40809188";"tuss-22";"Punção biópsia/aspirativa de órgão ou estrutura superficial orientada por RM (não inclui o exame de base)";"-";"2014-08-31";"2021-08-01"
"40809170";"tuss-22";"Punção biópsia/aspirativa de órgão ou estrutura superficial orientada por TC (não inclui o exame de base)";"-";"2014-08-31";"2021-08-01"
"40809161";"tuss-22";"Punção biópsia/aspirativa de órgão ou estrutura superficial orientada por US (não inclui o exame de base)";"-";"2014-08-31";"2021-08-01"
"40809153";"tuss-22";"Punção biópsia/aspirativa de órgão ou estrutura superficial orientada por RX (não inclui o exame de base)";"-";"2014-08-31";"2021-08-01"
"40809145";"tuss-22";"Colocação de marcador de local da intervenção";"-";"2014-08-31";"2012-10-10"
"40809137";"tuss-22";"Pneumoperitônio (RX)";"-";"2010-10-15";"2009-02-13"
"40809129";"tuss-22";"Broncografia unilateral";"-";"2010-10-15";"2009-02-13"
"40809110";"tuss-22";"Broncografia (por punção ou entubação traqueal)";"-";"2010-10-15";"2009-02-13"
"40809102";"tuss-22";"Drenagem percutânea orientada por RX (acrescentar o exame de base)";"-";"2010-10-15";"2009-02-13"
"40809080";"tuss-22";"Dacriocistografia";"-";"2010-10-15";"2009-02-13"
"40809072";"tuss-22";"Colangiopancreatografia retrógrada";"-";"2010-10-15";"2009-02-13"
"40809064";"tuss-22";"Colangiografia transcutânea";"-";"2010-10-15";"2009-02-13"
"40809056";"tuss-22";"Fistulografia";"-";"2010-10-15";"2009-02-13"
"40809048";"tuss-22";"Artrografia ou pneumoartrografia";"-";"2010-10-15";"2009-02-13"
"40809030";"tuss-22";"Histerossalpingografia";"-";"2010-10-15";"2009-02-13"
"40809021";"tuss-22";"Sialografia (por glândula)";"-";"2010-10-15";"2009-02-13"
"40808386";"tuss-22";"Laudo Evolutivo de Raio X por procedimento";"-";"2023-12-31";"2023-10-01"
"40808378";"tuss-22";"Laudo Evolutivo de Densitometria Óssea por procedimento";"-";"2023-12-31";"2023-10-01"
"40808360";"tuss-22";"Laudo Evolutivo de Mamografia por procedimento";"-";"2023-12-31";"2023-10-01"
"40808351";"tuss-22";"Revisão de Raio X por procedimento";"-";"2023-12-31";"2023-10-01"
"40808343";"tuss-22";"Revisão de densitometria óssea por procedimento";"-";"2023-12-31";"2023-10-01"
"40808335";"tuss-22";"Revisão de Mamografia por procedimento";"-";"2023-12-31";"2023-10-01"
"40808327";"tuss-22";"Colocação de clipes(s) pré QT neoadjuvante em mama - cada lado (não inclui o exame de base)";"-";"2021-10-31";"2021-08-01"
"40808319";"tuss-22";"Colocação de clipes(s) pré QT neoadjuvante em axila - cada lado (não inclui o exame de base)";"-";"2021-10-31";"2021-08-01"
"40808300";"tuss-22";"Mamotomia por RM (não inclui o exame de imagem)";"-";"2014-08-31";"2012-10-10"
"40808297";"tuss-22";"Mamotomia por US (não inclui o exame de imagem)";"-";"2014-08-31";"2012-10-10"
"40808289";"tuss-22";"Mamotomia por estereotaxia (não inclui o exame de imagem)";"-";"2014-08-31";"2012-10-10"
"40808270";"tuss-22";"Biópsia percutânea de fragmento mamário por agulha grossa (core biopsy) orientada por RM (não inclui o exame de imagem)";"-";"2014-08-31";"2012-10-10"
"40808262";"tuss-22";"Biópsia percutânea de fragmento mamário por agulha grossa (core biopsy) orientada por US (não inclui o exame de imagem)";"-";"2014-08-31";"2012-10-10"
"40808254";"tuss-22";"Biópsia percutânea de fragmento mamário por agulha grossa (core biopsy) orientada por estereotaxia (não inclui o exame de imagem)";"-";"2014-08-31";"2012-10-10"
"40808246";"tuss-22";"Punção ou biópsia mamária percutânea por agulha fina orientada por TC (não inclui o exame de base)";"-";"2014-08-31";"2012-10-10"
"40808238";"tuss-22";"Punção ou biópsia mamária percutânea por agulha fina orientada por US (não inclui o exame de base)";"-";"2014-08-31";"2012-10-10"
"40808220";"tuss-22";"Punção ou biópsia mamária percutânea por agulha fina orientada por estereotaxia (não inclui o exame de base)";"-";"2014-08-31";"2012-10-10"
"40808211";"tuss-22";"Marcação pré-cirúrgica por nódulo - máximo de 3 nódulos por mama, por RM (não inclui exame de imagem)";"-";"2014-08-31";"2012-10-10"
"40808203";"tuss-22";"Marcação pré-cirúrgica por nódulo - máximo de 3 nódulos por mama, por US (não inclui exame de imagem)";"-";"2014-08-31";"2012-10-10"
"40808190";"tuss-22";"Marcação pré-cirúrgica por nódulo - máximo de 3 nódulos por mama, por estereotaxia (não inclui exame de imagem)";"-";"2014-08-31";"2012-10-10"
"40808181";"tuss-22";"Biópsia de mama, dirigida por RM";"-";"2014-08-31";"2012-10-10"
"40808173";"tuss-22";"Xeromamografia ";"-";"2010-10-15";"2009-02-13"
"40808165";"tuss-22";"Planigrafia de osso";"-";"2010-10-15";"2009-02-13"
"40808157";"tuss-22";"RX - Avaliação de fraturas vertebrais por DXA";"-";"2010-10-15";"2009-02-13"
"40808149";"tuss-22";"Densitometria óssea - corpo inteiro (avaliação de massa óssea ou de composição corporal)";"-";"2010-10-15";"2009-02-13"
"40808130";"tuss-22";"Densitometria óssea - rotina: coluna e fêmur (ou dois segmentos)";"-";"2010-10-15";"2009-02-13"
"40808122";"tuss-22";"Densitometria óssea (um segmento)";"-";"2010-10-15";"2009-02-13"
"40808114";"tuss-22";"RX - Esqueleto (incidências básicas de: crânio, coluna, bacia e membros)";"-";"2010-10-15";"2009-02-13"
"40808050";"tuss-22";"RX - Ampliação ou magnificação de lesão mamária ";"-";"2010-10-15";"2009-02-13"
"40808041";"tuss-22";"Mamografia digital bilateral";"-";"2010-10-15";"2009-02-13"
"40808033";"tuss-22";"Mamografia convencional bilateral";"-";"2010-10-15";"2009-02-13"
"40808025";"tuss-22";"RX - Abdome agudo";"-";"2010-10-15";"2009-02-13"
"40808017";"tuss-22";"RX - Abdome simples ";"-";"2010-10-15";"2009-02-13"
"40807100";"tuss-22";"RX - Nefrograma, basal e após captopril";"-";"2014-08-31";"2012-10-10"
"40807096";"tuss-22";"RX - Uretrocistografia retrógada";"-";"2014-08-31";"2012-10-10"
"40807088";"tuss-22";"RX - Pênis";"-";"2014-08-31";"2012-10-10"
"40807070";"tuss-22";"RX - Tomografia renal sem contraste";"-";"2010-10-15";"2009-02-13"
"40807061";"tuss-22";"RX - Uretrocistografia de criança (até 12 anos)";"-";"2010-10-15";"2009-02-13"
"40807053";"tuss-22";"RX - Uretrocistografia de adulto";"-";"2010-10-15";"2009-02-13"
"40807045";"tuss-22";"RX - Urografia venosa com nefrotomografia";"-";"2010-10-15";"2009-02-13"
"40807037";"tuss-22";"RX - Urografia venosa minutada 1-2-3";"-";"2010-10-15";"2009-02-13"
"40807029";"tuss-22";"RX - Pielografia ascendente";"-";"2010-10-15";"2009-02-13"
"40807010";"tuss-22";"RX - Urografia venosa com bexiga pré e pós-miccional";"-";"2010-10-15";"2009-02-13"
"40806219";"tuss-22";"RX - Videodefecograma com manometria anorretal";"-";"2014-08-31";"2012-10-10"
"40806200";"tuss-22";"RX - Videodefecograma";"-";"2014-08-31";"2012-10-10"
"40806197";"tuss-22";"RX - Colangiografia endoscópica";"-";"2014-08-31";"2012-10-10"
"40806189";"tuss-22";"RX - Trânsito colônico";"-";"2010-10-15";"2009-02-13"
"40806170";"tuss-22";"RX - Duodenografia hipotônica ";"-";"2010-10-15";"2009-02-13"
"40806162";"tuss-22";"RX - Colecistograma oral com prova motora";"-";"2010-10-15";"2009-02-13"
"40806154";"tuss-22";"RX - Colecistograma oral ";"-";"2010-10-15";"2009-02-13"
"40806146";"tuss-22";"RX - Colangiografia venosa com tomografias ";"-";"2010-10-15";"2009-02-13"
"40806138";"tuss-22";"RX - Colangiografia venosa ";"-";"2010-10-15";"2009-02-13"
"40806120";"tuss-22";"RX - Colangiografia pré-operatória ";"-";"2010-10-15";"2009-02-13"
"40806111";"tuss-22";"RX - Colangiografia pós-operatória (pelo dreno)";"-";"2010-10-15";"2009-02-13"
"40806103";"tuss-22";"RX - Colangiografia intra-operatória";"-";"2010-10-15";"2009-02-13"
"40806090";"tuss-22";"RX - Defecograma ";"-";"2010-10-15";"2009-02-13"
"40806081";"tuss-22";"RX - Clister ou enema opaco (duplo contraste)";"-";"2010-10-15";"2009-02-13"
"40806073";"tuss-22";"RX - Estudo do delgado com duplo contraste";"-";"2010-10-15";"2009-02-13"
"40806065";"tuss-22";"RX - Trânsito e morfologia do delgado";"-";"2010-10-15";"2009-02-13"
"40806057";"tuss-22";"RX - Esôfago - hiato - estômago e duodeno ";"-";"2010-10-15";"2009-02-13"
"40806049";"tuss-22";"RX - Estômago e duodeno ";"-";"2010-10-15";"2009-02-13"
"40806030";"tuss-22";"RX - Esôfago ";"-";"2010-10-15";"2009-02-13"
"40806022";"tuss-22";"RX - Videodeglutograma";"-";"2010-10-15";"2009-02-13"
"40806014";"tuss-22";"RX - Deglutograma ";"-";"2010-10-15";"2009-02-13"
"40805093";"tuss-22";"RX - Abreugrafia 35 ou 70 mm";"-";"2010-10-15";"2009-02-13"
"40805085";"tuss-22";"RX - Abreugrafia 100 mm ";"-";"2010-10-15";"2009-02-13"
"40805077";"tuss-22";"RX - Laringe ou hipofaringe ou pescoço (partes moles) ";"-";"2010-10-15";"2009-02-13"
"40805069";"tuss-22";"RX - Planigrafia de tórax, mediastino ou laringe ";"-";"2010-10-15";"2009-02-13"
"40805050";"tuss-22";"RX - Coração e vasos da base ";"-";"2010-10-15";"2009-02-13"
"40805042";"tuss-22";"RX - Tórax - 4 incidências ";"-";"2010-10-15";"2009-02-13"
"40805034";"tuss-22";"RX - Tórax - 3 incidências ";"-";"2010-10-15";"2009-02-13"
"40805026";"tuss-22";"RX - Tórax - 2 incidências";"-";"2010-10-15";"2009-02-13"
"40805018";"tuss-22";"RX - Tórax - 1 incidência ";"-";"2010-10-15";"2009-02-13"
"40804135";"tuss-22";"RX - Incidência adicional de membro inferior ";"-";"2010-10-15";"2009-02-13"
"40804127";"tuss-22";"RX - Panorâmica dos membros inferiores ";"-";"2010-10-15";"2009-02-13"
"40804119";"tuss-22";"RX - Escanometria ";"-";"2010-10-15";"2009-02-13"
"40804100";"tuss-22";"RX - Calcâneo";"-";"2010-10-15";"2009-02-13"
"40804097";"tuss-22";"RX - Pé ou pododáctilo ";"-";"2010-10-15";"2009-02-13"
"40804089";"tuss-22";"RX - Articulação tibiotársica (tornozelo) ";"-";"2010-10-15";"2009-02-13"
"40804070";"tuss-22";"RX - Perna";"-";"2010-10-15";"2009-02-13"
"40804062";"tuss-22";"RX - Patela ";"-";"2010-10-15";"2009-02-13"
"40804054";"tuss-22";"RX - Joelho";"-";"2010-10-15";"2009-02-13"
"40804046";"tuss-22";"RX - Coxa ";"-";"2010-10-15";"2009-02-13"
"40804038";"tuss-22";"RX - Articulação coxofemoral (quadril) ";"-";"2010-10-15";"2009-02-13"
"40804020";"tuss-22";"RX - Articulações sacroilíacas ";"-";"2010-10-15";"2009-02-13"
"40804011";"tuss-22";"RX - Bacia ";"-";"2010-10-15";"2009-02-13"
"40803155";"tuss-22";"RX - Escafóide";"-";"2014-08-31";"2012-10-10"
"40803147";"tuss-22";"RX - Incidência adicional de membro superior ";"-";"2010-10-15";"2009-02-13"
"40803139";"tuss-22";"RX - Mãos e punhos para idade óssea ";"-";"2010-10-15";"2009-02-13"
"40803120";"tuss-22";"RX - Mão ou quirodáctilo ";"-";"2010-10-15";"2009-02-13"
"40803112";"tuss-22";"RX - Punho ";"-";"2010-10-15";"2009-02-13"
"40803104";"tuss-22";"RX - Antebraço ";"-";"2010-10-15";"2009-02-13"
"40803090";"tuss-22";"RX - Cotovelo ";"-";"2010-10-15";"2009-02-13"
"40803082";"tuss-22";"RX - Braço ";"-";"2010-10-15";"2009-02-13"
"40803074";"tuss-22";"RX - Articulação escapuloumeral (ombro) ";"-";"2010-10-15";"2009-02-13"
"40803066";"tuss-22";"RX - Articulação acromioclavicular";"-";"2010-10-15";"2009-02-13"
"40803058";"tuss-22";"RX - Omoplata ou escápula ";"-";"2010-10-15";"2009-02-13"
"40803040";"tuss-22";"RX - Clavícula";"-";"2010-10-15";"2009-02-13"
"40803031";"tuss-22";"RX - Costelas - por hemitórax ";"-";"2010-10-15";"2009-02-13"
"40803023";"tuss-22";"RX - Articulação esternoclavicular";"-";"2010-10-15";"2009-02-13"
"40803015";"tuss-22";"RX - Esterno";"-";"2010-10-15";"2009-02-13"
"40802116";"tuss-22";"RX - Incidência adicional de coluna";"-";"2010-10-15";"2009-02-13"
"40802108";"tuss-22";"RX - Planigrafia de coluna vertebral (dois planos) ";"-";"2010-10-15";"2009-02-13"
"40802094";"tuss-22";"RX - Coluna total para escoliose (telespondilografia) ";"-";"2010-10-15";"2009-02-13"
"40802086";"tuss-22";"RX - Coluna dorso-lombar para escoliose ";"-";"2010-10-15";"2009-02-13"
"40802078";"tuss-22";"RX - Sacro-coccix ";"-";"2010-10-15";"2009-02-13"
"40802060";"tuss-22";"RX - Coluna lombo-sacra - 5 incidências ";"-";"2010-10-15";"2009-02-13"
"40802051";"tuss-22";"RX - Coluna lombo-sacra - 3 incidências ";"-";"2010-10-15";"2009-02-13"
"40802043";"tuss-22";"RX - Coluna dorsal - 4 incidências";"-";"2010-10-15";"2009-02-13"
"40802035";"tuss-22";"RX - Coluna dorsal - 2 incidências";"-";"2010-10-15";"2009-02-13"
"40802027";"tuss-22";"RX - Coluna cervical - 5 incidências";"-";"2010-10-15";"2009-02-13"
"40802019";"tuss-22";"RX - Coluna cervical - 3 incidências";"-";"2010-10-15";"2009-02-13"
"40801209";"tuss-22";"RX - Incidência adicional de crânio ou face ";"-";"2010-10-15";"2009-02-13"
"40801195";"tuss-22";"RX - Planigrafia linear de crânio ou sela túrcica ou face ou mastóide";"-";"2010-10-15";"2009-02-13"
"40801187";"tuss-22";"RX - Radiografia oclusal ";"-";"2010-10-15";"2009-02-13"
"40801179";"tuss-22";"RX - Radiografia peri-apical ";"-";"2010-10-15";"2009-02-13"
"40801160";"tuss-22";"RX - Arcada dentária (por arcada)";"-";"2010-10-15";"2009-02-13"
"40801152";"tuss-22";"RX - Teleperfil em cefalostato - com traçado ";"-";"2010-10-15";"2009-02-13"
"40801144";"tuss-22";"RX - Teleperfil em cefalostato - sem traçado ";"-";"2010-10-15";"2009-02-13"
"40801136";"tuss-22";"RX - Panorâmica de mandíbula (ortopantomografia)";"-";"2010-10-15";"2009-02-13"
"40801128";"tuss-22";"RX - Adenóides ou cavum ";"-";"2010-10-15";"2009-02-13"
"40801110";"tuss-22";"RX - Articulação temporomandibular - bilateral ";"-";"2010-10-15";"2009-02-13"
"40801101";"tuss-22";"RX - Arcos zigomáticos ou malar ou apófises estilóides ";"-";"2010-10-15";"2009-02-13"
"40801098";"tuss-22";"RX - Ossos da face ";"-";"2010-10-15";"2009-02-13"
"40801080";"tuss-22";"RX - Maxilar inferior";"-";"2010-10-15";"2009-02-13"
"40801071";"tuss-22";"RX - Sela túrcica";"-";"2010-10-15";"2009-02-13"
"40801063";"tuss-22";"RX - Seios da face";"-";"2010-10-15";"2009-02-13"
"40801055";"tuss-22";"RX - Órbitas - bilateral";"-";"2010-10-15";"2009-02-13"
"40801047";"tuss-22";"RX - Orelha, mastóides ou rochedos - bilateral ";"-";"2010-10-15";"2009-02-13"
"40801039";"tuss-22";"RX - Crânio - 4 incidências";"-";"2010-10-15";"2009-02-13"
"40801020";"tuss-22";"RX - Crânio - 3 incidências";"-";"2010-10-15";"2009-02-13"
"40801012";"tuss-22";"RX - Crânio - 2 incidências";"-";"2010-10-15";"2009-02-13"
"40711021";"tuss-22";"Imunocintilografia (anticorpos monoclonais)";"-";"2010-10-15";"2009-02-13"
"40711013";"tuss-22";"Dacriocintilografia";"-";"2010-10-15";"2009-02-13"
"40710122";"tuss-22";"Tratamento de metástases ósseas com isótopos alfa emissor - por dia de atendimento (até o início do próximo ciclo - intervalo de 4 a 8 semanas)";"-";"2021-10-31";"2021-08-01"
"40710114";"tuss-22";"Tratamento de metástases ósseas com isótopos alfa emissor - planejamento e 1º dia de tratamento";"-";"2021-09-30";"2021-07-01"
"40710106";"tuss-22";"Controle após terapia com lutécio";"-";"2014-08-31";"2012-10-10"
"40710092";"tuss-22";"Tratamento de tumores neuroendócrinos  ";"-";"2010-10-15";"2009-02-13"
"40710084";"tuss-22";"Tratamento de metástases ósseas (samário-153)  ";"-";"2010-10-15";"2009-02-13"
"40710076";"tuss-22";"Tratamento de metástases ósseas (estrôncio-90) ";"-";"2010-10-15";"2009-02-13"
"40710068";"tuss-22";"Tratamento de hipertireoidismo-bócio nodular tóxico (Plummer) ";"-";"2010-10-15";"2009-02-13"
"40710050";"tuss-22";"Tratamento de hipertireoidismo-bócio nodular tóxico (Graves) ";"-";"2010-10-15";"2009-02-13"
"40710041";"tuss-22";"Tratamento de câncer da tireóide ";"-";"2010-10-15";"2009-02-13"
"40710033";"tuss-22";"Tratamento da policitemia vera";"-";"2010-10-15";"2009-02-13"
"40710025";"tuss-22";"Tratamento com metaiodobenzilguanidina (MIBG)";"-";"2010-10-15";"2009-02-13"
"40710017";"tuss-22";"Sessão médica para planejamento técnico de radioisotopoterapia";"-";"2010-10-15";"2009-02-13"
"40709035";"tuss-22";"Cintilografia pulmonar (perfusão)";"-";"2010-10-15";"2009-02-13"
"40709027";"tuss-22";"Cintilografia pulmonar (inalação)";"-";"2010-10-15";"2009-02-13"
"40709019";"tuss-22";"Cintilografia para detecção de aspiração pulmonar";"-";"2010-10-15";"2009-02-13"
"40708152";"tuss-22";"Laudo evolutivo de PET-CT por procedimento";"-";"2023-12-31";"2023-10-01"
"40708144";"tuss-22";"Revisão de PET-CT por procedimento";"-";"2023-12-31";"2023-10-01"
"40708136";"tuss-22";"PET CT neurológico com FDG";"-";"2021-10-31";"2021-08-01"
"40708128";"tuss-22";"PET dedicado oncológico";"-";"2010-10-15";"2009-02-13"
"40708110";"tuss-22";"Quantificação da captação pulmonar com gálio-67";"-";"2010-10-15";"2009-02-13"
"40708101";"tuss-22";"Linfocintilografia ";"-";"2010-10-15";"2009-02-13"
"40708098";"tuss-22";"Detecção intraoperatória radioguiada de linfonodo sentinela";"-";"2010-10-15";"2009-02-13"
"40708080";"tuss-22";"Detecção intraoperatória radioguiada de lesões tumorais";"-";"2010-10-15";"2009-02-13"
"40708071";"tuss-22";"Demarcação radioisotópica de lesões tumorais";"-";"2010-10-15";"2009-02-13"
"40708063";"tuss-22";"Cintilografia de mama (bilateral)";"-";"2010-10-15";"2009-02-13"
"40708055";"tuss-22";"Cintilografia de corpo total com FDG-18 F, em câmara híbrida";"-";"2010-10-15";"2009-02-13"
"40708047";"tuss-22";"Cintilografia com MIBG (metaiodobenzilguanidina)";"-";"2010-10-15";"2009-02-13"
"40708039";"tuss-22";"Cintilografia com leucócitos marcados";"-";"2010-10-15";"2009-02-13"
"40708020";"tuss-22";"Cintilografia com gálio-67";"-";"2010-10-15";"2009-02-13"
"40708012";"tuss-22";"Cintilografia com análogo de somatostatina";"-";"2010-10-15";"2009-02-13"
"40707091";"tuss-22";"CINTILOGRAFIA PERFUSÃO CEREBRAL PARA AVALIAÇÃO DE TRANSPORTADORES DE DOPAMINA";"-";"2018-03-31";"2018-01-01"
"40707083";"tuss-22";"Ventrículo-cintilografia";"-";"2010-10-15";"2009-02-13"
"40707075";"tuss-22";"Mielocintilografia";"-";"2010-10-15";"2009-02-13"
"40707067";"tuss-22";"Fluxo sanguíneo cerebral ";"-";"2010-10-15";"2009-02-13"
"40707059";"tuss-22";"Cisternocintilografia para pesquisa de fístula liquórica";"-";"2010-10-15";"2009-02-13"
"40707040";"tuss-22";"Cisternocintilografia (inclui estudo do trânsito liquórico)";"-";"2016-03-31";"2016-01-01"
"40707032";"tuss-22";"Cintilografia de perfusão cerebral";"-";"2010-10-15";"2009-02-13"
"40707024";"tuss-22";"Cintilografia cerebral com FDG-18 F, em câmara hibrída";"-";"2010-10-15";"2009-02-13"
"40707016";"tuss-22";"Cintilografia cerebral";"-";"2010-10-15";"2009-02-13"
"40706028";"tuss-22";"Fluxo sanguíneo ósseo  ";"-";"2010-10-15";"2009-02-13"
"40706010";"tuss-22";"Cintilografia óssea (corpo total)";"-";"2010-10-15";"2009-02-13"
"40705064";"tuss-22";"Teste de absorção de vitamina B12 com cobalto - 57 (teste de Schilling) ";"-";"2010-10-15";"2009-02-13"
"40705056";"tuss-22";"Determinação do volume plasmático ";"-";"2010-10-15";"2009-02-13"
"40705048";"tuss-22";"Determinação do volume eritrocitário ";"-";"2010-10-15";"2009-02-13"
"40705030";"tuss-22";"Determinação da sobrevida de hemácias ";"-";"2010-10-15";"2009-02-13"
"40705021";"tuss-22";"Demonstração do sequestro de hemácias pelo baço ";"-";"2010-10-15";"2009-02-13"
"40705013";"tuss-22";"Cintilografia do sistema retículo-endotelial (medula óssea)";"-";"2010-10-15";"2009-02-13"
"40704092";"tuss-22";"Renograma";"-";"2010-10-15";"2009-02-13"
"40704084";"tuss-22";"Determinação do fluxo plasmático renal";"-";"2010-10-15";"2009-02-13"
"40704076";"tuss-22";"Determinação da filtração glomerular ";"-";"2010-10-15";"2009-02-13"
"40704068";"tuss-22";"Cistocintilografia indireta";"-";"2010-10-15";"2009-02-13"
"40704050";"tuss-22";"Cistocintilografia direta";"-";"2010-10-15";"2009-02-13"
"40704041";"tuss-22";"Cintilografia testicular (escrotal)";"-";"2010-10-15";"2009-02-13"
"40704033";"tuss-22";"Cintilografia renal estática (quantitativa ou qualitativa)";"-";"2010-10-15";"2009-02-13"
"40704025";"tuss-22";"Cintilografia renal dinâmica com diurético";"-";"2010-10-15";"2009-02-13"
"40704017";"tuss-22";"Cintilografia renal dinâmica";"-";"2010-10-15";"2009-02-13"
"40703100";"tuss-22";"Cintilografia de corpo inteiro com MIBI marcada com tecnécio - 99m";"-";"2014-08-31";"2012-10-10"
"40703096";"tuss-22";"Cintilografia de corpo inteiro com metaiodobenzilguandina - iodo-123";"-";"2014-08-31";"2012-10-10"
"40703088";"tuss-22";"Teste do perclorato";"-";"2010-10-15";"2009-02-13"
"40703070";"tuss-22";"Teste de supressão da tireóide com T3 ";"-";"2010-10-15";"2009-02-13"
"40703061";"tuss-22";"Teste de estímulo com TSH recombinante ";"-";"2010-10-15";"2009-02-13"
"40703053";"tuss-22";"Cintilografia de corpo inteiro para pesquisa de metástases (PCI)";"-";"2010-10-15";"2009-02-13"
"40703045";"tuss-22";"Cintilografia das paratireóides";"-";"2010-10-15";"2009-02-13"
"40703037";"tuss-22";"Cintilografia da tireóide e/ou captação (tecnécio - 99m TC)";"-";"2010-10-15";"2009-02-13"
"40703029";"tuss-22";"Cintilografia da tireóide e/ou captação (iodo - 131)";"-";"2010-10-15";"2009-02-13"
"40703010";"tuss-22";"Cintilografia da tireóide e/ou captação (iodo - 123)";"-";"2010-10-15";"2009-02-13"
"40702146";"tuss-22";"Cintilografia, receptores da Somatostatina com lutécio - 177";"-";"2014-08-31";"2012-10-10"
"40702138";"tuss-22";"Perdas proteicas";"-";"2010-10-15";"2009-02-13"
"40702120";"tuss-22";"Absorção de gorduras";"-";"2010-10-15";"2009-02-13"
"40702111";"tuss-22";"Fluxo sanguíneo hepático (qualitativo e quantitativo) ";"-";"2010-10-15";"2009-02-13"
"40702103";"tuss-22";"Cintilografia para pesquisa de refluxo gastro-esofágico";"-";"2010-10-15";"2009-02-13"
"40702090";"tuss-22";"Cintilografia para pesquisa de divertículo de Meckel";"-";"2010-10-15";"2009-02-13"
"40702081";"tuss-22";"Cintilografia para estudo de trânsito esofágico (semi-sólidos)";"-";"2010-10-15";"2009-02-13"
"40702073";"tuss-22";"Cintilografia para estudo de trânsito esofágico (líquidos)";"-";"2010-10-15";"2009-02-13"
"40702065";"tuss-22";"Cintilografia para determinação do tempo de esvaziamento gástrico";"-";"2010-10-15";"2009-02-13"
"40702057";"tuss-22";"Cintilografia para detecção de hemorragia digestória não ativa";"-";"2010-10-15";"2009-02-13"
"40702049";"tuss-22";"Cintilografia para detecção de hemorragia digestória ativa";"-";"2010-10-15";"2009-02-13"
"40702030";"tuss-22";"Cintilografia do fígado e vias biliares";"-";"2010-10-15";"2009-02-13"
"40702022";"tuss-22";"Cintilografia do fígado e do baço";"-";"2010-10-15";"2009-02-13"
"40702014";"tuss-22";"Cintilografia das glândulas salivares com ou sem estímulo";"-";"2010-10-15";"2009-02-13"
"40701158";"tuss-22";"Cintilografia de perfusão do miocárido, associada à Dobutamina";"-";"2014-08-31";"2012-10-10"
"40701140";"tuss-22";"Cintilografia do miocárdio perfusão - estresse físico";"-";"2010-10-15";"2009-02-13"
"40701131";"tuss-22";"Cintilografia do miocárdio perfusão - estresse farmacológico";"-";"2010-10-15";"2009-02-13"
"40701123";"tuss-22";"Venografia radioisotópica";"-";"2010-10-15";"2009-02-13"
"40701115";"tuss-22";"Quantificação de \"shunt\" periférico ";"-";"2010-10-15";"2009-02-13"
"40701107";"tuss-22";"Quantificação de \"shunt\" da direita para a esquerda ";"-";"2010-10-15";"2009-02-13"
"40701093";"tuss-22";"Fluxo sanguíneo das extremidades";"-";"2010-10-15";"2009-02-13"
"40701085";"tuss-22";"Cintilografia sincronizada das câmaras cardíacas - repouso";"-";"2010-10-15";"2009-02-13"
"40701077";"tuss-22";"Cintilografia sincronizada das câmaras cardíacas - esforço";"-";"2010-10-15";"2009-02-13"
"40701069";"tuss-22";"Cintilografia do miocárdio perfusão - repouso";"-";"2010-10-15";"2009-02-13"
"40701050";"tuss-22";"Cintilografia do miocárdio necrose (infarto agudo)";"-";"2010-10-15";"2009-02-13"
"40701042";"tuss-22";"Cintilografia do miocárdio com FDG-18 F, em câmara híbrida";"-";"2010-10-15";"2009-02-13"
"40701034";"tuss-22";"Cintilografia do miocárdio com duplo isótopo (perfusão + viabilidade)";"-";"2010-10-15";"2009-02-13"
"40701026";"tuss-22";"Cintilografia com hemácias marcadas";"-";"2010-10-15";"2009-02-13"
"40701018";"tuss-22";"Angiografia radioisotópica";"-";"2010-10-15";"2009-02-13"
"40602010";"tuss-22";"PD-L1 - Detecção por técnicas imunoistoquímicas";"-";"2021-06-30";"2021-04-01"
"40601439";"tuss-22";"Instabilidade de microssatélites (MSI), detecção por PCR, bloco de parafina";"-";"2014-08-31";"2012-10-10"
"40601420";"tuss-22";"AP biópsia mútliplas (de 7 a 10 áreas)";"-";"2014-08-31";"2012-10-10"
"40601412";"tuss-22";"AP bióspia múltiplas (até 6 áreas)";"-";"2014-08-31";"2012-10-10"
"40601404";"tuss-22";"Imprint de medula óssea";"-";"2010-10-15";"2009-02-13"
"40601390";"tuss-22";"Imprint de gânglio";"-";"2010-10-15";"2009-02-13"
"40601382";"tuss-22";"DNA citometria fluxo parafina - outros materiais";"-";"2010-10-15";"2009-02-13"
"40601374";"tuss-22";"Citológico em outros materiais";"-";"2010-10-15";"2009-02-13"
"40601366";"tuss-22";"Citológico em líquido sinovial";"-";"2010-10-15";"2009-02-13"
"40601358";"tuss-22";"Citológico em líquido pericárdio";"-";"2010-10-15";"2009-02-13"
"40601340";"tuss-22";"Citológico em líquido ascítico";"-";"2010-10-15";"2009-02-13"
"40601331";"tuss-22";"Citológico anatomia patológica, qualquer material";"-";"2010-10-15";"2009-02-13"
"40601323";"tuss-22";"Procedimento diagnóstico citopatológico em meio líquido";"-";"2010-10-15";"2009-02-13"
"40601315";"tuss-22";"Procedimento diagnóstico em citometria de imagens ";"-";"2010-10-15";"2009-02-13"
"40601307";"tuss-22";"Procedimento diagnóstico em citometria de fluxo (por monoclonal pesquisado) ";"-";"2010-10-15";"2009-02-13"
"40601293";"tuss-22";"Procedimento diagnóstico por captura híbrida ";"-";"2010-10-15";"2009-02-13"
"40601285";"tuss-22";"Procedimento diagnóstico em painel de hibridização \"in situ\" ";"-";"2010-10-15";"2009-02-13"
"40601277";"tuss-22";"Procedimento diagnóstico em imunofluorescência ";"-";"2010-10-15";"2009-02-13"
"40601269";"tuss-22";"Coloração especial por coloração";"-";"2010-10-15";"2009-02-13"
"40601250";"tuss-22";"Procedimento diagnóstico em lâminas de PAAF até 5 ";"-";"2010-10-15";"2009-02-13"
"40601242";"tuss-22";"Procedimento diagnóstico em amputação de membros - causa oncológica ";"-";"2010-10-15";"2009-02-13"
"40601234";"tuss-22";"Procedimento diagnóstico em amputação de membros - sem causa oncológica ";"-";"2010-10-15";"2009-02-13"
"40601226";"tuss-22";"Procedimento diagnóstico em grupos de linfonodos, estruturas vizinhas e margens de peças anatômicas simples ou complexas (por margem) - máximo de três margens";"-";"2010-10-15";"2009-02-13"
"40601218";"tuss-22";"Procedimento diagnóstico em peça cirúrgica ou anatômica complexa ";"-";"2010-10-15";"2009-02-13"
"40601200";"tuss-22";"Procedimento diagnóstico em peça anatômica ou cirúrgica simples ";"-";"2010-10-15";"2009-02-13"
"40601196";"tuss-22";"Procedimento diagnóstico em fragmentos múltiplos de biópsias de mesmo órgão ou topografia, acondicionados em um mesmo frasco ";"-";"2010-10-15";"2009-02-13"
"40601188";"tuss-22";"Procedimento diagnóstico em reação imunoistoquímica isolada ";"-";"2010-10-15";"2009-02-13"
"40601170";"tuss-22";"Procedimento diagnóstico em painel de imunoistoquímica (duas a cinco reações) ";"-";"2010-10-15";"2009-02-13"
"40601161";"tuss-22";"Procedimento diagnóstico em citologia hormonal isolada ";"-";"2010-10-15";"2009-02-13"
"40601153";"tuss-22";"Procedimento diagnóstico em revisão de lâminas ou cortes histológicos seriados";"-";"2010-10-15";"2009-02-13"
"40601145";"tuss-22";"Procedimento diagnóstico em citologia hormonal seriado";"-";"2010-10-15";"2009-02-13"
"40601137";"tuss-22";"Procedimento diagnóstico em citopatologia cérvico-vaginal oncótica";"-";"2010-10-15";"2009-02-13"
"40601129";"tuss-22";"Procedimento diagnóstico citopatológico oncótico de líquidos e raspados cutâneos";"-";"2010-10-15";"2009-02-13"
"40601110";"tuss-22";"Procedimento diagnóstico em biópsia simples \"imprint\" e \"cell block\" ";"-";"2010-10-15";"2009-02-13"
"40601102";"tuss-22";"Ato de coleta de PAAF de órgãos ou estruturas profundas com deslocamento do patologista";"-";"2010-10-15";"2009-02-13"
"40601099";"tuss-22";"Ato de coleta de PAAF de órgãos ou estruturas superficiais com deslocamento do patologista";"-";"2010-10-15";"2009-02-13"
"40601080";"tuss-22";"Ato de coleta de PAAF de órgãos ou estruturas profundas sem deslocamento do patologista";"-";"2010-10-15";"2009-02-13"
"40601072";"tuss-22";"Ato de coleta de PAAF de órgãos ou estruturas superficiais sem deslocamento do patologista";"-";"2010-10-15";"2009-02-13"
"40601064";"tuss-22";"Microscopia eletrônica ";"-";"2010-10-15";"2009-02-13"
"40601056";"tuss-22";"Necrópsia de embrião/feto até 500 gramas";"-";"2010-10-15";"2009-02-13"
"40601048";"tuss-22";"Necrópsia de adulto/criança e natimorto com suspeita de anomalia genética";"-";"2010-10-15";"2009-02-13"
"40601030";"tuss-22";"Procedimento diagnóstico peroperatório com deslocamento do patologista ";"-";"2010-10-15";"2009-02-13"
"40601021";"tuss-22";"Procedimento diagnóstico peroperatório - peça adicional ou margem cirúrgica ";"-";"2010-10-15";"2009-02-13"
"40601013";"tuss-22";"Procedimento diagnóstico peroperatório sem deslocamento do patologista";"-";"2010-10-15";"2009-02-13"
"40503950";"tuss-22";"Painel multiplex infeccioso no líquor - painel com até 25 agentes";"-";"2021-10-31";"2021-08-01"
"40503941";"tuss-22";"Detecção  de  anticorpo  IgG  anti-HTLV-1/2  no  líquido  cefalorraquidiano  (LCR)";"-";"2021-10-31";"2021-08-01"
"40503933";"tuss-22";"Quantificação de proteína Tau-Total, no líquido cefalorraquidiano (LCR)";"-";"2021-10-31";"2021-08-01"
"40503925";"tuss-22";"Quantificação  de  proteína  Tau-fosforilada,  no  líquido  cefalorraquidiano  (LCR)";"-";"2021-10-31";"2021-08-01"
"40503917";"tuss-22";"Quantificação de carga viral HIV-1 (HIV RNA) no líquido cefalorraquidiano (LCR)";"-";"2021-10-31";"2021-08-01"
"40503909";"tuss-22";"Quantificação  de  proteína  beta  amilóide-42,  no  líquido  cefalorraquidiano  (LCR)";"-";"2021-10-31";"2021-08-01"
"40503895";"tuss-22";"Captura/Amplificação e subsequente sequenciamento de regiões genômicas DE MAIS DE 30 MEGABASES DE DNA TUMORAL PARA ANÁLISE DE MUTAÇÕES SOMÁTICAS por qualquer técnica de sequenciamento (Sanger ou qualquer forma de sequenciamento de nova geração - NGS); INCLUI EXOMA TUMORAL";"-";"2021-10-31";"2021-08-01"
"40503887";"tuss-22";"Captura/Amplificação e subsequente sequenciamento de regiões genômicas DE 1 MEGABASE A 30 MEGABASES DE DNA TUMORAL PARA ANÁLISE DE MUTAÇÕES SOMÁTICAS por qualquer técnica de sequenciamento (Sanger ou qualquer forma de sequenciamento de nova geração - NGS) ";"-";"2021-10-31";"2021-08-01"
"40503879";"tuss-22";"Captura/Amplificação e subsequente sequenciamento de regiões genômicas DE 20 KILOBASES A 1 MEGABASE DE DNA TUMORAL PARA ANÁLISE DE MUTAÇÕES SOMÁTICAS por qualquer técnica de sequenciamento (Sanger ou qualquer forma de sequenciamento de nova geração - NGS)";"-";"2021-10-31";"2021-08-01"
"40503860";"tuss-22";"Captura/Amplificação e subsequente sequenciamento de regiões genômicas DE ATÉ 20 KILOBASES DE DNA TUMORAL PARA ANÁLISE DE MUTAÇÕES SOMÁTICAS por qualquer técnica de sequenciamento (Sanger ou qualquer forma de sequenciamento de nova geração - NGS)";"-";"2021-10-31";"2021-08-01"
"40503852";"tuss-22";"ALK - PESQUISA DE MUTAÇÃO";"-";"2018-03-31";"2018-01-01"
"40503844";"tuss-22";"Mutação familial específica - Sequenciamento de Sanger do loccus identificado";"-";"2016-04-15";"2016-01-15"
"40503836";"tuss-22";"Mutação familial específica - PCR do loccus identificado";"-";"2016-04-15";"2016-01-15"
"40503828";"tuss-22";"Rearranjo PML/RARA  t(15;17) RQ-PCR (Quantitativo em tempo real)";"-";"2016-04-15";"2016-01-15"
"40503810";"tuss-22";"Sequenciamento de Nova geração de todas as regiões codificadoras (éxons) de todo os genes do genoma  - Sequenciamento do Exoma (inclui Captura, Amplificação e Sequenciamento)";"-";"2016-03-31";"2016-01-01"
"40503801";"tuss-22";"Sequenciamento de Nova Geração (NGS) - genes isolados, painéis e grandes regiões genômicas (inclui Captura, Amplificação e Sequenciamento)";"-";"2016-03-31";"2016-01-01"
"40503798";"tuss-22";"NRAS  PCR ou sequenciamento de Sanger  para mutações nos éxons 2,  3 e 4 do gene, no tumor";"-";"2016-03-31";"2016-01-01"
"40503780";"tuss-22";"BRAF, pesquisa de mutação ";"-";"2014-08-31";"2013-12-01"
"40503771";"tuss-22";"K-RAS, pesquisa de mutação ";"-";"2014-08-31";"2013-12-01"
"40503763";"tuss-22";"EGFR, pesquisa de mutação ";"-";"2014-08-31";"2013-12-01"
"40503755";"tuss-22";"Detecção/tipagem herpes vírus 1/2 líquor ";"-";"2014-08-31";"2012-10-10"
"40503747";"tuss-22";"Detecção de Niemann Pick tipo Cc";"-";"2014-08-31";"2012-10-10"
"40503739";"tuss-22";"Atrofia dentato-rubro-palido-luysiana, DRPLA, sangue total";"-";"2014-08-31";"2012-10-10"
"40503720";"tuss-22";"Identificação genética - exame de paternidade (cada pessoa)";"-";"2014-08-31";"2012-10-10"
"40503712";"tuss-22";"Pesquisa dea mutação 35delg da conexina ";"-";"2014-08-31";"2012-10-10"
"40503704";"tuss-22";"Células B painel de linfoma, Burkitt's -T(8;14); Folicular - T(14;14) e células de manto - T(11;14), FISH";"-";"2014-08-31";"2012-10-10"
"40503690";"tuss-22";"Distrofia muscular (Duchenne), por PCR";"-";"2014-08-31";"2012-10-10"
"40503682";"tuss-22";"FLT3 pesquisa de mutações por eletroforese capilar (cada) ";"-";"2014-08-31";"2012-10-10"
"40503674";"tuss-22";"Mucolipidosis tipo 4 análise da mutação";"-";"2014-08-31";"2012-10-10"
"40503666";"tuss-22";"MPL W515 e MPL S505 análise mutacional";"-";"2014-08-31";"2012-10-10"
"40503658";"tuss-22";"Atrofia muscular e bulbar (Kennedy), por PCR";"-";"2014-08-31";"2012-10-10"
"40503640";"tuss-22";"FLT3 pesquisa de mutações por PCR (cada)";"-";"2014-08-31";"2012-10-10"
"40503631";"tuss-22";"Detecção de mutações no gene MSH6";"-";"2014-08-31";"2012-10-10"
"40503623";"tuss-22";"Detecção de mutações no gene MLH1 MSH2";"-";"2014-08-31";"2012-10-10"
"40503615";"tuss-22";"Detecção de Del/Dupl no gene MLH1 MSH2";"-";"2014-08-31";"2012-10-10"
"40503607";"tuss-22";"CYP21, estudo molecular do gene, sangue";"-";"2014-08-31";"2012-10-10"
"40503593";"tuss-22";"C kit análise mutacional";"-";"2014-08-31";"2012-10-10"
"40503585";"tuss-22";"Translocação 4;14 fish (IgH/FGFR3)";"-";"2014-08-31";"2012-10-10"
"40503577";"tuss-22";"SHOX, estudo molecular do gene, sangue total";"-";"2014-08-31";"2012-10-10"
"40503569";"tuss-22";"Sensibilidade genética a Warfarina padrão";"-";"2014-08-31";"2012-10-10"
"40503550";"tuss-22";"Receptor 4 do melanocorticotropina, estudo molecular do gene";"-";"2014-08-31";"2012-10-10"
"40503542";"tuss-22";"Rearranjo gênico quantitativo BCR/ABL por PCR";"-";"2014-08-31";"2012-10-10"
"40503534";"tuss-22";"Rearranjo gênico células T por PCR";"-";"2014-08-31";"2012-10-10"
"40503526";"tuss-22";"Rearranjo gênico células B por PCR";"-";"2014-08-31";"2012-10-10"
"40503518";"tuss-22";"Rearranjo BCL6 3q27 (NHL) fish";"-";"2014-08-31";"2012-10-10"
"40503500";"tuss-22";"Rearranjo 8q24 fish (sangue)";"-";"2014-08-31";"2012-10-10"
"40503496";"tuss-22";"Rearranjo 8q24 fish (medula óssea)";"-";"2014-08-31";"2012-10-10"
"40503488";"tuss-22";"PTPN11, estudo molecular do gene, sangue total";"-";"2014-08-31";"2012-10-10"
"40503470";"tuss-22";"PROP1, estudo molecular do gene, sangue total";"-";"2014-08-31";"2012-10-10"
"40503461";"tuss-22";"Prader-Willi/Angelman, síndrome, diagnóstico";"-";"2014-08-31";"2012-10-10"
"40503453";"tuss-22";"Hemocromatose, análise por PCR";"-";"2014-08-31";"2012-10-10"
"40503445";"tuss-22";"Neoplasia endócrina múltipla, tipo 1, sangue total";"-";"2014-08-31";"2012-10-10"
"40503437";"tuss-22";"Hormônio de crescimento, estudo molecular do gene";"-";"2014-08-31";"2012-10-10"
"40503429";"tuss-22";"Hormônio de crescimento, estudo do gene receptor";"-";"2014-08-31";"2012-10-10"
"40503410";"tuss-22";"Hipolactasia, análise molecular";"-";"2014-08-31";"2012-10-10"
"40503402";"tuss-22";"Hemofilia B, análise do DNA";"-";"2014-08-31";"2012-10-10"
"40503399";"tuss-22";"Hemofilia A, análise do DNA";"-";"2014-08-31";"2012-10-10"
"40503380";"tuss-22";"CCND1 e IGH (genes), hibridização in situ por fluore";"-";"2014-08-31";"2012-10-10"
"40503372";"tuss-22";"JAK2 (gene), detecção das mutações por PCR";"-";"2014-08-31";"2012-10-10"
"40503364";"tuss-22";"Neurofibromatose tipo 1, estudo molecular";"-";"2014-08-31";"2012-10-10"
"40503356";"tuss-22";"Disautonomia familiar, análise por DNA";"-";"2014-08-31";"2012-10-10"
"40503348";"tuss-22";"Distrofia miotonica, análise por DNA";"-";"2014-08-31";"2012-10-10"
"40503330";"tuss-22";"Diabetes tipo MODY 3, teste genético";"-";"2014-08-31";"2012-10-10"
"40503321";"tuss-22";"Diabetes tipo MODY 2, teste genético";"-";"2014-08-31";"2012-10-10"
"40503313";"tuss-22";"Cromossomo Y, microdeleções por PCR";"-";"2016-04-15";"2016-01-15"
"40503305";"tuss-22";"Colinesterase, estudo genético";"-";"2014-08-31";"2012-10-10"
"40503291";"tuss-22";"Citocromo P450 2C19 genotipagem";"-";"2014-08-31";"2012-10-10"
"40503283";"tuss-22";"CCR-5, pesquisa de mutação por PCR";"-";"2014-08-31";"2012-10-10"
"40503275";"tuss-22";"Análise da mutação IgVH-cadeia pesada da imunoglobulina";"-";"2014-08-31";"2012-10-10"
"40503267";"tuss-22";"Translocação AML1-ETO t(8,21) por PCR";"-";"2014-08-31";"2012-10-10"
"40503259";"tuss-22";"Validação pré-natal ou pós-natal de alteração cromossômica submicroscópica detectada no rastreamento genômico, por FISH ou qPCR ou outra técnica, por locus, por amostra";"-";"2014-08-31";"2012-10-10"
"40503240";"tuss-22";"Rastreamento pré-natal ou pós-natal de todo o genoma para  identificar alterações cromossômicas submicroscópicas por CGH-array ou SNP-array ou outras técnicas, por clone ou oligo utilizado, por amostra";"-";"2014-08-31";"2012-10-10"
"40503232";"tuss-22";"Detecção pré-natal ou pós-natal de alterações cromossômicas submicroscópicas reconhecidamente causadoras de síndrome de genes contíguos, por FISH, qPCR ou outra técnica, por locus, por amostra";"-";"2014-08-31";"2012-10-10"
"40503224";"tuss-22";"Análise de expressão gênica por locus, por amostra, por CGH array, SNP array ou outras técnicas";"-";"2014-08-31";"2012-10-10"
"40503216";"tuss-22";"Interpretação e elaboração do laudo da análise genética, por amostra";"-";"2014-08-31";"2012-10-10"
"40503208";"tuss-22";"Coloração de gel e Fotodocumentação da análise molecular, por amostra";"-";"2014-08-31";"2012-10-10"
"40503194";"tuss-22";"Rastreamento de exon mutado (por gradiente de desnaturação ou conformação de polimorfismo de fita simples ou RNAse ou Clivagem Química ou outras técnicas) para identificação de fragmento mutado, por fragmento analisado, por amostra";"-";"2014-08-31";"2012-10-10"
"40503186";"tuss-22";"Separação do material genético por eletroforese capilar ou em gel (agarose, acrilamida), por gel utilizado, por amostra";"-";"2014-08-31";"2012-10-10"
"40503178";"tuss-22";"Produção de DOT/SLOT-BLOT, por BLOT, por amostra";"-";"2014-08-31";"2012-10-10"
"40503160";"tuss-22";"Análise de DNA pela técnica de Southern Blot, por sonda utilizada, por amostra";"-";"2014-08-31";"2012-10-10"
"40503151";"tuss-22";"Análise de DNA por MLPA, por sonda de DNA utilizada, por amostra";"-";"2014-08-31";"2012-10-10"
"40503143";"tuss-22";"Amplificação do material genético (por PCR, PCR em tempo Real, LCR, RT-PCR ou outras técnicas), por primer utilizado, por amostra";"-";"2014-08-31";"2012-10-10"
"40503135";"tuss-22";"Transcrição reversa de RNA, por amostra";"-";"2014-08-31";"2012-10-10"
"40503127";"tuss-22";"Extração, purificação e quantificação de ácido nucléico de qualquer tipo de amostra biológica, por amostra";"-";"2014-08-31";"2012-10-10"
"40503119";"tuss-22";"Processamento de qualquer tipo de amostra biológica para estabilização do ácido nucléico, por amostra";"-";"2014-08-31";"2012-10-10"
"40503100";"tuss-22";"Identificação de mutação por sequenciamento do DNA, por 100 pares de base sequenciadas, por amostra";"-";"2010-10-15";"2009-02-13"
"40503097";"tuss-22";"Extração de DNA (sangue, urina, líquido aminiótico, vilo trofoblástico etc.), por amostra";"-";"2010-10-15";"2009-02-13"
"40503089";"tuss-22";"Extração de DNA (osso), por amostra";"-";"2010-10-15";"2009-02-13"
"40503070";"tuss-22";"Diagnóstico genético pré-implantação por DNA, por sonda de FISH ou por primer de PCR, por amostra";"-";"2010-10-15";"2009-02-13"
"40503062";"tuss-22";"Análise de DNA por sonda, ou PCR por locus, por amostra";"-";"2010-10-15";"2009-02-13"
"40503054";"tuss-22";"Análise de DNA pela técnica multiplex por locus, por amostra";"-";"2010-10-15";"2009-02-13"
"40503046";"tuss-22";"Análise de DNA pela técnica multiplex por locus extra, por amostra";"-";"2010-10-15";"2009-02-13"
"40503038";"tuss-22";"Análise de DNA fetal por sonda ou PCR por locus, por amostra";"-";"2010-10-15";"2009-02-13"
"40503020";"tuss-22";"Análise de DNA fetal por enzima de restrição, por enzima utilizada, por amostra (adicional nos exames em que já foi feito o PCR 4.05.03.06-2 e depende da enzima para estabelecer o diagnóstico)";"-";"2010-10-15";"2009-02-13"
"40503011";"tuss-22";"Análise de DNA com enzimas de restrição por enzima utilizada, por amostra";"-";"2010-10-15";"2009-02-13"
"40502244";"tuss-22";"Defeitos congênitos da glicolização - Focalização isoelétrica da transferrina";"-";"2016-03-31";"2016-01-01"
"40502236";"tuss-22";"Dosagem quantitativa de ácidos orgânicos para o diagnóstico de erros inatos do metabolismo (perfil de ácidos orgânicos numa amostra)";"-";"2014-08-31";"2012-10-10"
"40502228";"tuss-22";"Rastreamento neonatal para o diagnósitco de EIM e outras doenças";"-";"2014-08-31";"2012-10-10"
"40502210";"tuss-22";"Terapia de reposição enzimática por infusão endovenosa, por procedimento ";"-";"2014-08-31";"2012-10-10"
"40502201";"tuss-22";"Dosagem quantitativa de metabólitos por espectrometria de massa ou espectrometria de massa em TANDEM (MS OU MS/MS) para o diagnóstico de EIM";"-";"2014-08-31";"2012-10-10"
"40502198";"tuss-22";"Dosagem quantitativa de metabólitos por cromatografia / espectrometria de massa  (CG/MS ou HPLC/MS ) para o diagnóstico de EIM";"-";"2014-08-31";"2012-10-10"
"40502180";"tuss-22";"Dosagem quantitativa de ácidos graxos de cadeia muito longa  para o diagnóstico de EIM";"-";"2014-08-31";"2012-10-10"
"40502171";"tuss-22";"Dosagem quantitativa de carnitina e perfil de acilcarnitina, para o diagnóstico de erros inatos do metabolismo";"-";"2014-08-31";"2012-10-10"
"40502163";"tuss-22";"Testes químicos de triagem em urina para erros inatos do metabolismo (cada) ";"-";"2010-10-15";"2009-02-13"
"40502155";"tuss-22";"Teste triplo (AFP+Beta-HCG+Estriol) ou outros 3 em soro ou líquido aminiótico com elaboração de laudo contendo cálculo de risco para anomalias fetais ";"-";"2010-10-15";"2009-02-13"
"40502147";"tuss-22";"Teste duplo - 2 trimestre (AFP+Beta-HCG) ou outros 2 em soro ou líquido aminiótico com elaboração de laudo contendo cálculo de risco para anomalias fetais";"-";"2010-10-15";"2009-02-13"
"40502139";"tuss-22";"Teste duplo - 1 trimestre (PAPP-A+Beta-HCG) ou outros 2 em soro ou líquido aminiótico com elaboração de laudo contendo cálculo de risco para anomalias fetais";"-";"2010-10-15";"2009-02-13"
"40502120";"tuss-22";"Ensaios enzimáticos no plasma para diagnóstico de EIM, incluindo enzima de referência (cada)";"-";"2010-10-15";"2009-02-13"
"40502112";"tuss-22";"Ensaios enzimáticos em leucócitos, eritrócitos ou tecidos para diagnóstico de EIM, incluindo preparo do material, dosagem de proteína e enzima de referência (cada)";"-";"2010-10-15";"2009-02-13"
"40502104";"tuss-22";"Ensaios enzimáticos em células cultivadas para diagnóstico de EIM, incluindo preparo do material, dosagem de proteína e enzima de referência (cada)";"-";"2010-10-15";"2009-02-13"
"40502090";"tuss-22";"Eletroforese ou cromatografia (papel ou camada delgada) para identificação de aminoácidos ou glicídios ou oligossacarídios ou sialoligossacarídios glicosaminoglicanos ou outros compostos para detecção de erros inatos do metabolismo (cada)";"-";"2010-10-15";"2009-02-13"
"40502082";"tuss-22";"Dosagem quantitativa de metabólitos na urina e/ou sangue para o diagnóstico de erros inatos do metabolismo (cada)";"-";"2010-10-15";"2009-02-13"
"40502074";"tuss-22";"Dosagem quantitativa de aminoácidos para o diagnóstico de erros inatos do metabolismo (perfil de aminoácidos numa amostra)";"-";"2010-10-15";"2009-02-13"
"40502066";"tuss-22";"Dosagem quantitativa de ácidos orgânicos, carnitina, perfil de acilcarnitina, ácidos graxos de cadeia muito longa, para o diagnóstico de erros inatos do metabolismo (perfil em uma amostra)";"-";"2010-10-15";"2009-02-13"
"40502058";"tuss-22";"Determinação do risco fetal, com elaboração de laudo ";"-";"2010-10-15";"2009-02-13"
"40502040";"tuss-22";"Baterias de testes químicos de triagem em urina para erros inatos do metabolismo (mínimo de seis testes)";"-";"2010-10-15";"2009-02-13"
"40502015";"tuss-22";"Marcadores bioquímicos extras, além de BHCG, AFP e PAPP-A, para avaliação do risco fetal, por marcador, por amostra ";"-";"2010-10-15";"2009-02-13"
"40501280";"tuss-22";"Hibridização in situ pela prata ou cromogênica  (CISH) - Histoquímica";"-";"2016-03-31";"2016-01-01"
"40501272";"tuss-22";"Translocação PML/RARA  t(15;17) FISH em sangue periférico";"-";"2016-03-31";"2016-01-01"
"40501264";"tuss-22";"Translocação PML/RARA  t(15;17) FISH em medula óssea";"-";"2016-03-31";"2016-01-01"
"40501256";"tuss-22";"HER2 CISH para amplificação gênica em tumor de mama";"-";"2016-03-31";"2016-01-01"
"40501248";"tuss-22";"HER2 FISH para amplificação gênica em tumor de mama";"-";"2016-03-31";"2016-01-01"
"40501230";"tuss-22";"Cultura de fibroblastos (pele)";"-";"2014-08-31";"2012-10-10"
"40501221";"tuss-22";"Cariótipo de sangue (técnicas com bandas) - Análise de 50 células para detecção de mosaicismo";"-";"2014-08-31";"2012-10-10"
"40501213";"tuss-22";"Pesquisa de translocação PML/RAR-a";"-";"2010-10-15";"2010-09-09"
"40501205";"tuss-22";"Estudo de alterações cromossômicas em leucemias por FISH (Fluorescence In Situ Hybridization)";"-";"2010-10-15";"2010-09-09"
"40501191";"tuss-22";"Subcultura de pele para dosagens bioquímicas e/ou moleculares (adicional)";"-";"2010-10-15";"2009-02-13"
"40501183";"tuss-22";"Líquido amniótico, vilosidades coriônicas, subcultura para dosagens bioquímicas e/ou moleculares (adicional)";"-";"2010-10-15";"2009-02-13"
"40501175";"tuss-22";"Líquido amniótico, cariótipo com bandas ";"-";"2010-10-15";"2009-02-13"
"40501167";"tuss-22";"Fish pré-natal, por sonda ";"-";"2010-10-15";"2009-02-13"
"40501159";"tuss-22";"Fish em metáfase ou núcleo interfásico, por sonda ";"-";"2010-10-15";"2009-02-13"
"40501140";"tuss-22";"Diagnóstico genético pré-implantação por fish, por sonda";"-";"2010-10-15";"2009-02-13"
"40501132";"tuss-22";"Cultura de tecido para ensaio enzimático e/ou extração de DNA";"-";"2010-10-15";"2009-02-13"
"40501124";"tuss-22";"Cultura de material de aborto e obtenção de cariótipo";"-";"2010-10-15";"2009-02-13"
"40501116";"tuss-22";"Cromatina X ou Y";"-";"2010-10-15";"2009-02-13"
"40501108";"tuss-22";"Cariótipo para pesquisa de instabilidade cromossômica ";"-";"2010-10-15";"2009-02-13"
"40501094";"tuss-22";"Cariótipo em vilosidades coriônicas (cultivo de trofoblastos) ";"-";"2010-10-15";"2009-02-13"
"40501086";"tuss-22";"Cariótipo de sangue-pesquisa de sítio frágil X";"-";"2010-10-15";"2009-02-13"
"40501078";"tuss-22";"Cariótipo de sangue-pesquisa de marcadores tumorais";"-";"2010-10-15";"2009-02-13"
"40501060";"tuss-22";"Cariótipo de sangue obtido por cordocentese pré-natal  ";"-";"2010-10-15";"2009-02-13"
"40501051";"tuss-22";"Cariótipo de sangue (técnicas com bandas) ";"-";"2010-10-15";"2009-02-13"
"40501043";"tuss-22";"Cariótipo de medula (técnicas com bandas) ";"-";"2010-10-15";"2009-02-13"
"40501035";"tuss-22";"Cariótipo com técnicas de alta resolução ";"-";"2010-10-15";"2009-02-13"
"40501027";"tuss-22";"Cariótipo com pesquisa de troca de cromátides irmãs ";"-";"2010-10-15";"2009-02-13"
"40501019";"tuss-22";"Cariótipo com bandas de pele, tumor e demais tecidos ";"-";"2010-10-15";"2009-02-13"
"40404579";"tuss-22";"Identificação de anticorpos anti-eritrocitários a frio em gel";"-";"2021-10-31";"2021-08-01"
"40404560";"tuss-22";"Pesquisa de anticorpos séricos irregulares antieritrocitários - método de eluição - gel teste";"-";"2021-10-31";"2021-08-01"
"40404552";"tuss-22";"Controle bacteriológico para concentrado de plaquetas";"-";"2021-10-31";"2021-08-01"
"40404544";"tuss-22";"Técnicas de adsorção";"-";"2014-08-31";"2012-10-10"
"40404536";"tuss-22";"Prova de compatibilidade para transfusão de plaquetas (MAIPA)";"-";"2014-08-31";"2012-10-10"
"40404528";"tuss-22";"Plaquetaférese HLA compatível";"-";"2014-08-31";"2012-10-10"
"40404510";"tuss-22";"Plaquetaférese CMV negativos";"-";"2014-08-31";"2012-10-10"
"40404501";"tuss-22";"Pesquisa e identificação de anticorpos plaquetários (MAIPA)";"-";"2014-08-31";"2012-10-10"
"40404498";"tuss-22";"Pesquisa de hemolisina";"-";"2014-08-31";"2012-10-10"
"40404480";"tuss-22";"Granulócitos CMV negativos";"-";"2014-08-31";"2012-10-10"
"40404471";"tuss-22";"Genotipagem Ss";"-";"2014-08-31";"2012-10-10"
"40404463";"tuss-22";"Genotipagem RHD, Cc, Ee, Pseudogene, Kell";"-";"2014-08-31";"2012-10-10"
"40404455";"tuss-22";"Genotipagem RHD, Cc, Ee, Pseudogene";"-";"2014-08-31";"2012-10-10"
"40404447";"tuss-22";"Genotipagem RHD, Cc, Ec, Pse, K, Kid, Df, Gata";"-";"2014-08-31";"2012-10-10"
"40404439";"tuss-22";"Genotipagem HPA por sistema";"-";"2014-08-31";"2012-10-10"
"40404420";"tuss-22";"Genotipagem completa plaquetária (HPA 1, 6 e 15)";"-";"2014-08-31";"2012-10-10"
"40404412";"tuss-22";"Fotoférese";"-";"2014-08-31";"2012-10-10"
"40404404";"tuss-22";"Fenotipagem do sistema RH-HR (D, C, E, C, E) e Kell";"-";"2014-08-31";"2012-10-10"
"40404390";"tuss-22";"Concentrado de hemácias raras congeladas";"-";"2014-08-31";"2012-10-10"
"40404382";"tuss-22";"S. Anticorpo anti-CMV (IgM), por unidade de sangue total";"-";"2014-08-31";"2012-10-10"
"40404374";"tuss-22";"S. Anticorpo anti-CMV (IgG), por unidade de sangue total";"-";"2014-08-31";"2012-10-10"
"40404366";"tuss-22";"NAT teste de ácido nucleico HIV/HCV/HBV";"-";"2014-08-31";"2012-10-10"
"40404358";"tuss-22";"Descalcificação de tecido, anatomia patológica";"-";"2014-08-31";"2012-10-10"
"40404340";"tuss-22";"Imunofluorescência direta de pele";"-";"2014-08-31";"2012-10-10"
"40404331";"tuss-22";"Genotipagem RhD parcial";"-";"2014-08-31";"2012-10-10"
"40404323";"tuss-22";"Genotipagem para zigosidade D";"-";"2014-08-31";"2012-10-10"
"40404315";"tuss-22";"Genotipagem Kidd";"-";"2014-08-31";"2012-10-10"
"40404307";"tuss-22";"Genotipagem Kell";"-";"2014-08-31";"2012-10-10"
"40404293";"tuss-22";"Genotipagem Duffy_Gata";"-";"2014-08-31";"2012-10-10"
"40404285";"tuss-22";"Viabilidade celular das células tronco periféricas por citometria de fluxo após o descongelamento";"-";"2010-10-15";"2010-09-09"
"40404277";"tuss-22";"Viabilidade celular da medula óssea por citometria de fluxo após o descongelamento";"-";"2010-10-15";"2010-09-09"
"40404269";"tuss-22";"Viabilidade celular dos linfócitos periféricos por citometria de fluxo para tratamento das recidivas pós TCTH alogênico";"-";"2010-10-15";"2010-09-09"
"40404242";"tuss-22";"Quantificação de leucócitos totais da Medula Óssea no TCTH alogênico";"-";"2010-10-15";"2010-09-09"
"40404234";"tuss-22";"Quantificação de leucócitos totais da coleta de células tronco periféricas para TCTH alogênico";"-";"2010-10-15";"2010-09-09"
"40404226";"tuss-22";"Quantificação de CD8 da coleta de células tronco periféricas para TCTH alogênico";"-";"2010-10-15";"2010-09-09"
"40404218";"tuss-22";"Quantificação de CD4 da coleta de células tronco periféricas para TCTH alogênico";"-";"2010-10-15";"2010-09-09"
"40404200";"tuss-22";"Quantificação de CD3  da coleta de linfócitos para tratamento de recidivas pós TCTH alogênico";"-";"2010-10-15";"2010-09-09"
"40404196";"tuss-22";"Quantificação de CD3  da coleta de células tronco periféricas para TCTH alogênico";"-";"2010-10-15";"2010-09-09"
"40404188";"tuss-22";"Quantificação de CD19 da coleta de células tronco periféricas para TCTH alogênico";"-";"2010-10-15";"2010-09-09"
"40404170";"tuss-22";"Quantificação de CD14 da coleta de células tronco periféricas para TCTH alogênico";"-";"2010-10-15";"2010-09-09"
"40404161";"tuss-22";"PCR em tempo real para vírus respiratório sincicial";"-";"2010-10-15";"2010-09-09"
"40404153";"tuss-22";"PCR em tempo real para os vírus parainfluenza e influenza";"-";"2010-10-15";"2020-06-01"
"40404145";"tuss-22";"PCR em tempo real para diagnóstico de Herpes virus 8 - pos transplante";"-";"2010-10-15";"2010-09-09"
"40404137";"tuss-22";"PCR em tempo real para diagnóstico de Herpes virus 6 - pos transplante";"-";"2010-10-15";"2010-09-09"
"40404129";"tuss-22";"PCR em tempo real para diagnóstico de EBV - pós transplante";"-";"2010-10-15";"2010-09-09"
"40404110";"tuss-22";"PCR em tempo real para diagnóstico de adenovírus";"-";"2010-10-15";"2010-09-09"
"40404099";"tuss-22";"Controle microbiológico das células tronco periféricas no TCTH alogênico";"-";"2010-10-15";"2010-09-09"
"40404080";"tuss-22";"Controle microbiológico da medula óssea no TCTH alogênico";"-";"2010-10-15";"2010-09-09"
"40404072";"tuss-22";"Coleta de linfócitos de sangue periférico por aférese para tratamento de recidivas pós TCTH alogênico";"-";"2010-10-15";"2010-09-09"
"40404064";"tuss-22";"Análise quimerismo receptor - VNTC ou STR - pós transplante";"-";"2010-10-15";"2024-12-01"
"40404056";"tuss-22";"Avaliação quimerismo – VNTR ou STR - paciente - pré transplante";"-";"2010-10-15";"2024-12-01"
"40404048";"tuss-22";"Avaliação quimerismo - VNTR ou STR - doador - pré transplante";"-";"2010-10-15";"2024-12-01"
"40404030";"tuss-22";"Antigenemia para diagnóstico de CMV pós transplante";"-";"2010-10-15";"2010-09-09"
"40404013";"tuss-22";"TMO - prova cruzada para histocompatibilidade de transplante de medula óssea";"-";"2010-10-15";"2009-02-13"
"40403998";"tuss-22";"Tipificação ABO, incluindo tipagem reversa no sangue do receptor (sem tipagem reversa até 4 meses de idade) ";"-";"2010-10-15";"2009-02-13"
"40403980";"tuss-22";"Investigação da presença de anti-A ou anti-B, em soro ou plasma de neonato, com métodos que incluam uma fase antiglobulínica ";"-";"2010-10-15";"2009-02-13"
"40403971";"tuss-22";"Imuno-hematológicos: tipificação ABO, incluindo tipagem reversa e determinação do fator RH (D), incluindo prova para D-fraco e pesquisa e identificação de anticorpos séricos irregulares antieritrocitários ";"-";"2010-10-15";"2009-02-13"
"40403963";"tuss-22";"Exames imunohematológicos em recém-nascidos: tipificação ABO e RH, pesquisa de D fraco RH(D) e prova da antiglobulina direta";"-";"2010-10-15";"2009-02-13"
"40403955";"tuss-22";"Doação autóloga pré-operatória ";"-";"2010-10-15";"2009-02-13"
"40403947";"tuss-22";"Doação autóloga peri-operatória por hemodiluição normovolêmica ";"-";"2010-10-15";"2009-02-13"
"40403939";"tuss-22";"Doação autóloga com recuperação intra-operatória";"-";"2010-10-15";"2009-02-13"
"40403920";"tuss-22";"Determinação do fator RH (D), incluindo prova para D-fraco no sangue do receptor";"-";"2010-10-15";"2009-02-13"
"40403912";"tuss-22";"Estimulação e mobilização de células CD34 positivas ";"-";"2010-10-15";"2009-02-13"
"40403890";"tuss-22";"NAT/HBV - por componente hemoterápico - pesquisa e/ou dosagem";"-";"2010-10-15";"2009-02-13"
"40403840";"tuss-22";"Transaminase pirúvica - TGP ou ALT por componente hemoterápico - pesquisa e/ou dosagem ";"-";"2010-10-15";"2009-02-13"
"40403831";"tuss-22";"TMO - tratamento \"in vitro\" de medula óssea ou células tronco por anticorpos monoclonais (purging)(4) - por procedimento";"-";"2010-10-15";"2024-02-01"
"40403823";"tuss-22";"TMO - preparo e filtração de medula óssea ou células tronco na coleta - por procedimento";"-";"2010-10-15";"2024-02-01"
"40403815";"tuss-22";"TMO - preparo de medula óssea ou células tronco periféricas para congelamento - por procedimento ";"-";"2010-10-15";"2024-02-01"
"40403807";"tuss-22";"TMO - manutenção de congelamento de medula óssea ou células tronco (até 2 anos)";"-";"2010-10-15";"2009-02-13"
"40403793";"tuss-22";"TMO - determinação de viabilidade de medula óssea";"-";"2010-10-15";"2009-02-13"
"40403785";"tuss-22";"TMO - determinação de unidades formadoras de colônias";"-";"2010-10-15";"2009-02-13"
"40403777";"tuss-22";"TMO - determinação de HLA para transplantes de medula óssea - loci DR e DQ (baixa resolução)";"-";"2010-10-15";"2009-02-13"
"40403769";"tuss-22";"TMO - determinação de HLA para transplantes de medula óssea - loci A e B";"-";"2010-10-15";"2009-02-13"
"40403750";"tuss-22";"TMO - determinação de HLA   transplantes de medula óssea - loci DR e DQ (alta resolução)";"-";"2010-10-15";"2009-02-13"
"40403742";"tuss-22";"TMO - descongelamento de medula óssea ou células tronco";"-";"2010-10-15";"2009-02-13"
"40403734";"tuss-22";"TMO - cultura de linfócitos doador e receptor";"-";"2010-10-15";"2009-02-13"
"40403726";"tuss-22";"TMO - congelamento de medula óssea ou células tronco periféricas - por procedimento";"-";"2010-10-15";"2024-02-01"
"40403718";"tuss-22";"Teste de Coombs indireto - mono específico (IgG, IgA, C3, C3D, Poliv. - AGH) - gel teste ";"-";"2010-10-15";"2009-02-13"
"40403700";"tuss-22";"Teste de Coombs direto - mono específico (IgG, IgA, C3, C3D, Poliv. - AGH) - gel teste ";"-";"2010-10-15";"2009-02-13"
"40403696";"tuss-22";"Teste de Coombs direto - gel teste ";"-";"2010-10-15";"2009-02-13"
"40403688";"tuss-22";"Teste de Coombs direto - em tubo";"-";"2010-10-15";"2024-06-01"
"40403661";"tuss-22";"S. Hepatite B (HBsAg) RIE ou EIE por componente hemoterápico - pesquisa e/ou dosagem";"-";"2010-10-15";"2009-02-13"
"40403645";"tuss-22";"S. Chagas IFI por componente hemoterápico - pesquisa e/ou dosagem ";"-";"2010-10-15";"2009-02-13"
"40403629";"tuss-22";"S. Chagas HA por componente hemoterápico - pesquisa e/ou dosagem";"-";"2010-10-15";"2009-02-13"
"40403602";"tuss-22";"S. Sífilis VDRL por componente hemoterápico - pesquisa e/ou dosagem ";"-";"2010-10-15";"2009-02-13"
"40403580";"tuss-22";"S. Sífilis HA por componente hemoterápico - pesquisa e/ou dosagem";"-";"2010-10-15";"2009-02-13"
"40403564";"tuss-22";"S. Sífilis FTA - ABS por componente hemoterápico - pesquisa e/ou dosagem ";"-";"2010-10-15";"2009-02-13"
"40403548";"tuss-22";"S. Sífilis EIE por componente hemoterápico - pesquisa e/ou dosagem";"-";"2010-10-15";"2009-02-13"
"40403521";"tuss-22";"S. Malária IFI por componente hemoterápico - pesquisa e/ou dosagem";"-";"2010-10-15";"2009-02-13"
"40403505";"tuss-22";"S. HIV EIE por componente hemoterápico - pesquisa e/ou dosagem";"-";"2010-10-15";"2009-02-13"
"40403483";"tuss-22";"S. Hepatite C anti-HCV por componente hemoterápico - pesquisa e/ou dosagem";"-";"2010-10-15";"2009-02-13"
"40403467";"tuss-22";"S. Hepatite B anti-HBC por componente hemoterápico - pesquisa e/ou dosagem ";"-";"2010-10-15";"2009-02-13"
"40403440";"tuss-22";"S. Chagas EIE por componente hemoterápico - pesquisa e/ou dosagem";"-";"2010-10-15";"2009-02-13"
"40403424";"tuss-22";"S. Anti-HTLV-I + HTLV-II (determinação conjunta) por componente hemoterápico ";"-";"2010-10-15";"2009-02-13"
"40403416";"tuss-22";"Prova de compatibilidade pré-transfusional completa - gel teste";"-";"2010-10-15";"2009-02-13"
"40403408";"tuss-22";"Prova de compatibilidade pré-transfusional completa - em tubo";"-";"2010-10-15";"2024-06-01"
"40403386";"tuss-22";"Pesquisa de hemoglobina S por componente hemoterápico - gel teste";"-";"2010-10-15";"2009-02-13"
"40403378";"tuss-22";"Pesquisa de anticorpos séricos irregulares antieritrocitários a frio ";"-";"2010-10-15";"2009-02-13"
"40403360";"tuss-22";"Pesquisa de anticorpos séricos irregulares antieritrocitários - método de eluição - em tubo";"-";"2010-10-15";"2024-06-01"
"40403351";"tuss-22";"Pesquisa de anticorpos séricos irregulares antieritrocitários - gel teste";"-";"2010-10-15";"2009-02-13"
"40403343";"tuss-22";"Pesquisa de anticorpos séricos irregulares antieritrocitários - em tubo";"-";"2010-10-15";"2024-06-01"
"40403335";"tuss-22";"Pesquisa de anticorpos séricos antieritrocitários, anti-A e/ou anti-B - em tubo";"-";"2010-10-15";"2024-06-01"
"40403327";"tuss-22";"Pesquisa de anticorpos séricos antieritrocitários, anti-A e/ou anti-B - gel teste";"-";"2010-10-15";"2009-02-13"
"40403289";"tuss-22";"NAT/HIV por componente hemoterápico - pesquisa e/ou dosagem ";"-";"2010-10-15";"2009-02-13"
"40403262";"tuss-22";"NAT/HCV por componente hemoterápico - pesquisa e/ou dosagem ";"-";"2010-10-15";"2009-02-13"
"40403254";"tuss-22";"Imunofenotipagem para classificação de leucemias - Citômetro de Fluxo";"-";"2010-10-15";"2009-02-13"
"40403246";"tuss-22";"Imunofenotipagem de subpopulações linfocitárias - Citômetro de Fluxo ";"-";"2010-10-15";"2009-02-13"
"40403238";"tuss-22";"Identificação de anticorpos séricos irregulares antieritrocitários com painel de hemácias - gel liss ";"-";"2010-10-15";"2009-02-13"
"40403220";"tuss-22";"Identificação de anticorpos séricos irregulares antieritrocitários com painel de hemácias tratadas por enzimas ";"-";"2010-10-15";"2009-02-13"
"40403211";"tuss-22";"Identificação de anticorpos séricos irregulares antieritrocitários com painel de hemácias ";"-";"2010-10-15";"2009-02-13"
"40403203";"tuss-22";"Identificação de anticorpos séricos irregulares antieritrocitários - painel de hemácias enzimático";"-";"2010-10-15";"2009-02-13"
"40403190";"tuss-22";"Identificação de anticorpos séricos irregulares antieritrocitários - método de eluição";"-";"2010-10-15";"2009-02-13"
"40403181";"tuss-22";"Grupo sanguíneo ABO e RH - gel teste - pesquisa ";"-";"2010-10-15";"2009-02-13"
"40403173";"tuss-22";"Grupo sanguíneo ABO e RH - pesquisa";"-";"2010-10-15";"2009-02-13"
"40403165";"tuss-22";"Fenotipagem do sistema RH-HR (D, C, E, C, E) ";"-";"2010-10-15";"2009-02-13"
"40403157";"tuss-22";"Fenotipagem do sistema RH-HR (D, C, E, C E C) gel teste";"-";"2010-10-15";"2009-02-13"
"40403149";"tuss-22";"Fenotipagem de outros sistemas eritrocitários - por fenótipo - gel teste";"-";"2010-10-15";"2009-02-13"
"40403130";"tuss-22";"Fenotipagem de outros sistemas eritrocitários - por fenótipo ";"-";"2010-10-15";"2009-02-13"
"40403106";"tuss-22";"Eletroforese de hemoglobina por componente hemoterápico ";"-";"2010-10-15";"2009-02-13"
"40403092";"tuss-22";"Determinação de conteúdo de DNA - Citômetro de Fluxo";"-";"2010-10-15";"2009-02-13"
"40403084";"tuss-22";"Determinação de células CD34, CD45 positivas - Citômetro de Fluxo";"-";"2010-10-15";"2009-02-13"
"40403076";"tuss-22";"Coleta de medula óssea para transplante - por procedimento";"-";"2010-10-15";"2024-06-01"
"40403068";"tuss-22";"Coleta de biópsia de medula óssea por agulha";"-";"2010-10-15";"2009-02-13"
"40403050";"tuss-22";"Coleta de células tronco por processadora automática para transplante de medula óssea - por procedimento de aférese";"-";"2010-10-15";"2024-06-01"
"40403041";"tuss-22";"Coleta de células tronco de sangue de cordão umbilical para transplante de medula óssea";"-";"2010-10-15";"2009-02-13"
"40403033";"tuss-22";"Aplicação de medula óssea ou células tronco";"-";"2010-10-15";"2009-02-13"
"40403025";"tuss-22";"Anticorpos eritrocitários naturais e imunes - titulagem ";"-";"2010-10-15";"2009-02-13"
"40403017";"tuss-22";"Acompanhamento  hospitalar/dia  do  transplante   de  medula   óssea  por médico  hematologista  e/ou hemoterapeuta";"-";"2010-10-15";"2009-02-13"
"40402231";"tuss-22";"Material descartável contendo kit para sistema integrado de FEC e solução fotossensibilizante";"-";"2021-10-31";"2021-08-01"
"40402223";"tuss-22";"Operação  de  processadora de  sangue  em  fotoaférese  extra  corpórea  (FEC) ";"-";"2021-10-31";"2021-08-01"
"40402215";"tuss-22";"Sedimentação de hemácias em Transplante de Células-Tronco Hematopoéticas (TCTH) alogênicos com incompatibilidade ABO maior";"-";"2021-10-31";"2021-08-01"
"40402207";"tuss-22";"Depleção de plasma em TCTH alogênicos com incompatibilidade ABO menor";"-";"2021-10-31";"2021-08-01"
"40402193";"tuss-22";"Operação de processadora automática de sangue em autotransfusão intra-operatória";"-";"2021-10-31";"2021-08-01"
"40402185";"tuss-22";"Operação de processadora automática de sangue em aférese";"-";"2021-10-31";"2021-08-01"
"40402177";"tuss-22";"Concentrado de hemácias CMV negativos";"-";"2014-08-31";"2012-10-10"
"40402169";"tuss-22";"Unidade de concentrado de plaquetas (dupla centrifugação) ";"-";"2010-10-15";"2009-02-13"
"40402150";"tuss-22";"Unidade de concentrado de granulócitos ";"-";"2010-10-15";"2009-02-13"
"40402142";"tuss-22";"Deleucotização de unidade de concentrado de plaquetas - entre 7 e 12 unidades";"-";"2010-10-15";"2009-02-13"
"40402134";"tuss-22";"Irradiação de componentes hemoterápicos ";"-";"2010-10-15";"2009-02-13"
"40402126";"tuss-22";"Deleucotização de unidade de concentrado de plaquetas - até 6 unidades";"-";"2010-10-15";"2009-02-13"
"40402118";"tuss-22";"Deleucotização de unidade de concentrado de hemácias - por unidade";"-";"2010-10-15";"2009-02-13"
"40402100";"tuss-22";"Unidade de sangue total ";"-";"2010-10-15";"2009-02-13"
"40402096";"tuss-22";"Unidade de plasma ";"-";"2010-10-15";"2009-02-13"
"40402088";"tuss-22";"Unidade de crioprecipitado de fator anti-hemofílico";"-";"2010-10-15";"2009-02-13"
"40402070";"tuss-22";"Unidade de concentrado de plaquetas randômicas ";"-";"2010-10-15";"2009-02-13"
"40402061";"tuss-22";"Unidade de concentrado de plaquetas por aférese ";"-";"2010-10-15";"2009-02-13"
"40402053";"tuss-22";"Unidade de concentrado de hemácias lavadas ";"-";"2010-10-15";"2009-02-13"
"40402045";"tuss-22";"Unidade de concentrado de hemácias";"-";"2010-10-15";"2009-02-13"
"40402037";"tuss-22";"Sangria terapêutica";"-";"2010-10-15";"2009-02-13"
"40402029";"tuss-22";"Material descartável (kit) e soluções para utilização de processadora automática de sangue/aférese ";"-";"2010-10-15";"2009-02-13"
"40402010";"tuss-22";"Material descartável (kit) e soluções para utilização de processadora automática de sangue / auto transfusão intra-operatória";"-";"2010-10-15";"2009-02-13"
"40401057";"tuss-22";"Aférese para paciente ABO incompatível";"-";"2021-10-31";"2021-08-01"
"40401049";"tuss-22";"Transfusão fetal intra-uterina";"-";"2021-10-31";"2021-08-01"
"40401030";"tuss-22";"Exsanguíneo  transfusão";"-";"2021-10-31";"2021-08-01"
"40401022";"tuss-22";"Transfusão (ato médico de acompanhamento)";"-";"2010-10-15";"2009-02-13"
"40401014";"tuss-22";"Transfusão (ato médico ambulatorial ou hospitalar)";"-";"2010-10-15";"2009-02-13"
"40325040";"tuss-22";"Mycobacterium leprae (bacilo de hansen), IgM, anticorpos (teste rápido)";"-";"2022-05-31";"2022-03-01"
"40325024";"tuss-22";"Teste SARS-COV-2 (Coronavírus COVID-19), teste rápido para detecção de antígeno";"-";"2021-11-30";"2021-09-01"
"40325016";"tuss-22";"Teste SARS-COV-2 (Coronavírus COVID-19), teste rápido para anticorpos totais, IgM ou IgG, IgM e IgG";"-";"2021-10-31";"2021-08-01"
"40324800";"tuss-22";"Teste anti-SARS-CoV-2 (Coronavírus COVID-19), pesquisa quantitativa de anticorpos (IgG) neutralizantes";"-";"2021-10-31";"2021-08-01"
"40324796";"tuss-22";"SARS-CoV-2 (Coronavírus COVID-19), pesquisa de anticorpos totais (IgA, IgG, IgM)";"-";"2020-08-19";"2020-08-19"
"40324788";"tuss-22";"SARS-CoV-2 (Coronavírus COVID-19), pesquisa de anticorpos IgA, IgG ou IgM, isolada por classe de imunoglobulina";"-";"2020-08-19";"2020-08-19"
"40324770";"tuss-22";"SARS-CoV-2 (Coronavírus COVID-19), pesquisa de anticorpos IgA, IgG ou IgM (cada par)";"-";"2020-07-01";"2020-07-01"
"40324761";"tuss-22";"Anti HU (ANNA1), dosagem líquor";"-";"2021-10-31";"2021-08-01"
"40324753";"tuss-22";"Anticorpo anti-AMPAR, dosagem líquor";"-";"2021-10-31";"2021-08-01"
"40324745";"tuss-22";"Anticorpo anti-LGi1, dosagem líquor";"-";"2021-10-31";"2021-08-01"
"40324737";"tuss-22";"Anticorpos anti-VGKC, dosagem";"-";"2021-10-31";"2021-08-01"
"40324729";"tuss-22";"Anticorpos anti tiroquinase músculo específica (anti-MUSK), dosagem";"-";"2021-10-31";"2021-08-01"
"40324710";"tuss-22";"Anticorpos anti-HMG-CoA redutase (anti-hmgcoar), dosagem";"-";"2021-10-31";"2021-08-01"
"40324702";"tuss-22";"Anticorpos anti-CASPR2";"-";"2021-10-31";"2021-08-01"
"40324699";"tuss-22";"Anticorpos anti-LGI1, dosagem sangue";"-";"2021-10-31";"2021-08-01"
"40324680";"tuss-22";"Anticorpos anti-GABAR";"-";"2021-10-31";"2021-08-01"
"40324672";"tuss-22";"Anticorpo anti-AMPAR, dosagem sangue";"-";"2021-10-31";"2021-08-01"
"40324664";"tuss-22";"Anticorpo anti-MOG";"-";"2021-10-31";"2021-08-01"
"40324656";"tuss-22";"Anticorpo anti-NMDAR";"-";"2021-10-31";"2021-08-01"
"40324648";"tuss-22";"Ensaio para dosagem da liberação de interferon gama";"-";"2021-06-30";"2021-04-01"
"40324630";"tuss-22";"Febre amarela, pesquisa por PCR";"-";"2021-09-30";"2021-07-01"
"40324621";"tuss-22";"Febre amarela - IgM";"-";"2021-09-30";"2021-07-01"
"40324613";"tuss-22";"Febre amarela - IgG";"-";"2021-09-30";"2021-07-01"
"40324605";"tuss-22";"Vírus Zika - IgM";"-";"2016-09-13";"2016-06-13"
"40324591";"tuss-22";"Vírus Zika - IgG";"-";"2016-09-13";"2016-06-13"
"40324583";"tuss-22";"Toxina butoliníca A, anticorpo";"-";"2014-08-31";"2012-10-10"
"40324575";"tuss-22";"Ehrlichia chaffeensis, sorologia para";"-";"2014-08-31";"2012-10-10"
"40324567";"tuss-22";"Dengue, anticorpos IgM, soro (teste rápido)";"-";"2014-08-31";"2012-10-10"
"40324559";"tuss-22";"Dengue, anticorpos IgG, soro (teste rápido)";"-";"2014-08-31";"2012-10-10"
"40324532";"tuss-22";"Tirosina Fosfatase (IA2), anticorpos";"-";"2014-08-31";"2022-10-01"
"40324524";"tuss-22";"Determinação de Apoptose";"-";"2014-08-31";"2012-10-10"
"40324516";"tuss-22";"Células Sesary, pesquisa";"-";"2014-08-31";"2012-10-10"
"40324508";"tuss-22";"Mycobacterium Tuberculosis, IgM, anticorpos";"-";"2014-08-31";"2012-10-10"
"40324494";"tuss-22";"RNA Polimerase III, anticorpos";"-";"2014-08-31";"2012-10-10"
"40324486";"tuss-22";"Trichinella Spiralis, anticorpos";"-";"2014-08-31";"2012-10-10"
"40324478";"tuss-22";"Imunoglobulina A, dosagem no líquor";"-";"2014-08-31";"2012-10-10"
"40324460";"tuss-22";"Estreptococus A, sorologia";"-";"2014-08-31";"2012-10-10"
"40324451";"tuss-22";"Antígeno HTLV III (HIV), EIE";"-";"2014-08-31";"2012-10-10"
"40324443";"tuss-22";"Rotavírus, anticorpos";"-";"2014-08-31";"2012-10-10"
"40324435";"tuss-22";"Receptor insulina, anticorpos";"-";"2014-08-31";"2012-10-10"
"40324427";"tuss-22";"Saccharomyces cerevisiae (ASCA), anticorpos, IgG";"-";"2014-08-31";"2012-10-10"
"40324419";"tuss-22";"Saccharomyces cerevisiae (ASCA), anticorpos, IgA";"-";"2014-08-31";"2012-10-10"
"40324400";"tuss-22";"Mitocôndria, pesquisa de anticorpos por Western Blot, soro";"-";"2014-08-31";"2012-10-10"
"40324397";"tuss-22";"Imunoglobulina G, líquor";"-";"2014-08-31";"2012-10-10"
"40324389";"tuss-22";"HLA-DQ, teste de histocompatibilidade de alta resolução, sangue total";"-";"2014-08-31";"2012-10-10"
"40324370";"tuss-22";"Hepatite E - anticorpos, IgM";"-";"2014-08-31";"2012-10-10"
"40324362";"tuss-22";"Hepatite E - anticorpos IgG";"-";"2014-08-31";"2012-10-10"
"40324354";"tuss-22";"Glicoproteína Beta 2, anticorpos, IgA";"-";"2014-08-31";"2012-10-10"
"40324346";"tuss-22";"Glicoproteína Beta 2, anticorpos, IgM";"-";"2014-08-31";"2012-10-10"
"40324338";"tuss-22";"Glicoproteína Beta 2, anticorpos, IgG";"-";"2014-08-31";"2012-10-10"
"40324320";"tuss-22";"Filagrina, anticorpos, soro";"-";"2014-08-31";"2012-10-10"
"40324311";"tuss-22";"Profilagrina, anticorpos, soro";"-";"2014-08-31";"2012-10-10"
"40324303";"tuss-22";"CTX interligadores C terminais";"-";"2014-08-31";"2012-10-10"
"40324290";"tuss-22";"Chlamydia pneumoniae, anticorpos, IgA";"-";"2014-08-31";"2012-10-10"
"40324273";"tuss-22";"Cadeias leves livres Kappa/Lambda, dosagem, líquor";"-";"2014-08-31";"2012-10-10"
"40324265";"tuss-22";"Cadeias leves livres Kappa/Lambda, dosagem, sangue";"-";"2014-08-31";"2012-10-10"
"40324257";"tuss-22";"HU (anti neurônio), anticorpos";"-";"2014-08-31";"2012-10-10"
"40324249";"tuss-22";"Fosfatidilserina, anticorpos IgA";"-";"2014-08-31";"2012-10-10"
"40324230";"tuss-22";"Fosfatidilserina, anticorpos IgM";"-";"2014-08-31";"2012-10-10"
"40324222";"tuss-22";"Fosfatidilserina, anticorpos IgG";"-";"2014-08-31";"2012-10-10"
"40324214";"tuss-22";"Anticorpos contra canal de potássio regulado por voltagem";"-";"2014-08-31";"2012-10-10"
"40324206";"tuss-22";"Antígenos de histocompatibilidade (séries A ou B)";"-";"2014-08-31";"2012-10-10"
"40324192";"tuss-22";"Antígeno NS1 do vírus da dengue, pesquisa";"-";"2014-08-31";"2012-10-10"
"40324184";"tuss-22";"Gangliosídeo 4, anticorpos";"-";"2014-08-31";"2012-10-10"
"40324176";"tuss-22";"Chikungunya, anticorpos";"-";"2014-08-31";"2012-10-10"
"40324168";"tuss-22";"Complemento C1 R, pesquisa e/ou dosagem";"-";"2014-08-31";"2012-10-10"
"40324150";"tuss-22";"Neuronal nuclear IgG, anticorpos, soro";"-";"2014-08-31";"2012-10-10"
"40324141";"tuss-22";"SP 100/PML, anticorpo IgG";"-";"2014-08-31";"2012-10-10"
"40324125";"tuss-22";"Proteinase 3, anticorpo";"-";"2014-08-31";"2012-10-10"
"40324117";"tuss-22";"Profilagrina, anticorpos IgG";"-";"2014-08-31";"2012-10-10"
"40324109";"tuss-22";"Norovirus, pesquisa";"-";"2014-08-31";"2012-10-10"
"40324095";"tuss-22";"LKM, pesquisa de anticorpos por Western Blot";"-";"2014-08-31";"2012-10-10"
"40324087";"tuss-22";"Imunoglobulina M, dosagem no líquor";"-";"2014-08-31";"2012-10-10"
"40324079";"tuss-22";"HIV1/2, anticorpos (teste rápido)";"-";"2014-08-31";"2012-10-10"
"40324060";"tuss-22";"Epstein BARR vírus antígeno precoce, anticorpos";"-";"2014-08-31";"2012-10-10"
"40324052";"tuss-22";"Coxsackie B1-6, anticorpos IgM";"-";"2014-08-31";"2012-10-10"
"40324044";"tuss-22";"Coxsackie A9, anticorpos IgM";"-";"2014-08-31";"2012-10-10"
"40324036";"tuss-22";"Coxiella burnetti (febre Q), anticorpos IgM";"-";"2014-08-31";"2012-10-10"
"40324028";"tuss-22";"Coxiella burnetti (febre Q), anticorpos IgG";"-";"2014-08-31";"2012-10-10"
"40324010";"tuss-22";"Bordetella pertussis (Coqueluche) anticorpos IgG";"-";"2014-08-31";"2012-10-10"
"40323994";"tuss-22";"Contraimunoeletroforese";"-";"2014-08-31";"2012-10-10"
"40323986";"tuss-22";"Calprotectina, detecção nas fezes";"-";"2014-08-31";"2012-10-10"
"40323978";"tuss-22";"Cadeias leves livres Kappa/Lambda em urina, dosagem";"-";"2014-08-31";"2012-10-10"
"40323960";"tuss-22";"Borrelia burgdorferi em líquor, anticorpos IgM";"-";"2014-08-31";"2012-10-10"
"40323951";"tuss-22";"Borrelia burgdorferi em líquor, anticorpos IgG";"-";"2014-08-31";"2012-10-10"
"40323943";"tuss-22";"Bartonella, anticorpos IgM";"-";"2014-08-31";"2012-10-10"
"40323935";"tuss-22";"Bartonella, anticorpos IgG";"-";"2014-08-31";"2012-10-10"
"40323927";"tuss-22";"Filagrina, anticorpos IgG";"-";"2014-08-31";"2012-10-10"
"40323919";"tuss-22";"Teste rápido para detecção de HIV em gestante";"-";"2010-10-15";"2010-09-09"
"40323900";"tuss-22";"Anticorpos antitétano";"-";"2010-10-15";"2010-09-09"
"40323897";"tuss-22";"Anticorpos antidifteria";"-";"2010-10-15";"2010-09-09"
"40323889";"tuss-22";"ZAP-70";"-";"2010-10-15";"2009-02-13"
"40323870";"tuss-22";"West Nile sorologia líquor LCR";"-";"2010-10-15";"2009-02-13"
"40323862";"tuss-22";"Vírus respiratório, pesquisa rápida";"-";"2010-10-15";"2009-02-13"
"40323854";"tuss-22";"Unidades avançadas - triagem HCG";"-";"2010-10-15";"2009-02-13"
"40323846";"tuss-22";"Tularemia, anti";"-";"2010-10-15";"2009-02-13"
"40323811";"tuss-22";"T4 autoanticorpo";"-";"2010-10-15";"2009-02-13"
"40323803";"tuss-22";"T3 autoanticorpo";"-";"2010-10-15";"2009-02-13"
"40323790";"tuss-22";"Sub-classes de IgA";"-";"2010-10-15";"2009-02-13"
"40323781";"tuss-22";"Sorologia para febre da montanha rochosa";"-";"2010-10-15";"2009-02-13"
"40323773";"tuss-22";"Sorologia para Babesia microti";"-";"2010-10-15";"2009-02-13"
"40323765";"tuss-22";"Screening para anticorpos anti HLA";"-";"2010-10-15";"2009-02-13"
"40323757";"tuss-22";"Rubéola, IHA para";"-";"2010-10-15";"2009-02-13"
"40323749";"tuss-22";"Receptor de interleucina 2";"-";"2010-10-15";"2009-02-13"
"40323730";"tuss-22";"Reatividade contra painel de linfócitos";"-";"2010-10-15";"2009-02-13"
"40323722";"tuss-22";"Proteína para ribossomal anticorpo soro";"-";"2010-10-15";"2009-02-13"
"40323714";"tuss-22";"Proteína ligadora fração C4 complemento";"-";"2010-10-15";"2009-02-13"
"40323706";"tuss-22";"Proteína C antígeno";"-";"2010-10-15";"2009-02-13"
"40323692";"tuss-22";"Plaquetas induzidas por heparina anticorpo";"-";"2010-10-15";"2009-02-13"
"40323684";"tuss-22";"Pesquisa rápida para vírus sincicial respiratório";"-";"2010-10-15";"2009-02-13"
"40323676";"tuss-22";"Pesquisa rápida para influenza A e B";"-";"2010-10-15";"2009-02-13"
"40323668";"tuss-22";"Pesquisa para haemophilus ducreyi";"-";"2010-10-15";"2009-02-13"
"40323650";"tuss-22";"Pesquisa para Gardnerella";"-";"2010-10-15";"2009-02-13"
"40323641";"tuss-22";"Pesquisa direta anticorpos anti plaqueta - IgG";"-";"2010-10-15";"2009-02-13"
"40323625";"tuss-22";"Pesquisa de influenza A e B por imunofluorescência";"-";"2010-10-15";"2009-02-13"
"40323617";"tuss-22";"Pesquisa de células Tzanck";"-";"2010-10-15";"2009-02-13"
"40323609";"tuss-22";"Pesquisa de antígenos de giardia lamblia";"-";"2010-10-15";"2009-02-13"
"40323595";"tuss-22";"Pesquisa de adenovirus";"-";"2010-10-15";"2009-02-13"
"40323587";"tuss-22";"Pesquisa antígeno da legionella";"-";"2010-10-15";"2009-02-13"
"40323579";"tuss-22";"Perfil para anticorpos anti gangliosídeo";"-";"2010-10-15";"2009-02-13"
"40323552";"tuss-22";"Neuropatia motora, painel";"-";"2010-10-15";"2009-02-13"
"40323536";"tuss-22";"Neisseria meningitidis IgG resp vacinal";"-";"2010-10-15";"2009-02-13"
"40323528";"tuss-22";"Mata autoanticorpo";"-";"2010-10-15";"2009-02-13"
"40323510";"tuss-22";"Lyme para Western Blot";"-";"2010-10-15";"2009-02-13"
"40323501";"tuss-22";"Kleihauer";"-";"2010-10-15";"2009-02-13"
"40323498";"tuss-22";"Isoprostano";"-";"2010-10-15";"2009-02-13"
"40323480";"tuss-22";"Imunofenotipagem T e B";"-";"2010-10-15";"2009-02-13"
"40323471";"tuss-22";"HLA locus C";"-";"2010-10-15";"2009-02-13"
"40323455";"tuss-22";"Histoplasma, pesquisa de";"-";"2010-10-15";"2009-02-13"
"40323447";"tuss-22";"Hipersensibilidade pneumonite triagem";"-";"2010-10-15";"2009-02-13"
"40323439";"tuss-22";"Herpes vírus, citologia (pesquisa de células herpet) ou IFD";"-";"2010-10-15";"2009-02-13"
"40323420";"tuss-22";"Herpes vírus 7 - IgG/IgM";"-";"2010-10-15";"2009-02-13"
"40323412";"tuss-22";"Heptimax, dosagem";"-";"2010-10-15";"2009-02-13"
"40323404";"tuss-22";"Hepatite E - IgM/IgG";"-";"2010-10-15";"2009-02-13"
"40323382";"tuss-22";"Fosfatidiletanolamina - IgG/IgM/IgA";"-";"2010-10-15";"2009-02-13"
"40323374";"tuss-22";"Fosfatidil glicerol - IgG/IgM/IgA";"-";"2010-10-15";"2009-02-13"
"40323366";"tuss-22";"Fenotipagem virtual para HIV";"-";"2010-10-15";"2009-02-13"
"40323358";"tuss-22";"Fenotiazinas qualitativas urina";"-";"2010-10-15";"2009-02-13"
"40323340";"tuss-22";"Febre do mediterrâneo";"-";"2010-10-15";"2009-02-13"
"40323331";"tuss-22";"Febre amarela, sorologia";"-";"2010-10-15";"2009-02-13"
"40323323";"tuss-22";"Esquisocitos, pesquisa de";"-";"2010-10-15";"2009-02-13"
"40323315";"tuss-22";"Epstein BARR antígeno nuclear - IgM";"-";"2010-10-15";"2009-02-13"
"40323307";"tuss-22";"Entamoeba histolytica, pesquisa (abscesso hepático)";"-";"2010-10-15";"2009-02-13"
"40323269";"tuss-22";"Detecção de enterovirus no líquor";"-";"2010-10-15";"2009-02-13"
"40323250";"tuss-22";"Detecção de CMV para RNA nasba";"-";"2010-10-15";"2009-02-13"
"40323242";"tuss-22";"Detecção antígeno histoplasma (urina)";"-";"2010-10-15";"2009-02-13"
"40323234";"tuss-22";"Coxsackie A, ";"-";"2010-10-15";"2009-02-13"
"40323218";"tuss-22";"Cisticercose Western Blot";"-";"2010-10-15";"2009-02-13"
"40323200";"tuss-22";"Campylobacter, sorologia";"-";"2010-10-15";"2009-02-13"
"40323196";"tuss-22";"C9 complemento";"-";"2010-10-15";"2009-02-13"
"40323188";"tuss-22";"C8 complemento";"-";"2010-10-15";"2009-02-13"
"40323170";"tuss-22";"C7 complemento";"-";"2010-10-15";"2009-02-13"
"40323161";"tuss-22";"C6 complemento";"-";"2010-10-15";"2009-02-13"
"40323153";"tuss-22";"C4d fragmento";"-";"2010-10-15";"2009-02-13"
"40323145";"tuss-22";"BTA qualitatitvo na urina (amostra isolada)";"-";"2010-10-15";"2009-02-13"
"40323137";"tuss-22";"Antígenos proteinas S";"-";"2010-10-15";"2009-02-13"
"40323129";"tuss-22";"Antígenos inalatórios anticorpos";"-";"2010-10-15";"2009-02-13"
"40323110";"tuss-22";"Antígenos de aspergillus galactomannan";"-";"2010-10-15";"2009-02-13"
"40323102";"tuss-22";"Antigenemia para citomegalovirus";"-";"2010-10-15";"2009-02-13"
"40323099";"tuss-22";"Anticorpos vírus Herpes  8";"-";"2010-10-15";"2009-02-13"
"40323080";"tuss-22";"Anticorpos protombina - IgG/IgM";"-";"2010-10-15";"2009-02-13"
"40323064";"tuss-22";"Anticorpos PLA-2, soro";"-";"2010-10-15";"2009-02-13"
"40323056";"tuss-22";"Anticorpos neutralizado do interferon";"-";"2010-10-15";"2009-02-13"
"40323048";"tuss-22";"Acetilcolina, anticorpos modulador receptor ";"-";"2010-10-15";"2009-02-13"
"40323030";"tuss-22";"Acetilcolina, anticorpos ligador receptor ";"-";"2010-10-15";"2009-02-13"
"40323021";"tuss-22";"Anticorpos Hama";"-";"2010-10-15";"2009-02-13"
"40323013";"tuss-22";"Anticorpos GQ1B - IgG";"-";"2010-10-15";"2009-02-13"
"40322572";"tuss-22";"Determinação da razão dos níveis séricos in vitro da tirosina-quinase-1 semelhante a fms solúvel (sFlt-1): fator de crescimento placentário (PlGF) por eletroquimioluminescência";"-";"2021-06-30";"2021-04-01"
"40322564";"tuss-22";"Amiloidose - TTR";"-";"2014-08-31";"2012-10-10"
"40322556";"tuss-22";"1,3-Beta-D-Glucan, soro";"-";"2014-08-31";"2012-10-10"
"40322548";"tuss-22";"Catalase eritrocitária";"-";"2014-08-31";"2012-10-10"
"40322530";"tuss-22";"Biperideno, dosagem";"-";"2014-08-31";"2012-10-10"
"40322521";"tuss-22";"Acetoacetato, dosagem";"-";"2014-08-31";"2012-10-10"
"40322513";"tuss-22";"Transcobalamina, dosagem";"-";"2014-08-31";"2012-10-10"
"40322505";"tuss-22";"Zinco eritrocitário, dosagem";"-";"2014-08-31";"2012-10-10"
"40322491";"tuss-22";"Tripsina, dosagem";"-";"2014-08-31";"2012-10-10"
"40322483";"tuss-22";"Índice de proteína/creatinina";"-";"2014-08-31";"2012-10-10"
"40322475";"tuss-22";"Índice de cálcio/creatinina";"-";"2014-08-31";"2012-10-10"
"40322467";"tuss-22";"Índice de ácido úrico/creatinina";"-";"2014-08-31";"2012-10-10"
"40322459";"tuss-22";"Colesterol LDL peroxidada";"-";"2014-08-31";"2012-10-10"
"40322440";"tuss-22";"Cocaína, dosagem, sangue total";"-";"2014-08-31";"2012-10-10"
"40322432";"tuss-22";"Cobre eritrocitário, dosagem";"-";"2014-08-31";"2012-10-10"
"40322424";"tuss-22";"Cistatina C, dosagem no sangue";"-";"2014-08-31";"2012-10-10"
"40322416";"tuss-22";"Carnitina, dosagem";"-";"2014-08-31";"2012-10-10"
"40322408";"tuss-22";"Bicarbonato na urina, amostra isolada";"-";"2014-08-31";"2012-10-10"
"40322394";"tuss-22";"Alfa L-iduronase, plasma";"-";"2014-08-31";"2012-10-10"
"40322386";"tuss-22";"Alfa-galactosidade, dosagem plásmatica";"-";"2014-08-31";"2012-10-10"
"40322378";"tuss-22";"Albumina, líquor";"-";"2014-08-31";"2012-10-10"
"40322360";"tuss-22";"Alfa fetoproteína L3, líquor";"-";"2014-08-31";"2012-10-10"
"40322351";"tuss-22";"10,11 Epóxido carbamazepinam, soro";"-";"2014-08-31";"2012-10-10"
"40322343";"tuss-22";"Teste de absorção de triglicérides (sobrecarga)";"-";"2014-08-31";"2012-10-10"
"40322335";"tuss-22";"Radicais livre na urina";"-";"2014-08-31";"2012-10-10"
"40322327";"tuss-22";"Radicais livre no soro";"-";"2014-08-31";"2012-10-10"
"40322319";"tuss-22";"Everolimus, dosagem";"-";"2014-08-31";"2012-10-10"
"40322300";"tuss-22";"Curva glicêmica clássica (5 dosagens)";"-";"2014-08-31";"2012-10-10"
"40322297";"tuss-22";"Creatina eritrocitária";"-";"2014-08-31";"2012-10-10"
"40322289";"tuss-22";"Ácido cítrico (Citrato), dosagem esperma";"-";"2014-08-31";"2012-10-10"
"40322270";"tuss-22";"Ácido cítrico (Citrato), dosagem sangue";"-";"2014-08-31";"2012-10-10"
"40322262";"tuss-22";"Vitamina B5 (Pantofenato), dosagem";"-";"2014-08-31";"2012-10-10"
"40322254";"tuss-22";"Superoxido dismutase, dosagem";"-";"2014-08-31";"2012-10-10"
"40322246";"tuss-22";"Receptor solúvel de transferrina";"-";"2014-08-31";"2012-10-10"
"40322238";"tuss-22";"Piretróides inseticidas, dosagem";"-";"2014-08-31";"2012-10-10"
"40322220";"tuss-22";"Pentaclorofenol, dosagem";"-";"2014-08-31";"2012-10-10"
"40322211";"tuss-22";"N-Metil formamida, dosagem";"-";"2014-08-31";"2012-10-10"
"40322203";"tuss-22";"Neopterina, dosagem";"-";"2014-08-31";"2012-10-10"
"40322190";"tuss-22";"N-Acetilglicosaminidase, dosagem";"-";"2014-08-31";"2012-10-10"
"40322181";"tuss-22";"N-Acetilgalactosaminidase, dosagem";"-";"2014-08-31";"2012-10-10"
"40322173";"tuss-22";"Iduronato-2 sulfatase, dosagem";"-";"2014-08-31";"2012-10-10"
"40322165";"tuss-22";"Ácido hialuronico";"-";"2014-08-31";"2012-10-10"
"40322157";"tuss-22";"Ácido fitânico";"-";"2014-08-31";"2012-10-10"
"40322149";"tuss-22";"Ácido 2 Tio-Tiazolidina 4 carboxílico";"-";"2014-08-31";"2012-10-10"
"40322130";"tuss-22";"Zolpidem, dosagem";"-";"2014-08-31";"2012-10-10"
"40322122";"tuss-22";"Vitamina H (Biotina), dosagem";"-";"2014-08-31";"2012-10-10"
"40322114";"tuss-22";"Vancomicina, dosagem";"-";"2014-08-31";"2012-10-10"
"40322106";"tuss-22";"Tetrahidrocanabinol (maconha), dosagem, cabelo";"-";"2014-08-31";"2012-10-10"
"40322092";"tuss-22";"Tetrahidrocanabinol (maconha), dosagem";"-";"2014-08-31";"2012-10-10"
"40322084";"tuss-22";"Swelling test";"-";"2014-08-31";"2012-10-10"
"40322076";"tuss-22";"Sulfisoxazol, dosagem";"-";"2014-08-31";"2012-10-10"
"40322068";"tuss-22";"Sulfapiridina, dosagem";"-";"2014-08-31";"2012-10-10"
"40322050";"tuss-22";"Sulfametoxazol, dosagem";"-";"2014-08-31";"2012-10-10"
"40322041";"tuss-22";"Sulfadiazina, dosagem";"-";"2014-08-31";"2012-10-10"
"40322033";"tuss-22";"Serotonina, dosagem urinária";"-";"2014-08-31";"2012-10-10"
"40322025";"tuss-22";"Pirimetamina, dosagem";"-";"2014-08-31";"2012-10-10"
"40322017";"tuss-22";"Opiaceos, detecção no cabelo";"-";"2014-08-31";"2012-10-10"
"40321991";"tuss-22";"Opiaceos, detecção";"-";"2014-08-31";"2012-10-10"
"40321983";"tuss-22";"Midazolam, dosagem";"-";"2014-08-31";"2012-10-10"
"40321975";"tuss-22";"Maprotilina, dosagem";"-";"2014-08-31";"2012-10-10"
"40321967";"tuss-22";"Manganes sérico, dosagem";"-";"2014-08-31";"2012-10-10"
"40321959";"tuss-22";"Manganes eritrocitário, dosagem";"-";"2014-08-31";"2012-10-10"
"40321940";"tuss-22";"Macrocreatinoquinase, pesquisa";"-";"2014-08-31";"2012-10-10"
"40321932";"tuss-22";"LSD, dosagem cabelo";"-";"2014-08-31";"2012-10-10"
"40321924";"tuss-22";"LSD, dosagem";"-";"2014-08-31";"2012-10-10"
"40321916";"tuss-22";"Lorazepam, dosagem";"-";"2014-08-31";"2012-10-10"
"40321908";"tuss-22";"Isopropanol, urina";"-";"2014-08-31";"2012-10-10"
"40321894";"tuss-22";"Lioresal, dosagem";"-";"2014-08-31";"2012-10-10"
"40321886";"tuss-22";"Isopropanol, sangue total";"-";"2014-08-31";"2012-10-10"
"40321878";"tuss-22";"Iodo, dosagem na urina";"-";"2014-08-31";"2012-10-10"
"40321860";"tuss-22";"Interleucina 8, dosagem";"-";"2014-08-31";"2012-10-10"
"40321851";"tuss-22";"Interleucina 4, dosagem";"-";"2014-08-31";"2012-10-10"
"40321843";"tuss-22";"Heroína, dosagem, cabelo";"-";"2014-08-31";"2012-10-10"
"40321835";"tuss-22";"Heroína, dosagem";"-";"2014-08-31";"2012-10-10"
"40321827";"tuss-22";"Galactocerebrosidase, dosagem";"-";"2014-08-31";"2012-10-10"
"40321819";"tuss-22";"Fluoxetina, dosagem";"-";"2014-08-31";"2012-10-10"
"40321800";"tuss-22";"Flunitrazepam, dosagem";"-";"2014-08-31";"2012-10-10"
"40321797";"tuss-22";"Doxepina, dosagem";"-";"2014-08-31";"2012-10-10"
"40321789";"tuss-22";"Dissulfiram, dosagem";"-";"2014-08-31";"2012-10-10"
"40321770";"tuss-22";"Disopiramida, dosagem";"-";"2014-08-31";"2012-10-10"
"40321762";"tuss-22";"Colinesterase com inibição de Dibucaina";"-";"2014-08-31";"2012-10-10"
"40321754";"tuss-22";"Clozapina, dosagem";"-";"2014-08-31";"2012-10-10"
"40321746";"tuss-22";"Clorpromazina, dosagem";"-";"2014-08-31";"2012-10-10"
"40321738";"tuss-22";"Clonazepan, dosagem";"-";"2014-08-31";"2012-10-10"
"40321720";"tuss-22";"Clobazam dosagem";"-";"2014-08-31";"2012-10-10"
"40321711";"tuss-22";"Clindamicina, dosagem";"-";"2014-08-31";"2012-10-10"
"40321703";"tuss-22";"Ceftriaxona dosagem";"-";"2014-08-31";"2012-10-10"
"40321690";"tuss-22";"Cefalexina dosagem";"-";"2014-08-31";"2012-10-10"
"40321681";"tuss-22";"Vigabatrina, dosagem";"-";"2010-10-15";"2009-02-13"
"40321673";"tuss-22";"Vanádio, dosagem";"-";"2010-10-15";"2009-02-13"
"40321665";"tuss-22";"Triptase, dosagem";"-";"2010-10-15";"2009-02-13"
"40321657";"tuss-22";"Trifluoperazina, dosagem soro";"-";"2010-10-15";"2009-02-13"
"40321630";"tuss-22";"Toxina botulinica, pesquisa (sangue)";"-";"2010-10-15";"2009-02-13"
"40321622";"tuss-22";"Toxina botulinica, pesquisa (alimentos)";"-";"2010-10-15";"2009-02-13"
"40321614";"tuss-22";"Topiramato, dosagem (sangue)";"-";"2010-10-15";"2009-02-13"
"40321606";"tuss-22";"Titânio, dosagem";"-";"2010-10-15";"2009-02-13"
"40321592";"tuss-22";"Tioridazina, dosagem";"-";"2010-10-15";"2009-02-13"
"40321584";"tuss-22";"Substância P, dosagem";"-";"2010-10-15";"2009-02-13"
"40321576";"tuss-22";"Somatostatina";"-";"2010-10-15";"2009-02-13"
"40321568";"tuss-22";"Sirolimus, dosagem";"-";"2010-10-15";"2009-02-13"
"40321550";"tuss-22";"Serotonina (sangue)";"-";"2010-10-15";"2009-02-13"
"40321541";"tuss-22";"Respiridona, dosagem";"-";"2010-10-15";"2009-02-13"
"40321533";"tuss-22";"Resistência a proteína C ativada";"-";"2010-10-15";"2009-02-13"
"40321525";"tuss-22";"Reserpina, dosagem";"-";"2010-10-15";"2009-02-13"
"40321517";"tuss-22";"Prozac, dosagem (sangue)";"-";"2010-10-15";"2009-02-13"
"40321509";"tuss-22";"Porfirinas fracionadas plasmáticas";"-";"2010-10-15";"2009-02-13"
"40321495";"tuss-22";"Polipeptídeo pancreático";"-";"2010-10-15";"2009-02-13"
"40321487";"tuss-22";"Pesquisa de nitritos";"-";"2010-10-15";"2009-02-13"
"40321479";"tuss-22";"Penicilina, dosagem";"-";"2010-10-15";"2009-02-13"
"40321460";"tuss-22";"Paroxetina, dosagem";"-";"2010-10-15";"2009-02-13"
"40321452";"tuss-22";"Painel qualitativo para diurético (urina)";"-";"2010-10-15";"2009-02-13"
"40321444";"tuss-22";"Opiáceos quantitativo (urina)";"-";"2010-10-15";"2009-02-13"
"40321436";"tuss-22";"Nifedipina, dosagem";"-";"2010-10-15";"2009-02-13"
"40321428";"tuss-22";"Nicotina qualitativa urina (amostra isolada)";"-";"2010-10-15";"2009-02-13"
"40321410";"tuss-22";"Neurontin";"-";"2010-10-15";"2009-02-13"
"40321401";"tuss-22";"Morfina (sangue)";"-";"2010-10-15";"2009-02-13"
"40321398";"tuss-22";"Metanefrinas plasmáticas";"-";"2010-10-15";"2009-02-13"
"40321380";"tuss-22";"Marcadores cardíacos diagnósticos";"-";"2010-10-15";"2009-02-13"
"40321371";"tuss-22";"Macroamilase";"-";"2010-10-15";"2009-02-13"
"40321363";"tuss-22";"Maconha, dosagem soro";"-";"2010-10-15";"2009-02-13"
"40321355";"tuss-22";"Lindane, dosagem";"-";"2010-10-15";"2009-02-13"
"40321347";"tuss-22";"Levetiracetam, dosagem";"-";"2010-10-15";"2009-02-13"
"40321339";"tuss-22";"Kunkel (sulfato de zinco), reação de";"-";"2010-10-15";"2009-02-13"
"40321320";"tuss-22";"Ketamina, dosagem soro";"-";"2010-10-15";"2009-02-13"
"40321312";"tuss-22";"Itraconazol";"-";"2010-10-15";"2009-02-13"
"40321304";"tuss-22";"Isotretinoina, dosagem";"-";"2010-10-15";"2009-02-13"
"40321290";"tuss-22";"Isoenzimas de CPK";"-";"2010-10-15";"2009-02-13"
"40321282";"tuss-22";"Interleucina 6";"-";"2010-10-15";"2009-02-13"
"40321274";"tuss-22";"Interleucina 1B";"-";"2010-10-15";"2009-02-13"
"40321266";"tuss-22";"Interleucina 10";"-";"2010-10-15";"2009-02-13"
"40321258";"tuss-22";"Inibina B, dosagem";"-";"2010-10-15";"2009-02-13"
"40321240";"tuss-22";"Inibina A";"-";"2010-10-15";"2009-02-13"
"40321231";"tuss-22";"Índice de saturação de ferro";"-";"2010-10-15";"2009-02-13"
"40321223";"tuss-22";"Carbapenem, dosagem - Meropenem e Imipenem";"-";"2010-10-15";"2024-06-01"
"40321207";"tuss-22";"Homocistina, pesquisa de";"-";"2010-10-15";"2009-02-13"
"40321193";"tuss-22";"Haloperidol, dosagem";"-";"2010-10-15";"2009-02-13"
"40321169";"tuss-22";"Estrôncio, dosagem";"-";"2010-10-15";"2009-02-13"
"40321142";"tuss-22";"Efexor, dosagem";"-";"2010-10-15";"2009-02-13"
"40321134";"tuss-22";"Drogas de abuso, triagem";"-";"2010-10-15";"2009-02-13"
"40321126";"tuss-22";"Dosagem de pema, soro";"-";"2010-10-15";"2009-02-13"
"40321118";"tuss-22";"Dosagem de mitotane";"-";"2010-10-15";"2009-02-13"
"40321100";"tuss-22";"Dosagem de metilfenidato";"-";"2010-10-15";"2009-02-13"
"40321096";"tuss-22";"Dosagem de ferro em tecido hepático";"-";"2010-10-15";"2009-02-13"
"40321088";"tuss-22";"Dosagem de eletrólitos (sol. diálise)";"-";"2010-10-15";"2009-02-13"
"40321070";"tuss-22";"Dosagem de cortisona";"-";"2010-10-15";"2009-02-13"
"40321061";"tuss-22";"Dosagem de cafeína";"-";"2010-10-15";"2009-02-13"
"40321053";"tuss-22";"Dióxido de carbono, dosagem";"-";"2010-10-15";"2009-02-13"
"40321045";"tuss-22";"Dexametasona";"-";"2010-10-15";"2009-02-13"
"40321037";"tuss-22";"Deficiente de carboidrato, transferrina";"-";"2010-10-15";"2009-02-13"
"40321029";"tuss-22";"Deficiência da MCAD";"-";"2010-10-15";"2009-02-13"
"40321010";"tuss-22";"Colesterol esterificado";"-";"2010-10-15";"2009-02-13"
"40319482";"tuss-22";"Imunofenotipagem Imunod nível 2";"-";"2014-08-31";"2012-10-10"
"40319474";"tuss-22";"Hemoglobinopatias, neonatal, sangue periférico";"-";"2014-08-31";"2012-10-10"
"40319466";"tuss-22";"Fibrinogênio quantitativo, nefelometria";"-";"2014-08-31";"2012-10-10"
"40319458";"tuss-22";"Fator VII, dosagem do inibidor";"-";"2014-08-31";"2012-10-10"
"40319440";"tuss-22";"Fator II, dosagem do inibidor";"-";"2014-08-31";"2012-10-10"
"40319431";"tuss-22";"Cross match plaquetário";"-";"2014-08-31";"2012-10-10"
"40319423";"tuss-22";"Anti-fator Xa, atividade";"-";"2014-08-31";"2012-10-10"
"40319415";"tuss-22";"Teste de viabilidade celular, citometria de fluxo, outros materiais";"-";"2014-08-31";"2012-10-10"
"40319407";"tuss-22";"Tempo de coagulação ativado (TCA)";"-";"2014-08-31";"2012-10-10"
"40319393";"tuss-22";"Adesividade plaquetária";"-";"2014-08-31";"2012-10-10"
"40319385";"tuss-22";"Ciclina D1, imunofenotipagem";"-";"2014-08-31";"2012-10-10"
"40319377";"tuss-22";"CD34, imunofenotipagem";"-";"2014-08-31";"2012-10-10"
"40319369";"tuss-22";"CD3, imunofenotipagem";"-";"2014-08-31";"2012-10-10"
"40319350";"tuss-22";"HPA1 genotipagem";"-";"2014-08-31";"2012-10-10"
"40319342";"tuss-22";"Disfibrinogenemia, pesquisa";"-";"2014-08-31";"2012-10-10"
"40319334";"tuss-22";"CD 52 marcador isolado";"-";"2014-08-31";"2012-10-10"
"40319326";"tuss-22";"Protrombina, pesquisa de mutação";"-";"2010-10-15";"2010-09-09"
"40319318";"tuss-22";"Análise de multímeros para pacientes com doença de Von Willebrand";"-";"2010-10-15";"2010-09-09"
"40319300";"tuss-22";"Viscosidade plasmática ou sanguínea";"-";"2010-10-15";"2009-02-13"
"40319296";"tuss-22";"Teste de estímulo DDAQVP para dosagem de cortisol e ACTH";"-";"2010-10-15";"2009-02-13"
"40319288";"tuss-22";"Teste cruzado de grupos sanguíneos";"-";"2010-10-15";"2009-02-13"
"40319270";"tuss-22";"Tempo de Lise de Euglobulina";"-";"2010-10-15";"2009-02-13"
"40319261";"tuss-22";"Prova funcional DDAVP - Von Willebrand (4horas)";"-";"2010-10-15";"2009-02-13"
"40319253";"tuss-22";"Prova funcional DDAVP - Von Willebrand (1hora)";"-";"2010-10-15";"2009-02-13"
"40319245";"tuss-22";"Prova funcional DDAVP - hemofilia";"-";"2010-10-15";"2009-02-13"
"40319237";"tuss-22";"Protrombina fragmento 1 e 2";"-";"2010-10-15";"2009-02-13"
"40319229";"tuss-22";"Hemoglobina H, pesquisa";"-";"2010-10-15";"2022-08-01"
"40319210";"tuss-22";"Pesquisa de beta talassemia";"-";"2010-10-15";"2009-02-13"
"40319202";"tuss-22";"Pesquisa de alfa talassemia";"-";"2010-10-15";"2009-02-13"
"40319199";"tuss-22";"Neutrófilos, pesquisa de";"-";"2010-10-15";"2009-02-13"
"40319180";"tuss-22";"Molibidenio (sangue)";"-";"2010-10-15";"2009-02-13"
"40319172";"tuss-22";"Microesferócitos, pesquisa de";"-";"2010-10-15";"2009-02-13"
"40319164";"tuss-22";"Linfócitos, cultura com candida albicans";"-";"2010-10-15";"2009-02-13"
"40319156";"tuss-22";"Índice de segmentação dos neutrófilos";"-";"2010-10-15";"2009-02-13"
"40319148";"tuss-22";"Hemólise";"-";"2010-10-15";"2009-02-13"
"40319130";"tuss-22";"Hemoglobina fetal, dosagem";"-";"2010-10-15";"2009-02-13"
"40319121";"tuss-22";"Hemácias, tempo de sobrevida das";"-";"2010-10-15";"2009-02-13"
"40319113";"tuss-22";"Hemácias, contagem";"-";"2010-10-15";"2009-02-13"
"40319105";"tuss-22";"Ferro medula óssea";"-";"2010-10-15";"2009-02-13"
"40319091";"tuss-22";"Fator X ativado";"-";"2010-10-15";"2009-02-13"
"40319083";"tuss-22";"Fator B properdin, dosagem soro";"-";"2010-10-15";"2009-02-13"
"40319075";"tuss-22";"Fator alfa necrose tumoral";"-";"2010-10-15";"2009-02-13"
"40319067";"tuss-22";"Coenzima Q10";"-";"2010-10-15";"2009-02-13"
"40319059";"tuss-22";"Células tumorais circulante mama Cellsearch";"-";"2010-10-15";"2009-02-13"
"40319040";"tuss-22";"Cadeia Kappa-Lambda leve livre";"-";"2010-10-15";"2009-02-13"
"40319032";"tuss-22";"Cadeia Kappa leve livre";"-";"2010-10-15";"2009-02-13"
"40319024";"tuss-22";"Atividade de protease fator Von Willebrand";"-";"2010-10-15";"2009-02-13"
"40319016";"tuss-22";"APT teste";"-";"2010-10-15";"2009-02-13"
"40317498";"tuss-22";"Dosagem de p2PSA";"-";"2021-10-31";"2021-08-01"
"40317480";"tuss-22";"Prova de Testosterona, após HCG sem fornecimento do medicamento (por dosagem)";"-";"2014-08-31";"2012-10-10"
"40317471";"tuss-22";"Prova funcional de estímulo da prolactina após TRH sem fornecimento do medicamento (por dosagem)";"-";"2014-08-31";"2012-10-10"
"40317463";"tuss-22";"Curva de HGH com clonidina (cada dosagem)";"-";"2014-08-31";"2012-10-10"
"40317455";"tuss-22";"Teste para CRH para dosar ACTH e cortisol";"-";"2014-08-31";"2012-10-10"
"40317447";"tuss-22";"Teste de estímulo para cortisol com insulina (cada)";"-";"2014-08-31";"2012-10-10"
"40317439";"tuss-22";"Restrição hídrica, teste";"-";"2014-08-31";"2012-10-10"
"40317420";"tuss-22";"Proteína ligadora do hormônio de crescimento (HGH), dosagem";"-";"2014-08-31";"2012-10-10"
"40317412";"tuss-22";"Paratomônio, proteína relacionada, dosagem";"-";"2014-08-31";"2012-10-10"
"40317404";"tuss-22";"Metanefrinas urinária após clonidina";"-";"2014-08-31";"2012-10-10"
"40317390";"tuss-22";"Curva insulínica e glicêmica (6 dosagens)";"-";"2014-08-31";"2012-10-10"
"40317382";"tuss-22";"Testosterona na saliva, dosagem";"-";"2014-08-31";"2012-10-10"
"40317374";"tuss-22";"Cortisol ritmo (2 dosagens)";"-";"2014-08-31";"2012-10-10"
"40317366";"tuss-22";"Grelina, polipeptídeo liberador da gastrina, dosagem";"-";"2014-08-31";"2012-10-10"
"40317340";"tuss-22";"C-Telopeptídeo";"-";"2014-08-31";"2012-10-10"
"40317331";"tuss-22";"Curva glicêmica prolongada (7 dosagens)";"-";"2014-08-31";"2012-10-10"
"40317323";"tuss-22";"Curva insulínica e glicêmica (9 dosagens)";"-";"2014-08-31";"2012-10-10"
"40317315";"tuss-22";"Curva insulínica e glicêmica (8 dosagens)";"-";"2014-08-31";"2012-10-10"
"40317307";"tuss-22";"Curva insulínica e glicêmica (7 dosagens)";"-";"2014-08-31";"2012-10-10"
"40317293";"tuss-22";"Curva insulínica e glicêmica (5 dosagens)";"-";"2014-08-31";"2012-10-10"
"40317285";"tuss-22";"Curva insulínica e glicêmica (4 dosagens)";"-";"2014-08-31";"2012-10-10"
"40317277";"tuss-22";"Curva insulínica e glicêmica (3 dosagens)";"-";"2014-08-31";"2012-10-10"
"40317269";"tuss-22";"Curva insulínica e glicêmica (2 dosagens)";"-";"2014-08-31";"2012-10-10"
"40317250";"tuss-22";"Curva insulínica e glicêmica clássica";"-";"2014-08-31";"2012-10-10"
"40317242";"tuss-22";"TRH, dosagem do";"-";"2010-10-15";"2009-02-13"
"40317234";"tuss-22";"Tetrahidroaldosterona";"-";"2010-10-15";"2009-02-13"
"40317226";"tuss-22";"Teste de supressão do GH pela sobrecarga de glicose (cada dosagem de GH) ";"-";"2010-10-15";"2009-02-13"
"40317218";"tuss-22";"Teste de reserva funcional com l-arginina";"-";"2010-10-15";"2009-02-13"
"40317200";"tuss-22";"Teste de estímulo do GH pelo glucagon (4 dosagens de GH)";"-";"2010-10-15";"2009-02-13"
"40317196";"tuss-22";"Teste de estímulo do GH pelo exercício (cada dosagem de GH)";"-";"2010-10-15";"2009-02-13"
"40317188";"tuss-22";"Teste de estímulo do GH pela insulina (4 dosagens de GH) ";"-";"2010-10-15";"2009-02-13"
"40317170";"tuss-22";"Teste de estímulo com TRH para dosagem de GH";"-";"2010-10-15";"2009-02-13"
"40317161";"tuss-22";"Teste de estímulo com cortrosina para11 desoxicortisol";"-";"2010-10-15";"2009-02-13"
"40317153";"tuss-22";"Teste com estímulo para renina após captopril";"-";"2010-10-15";"2009-02-13"
"40317145";"tuss-22";"Teste com cortrosina para 17 alfa hidroxiprogesterona";"-";"2010-10-15";"2009-02-13"
"40317137";"tuss-22";"Teste com cálcio para dosar calcitonina (Calcitonina após estímulo com cálcio)";"-";"2010-10-15";"2022-08-01"
"40317129";"tuss-22";"Teste com ACTH para dosagem de DHEA";"-";"2010-10-15";"2009-02-13"
"40317110";"tuss-22";"Sub-unidade Beta da gonadotrofina coriônica livre";"-";"2010-10-15";"2009-02-13"
"40317102";"tuss-22";"Sub-unidade Alfa hormônios glicoproteicos";"-";"2010-10-15";"2009-02-13"
"40317099";"tuss-22";"Receptor fator de crescimento epidermal";"-";"2010-10-15";"2009-02-13"
"40317080";"tuss-22";"Prova de sobrecarga de glicose para insulina";"-";"2010-10-15";"2009-02-13"
"40317072";"tuss-22";"Proteína ligadora hormônio de crescimento GH";"-";"2010-10-15";"2009-02-13"
"40317064";"tuss-22";"Pró-insulina";"-";"2010-10-15";"2009-02-13"
"40317056";"tuss-22";"Pregnenolona, dosagem";"-";"2010-10-15";"2009-02-13"
"40317030";"tuss-22";"Monitorização de glicose 3 dias";"-";"2010-10-15";"2009-02-13"
"40317021";"tuss-22";"Monitorização de glicose 2 dias";"-";"2010-10-15";"2009-02-13"
"40317013";"tuss-22";"Monitorização de glicose 1 dia";"-";"2010-10-15";"2009-02-13"
"40316998";"tuss-22";"Melatonina (sangue)";"-";"2010-10-15";"2009-02-13"
"40316971";"tuss-22";"Megateste";"-";"2010-10-15";"2009-02-13"
"40316963";"tuss-22";"Insulina total e livre";"-";"2010-10-15";"2009-02-13"
"40316955";"tuss-22";"Insulina livre";"-";"2010-10-15";"2009-02-13"
"40316947";"tuss-22";"Índice de recuperação da tireoglobulina ";"-";"2010-10-15";"2009-02-13"
"40316939";"tuss-22";"IGFBP-2";"-";"2010-10-15";"2009-02-13"
"40316920";"tuss-22";"IGFBP-1";"-";"2010-10-15";"2009-02-13"
"40316912";"tuss-22";"ICA 512";"-";"2010-10-15";"2009-02-13"
"40316904";"tuss-22";"Hormônio estimulador do alfa melanócito";"-";"2010-10-15";"2009-02-13"
"40316890";"tuss-22";"Hormônio anti muleriano";"-";"2010-10-15";"2009-02-13"
"40316882";"tuss-22";"Hipoglicemiantes (sulfonilurea painel)";"-";"2010-10-15";"2009-02-13"
"40316874";"tuss-22";"HGH estímulo com exercício e clonidina, HGH";"-";"2010-10-15";"2009-02-13"
"40316866";"tuss-22";"Gonadotrofina coriônica - hemaglutinação ou látex";"-";"2010-10-15";"2009-02-13"
"40316858";"tuss-22";"Globulina ligadora do cortisol";"-";"2010-10-15";"2009-02-13"
"40316840";"tuss-22";"Glicosuria fracionada (4 dosagens)";"-";"2010-10-15";"2009-02-13"
"40316831";"tuss-22";"Glicose após estímulo/glucagon";"-";"2010-10-15";"2009-02-13"
"40316823";"tuss-22";"Fator liberador hormônio do crescimento GH";"-";"2010-10-15";"2009-02-13"
"40316815";"tuss-22";"Fator II de crescimento, símile a insulina";"-";"2010-10-15";"2009-02-13"
"40316807";"tuss-22";"Fator de crescimento vascular endotelial (VEGF)";"-";"2010-10-15";"2009-02-13"
"40316793";"tuss-22";"Dosagem de ácido trans-mucônico em urina";"-";"2010-10-15";"2009-02-13"
"40316785";"tuss-22";"Dosagem de ácido hipúrico em urina";"-";"2010-10-15";"2009-02-13"
"40316777";"tuss-22";"Dosagem de 18 hidroxicortisterona";"-";"2010-10-15";"2009-02-13"
"40316769";"tuss-22";"Deoxicorticosterona, dosagem";"-";"2010-10-15";"2009-02-13"
"40316750";"tuss-22";"Dehidro rodamina teste de oxidação";"-";"2010-10-15";"2009-02-13"
"40316742";"tuss-22";"DCB";"-";"2010-10-15";"2009-02-13"
"40316734";"tuss-22";"Curva glicêmica (7 dosagens) via oral ou endovenosa ou potencializada ";"-";"2010-10-15";"2009-02-13"
"40316726";"tuss-22";"Curva de peptídeo C e insulina";"-";"2010-10-15";"2009-02-13"
"40316718";"tuss-22";"Cromogranina A, soro";"-";"2010-10-15";"2009-02-13"
"40316696";"tuss-22";"CRH";"-";"2010-10-15";"2009-02-13"
"40316688";"tuss-22";"Corticosterona";"-";"2010-10-15";"2009-02-13"
"40316670";"tuss-22";"Capacidade de ligação da vitamina B12";"-";"2010-10-15";"2009-02-13"
"40316661";"tuss-22";"Aquaporina 4 (AQP4)";"-";"2010-10-15";"2009-02-13"
"40316653";"tuss-22";"Antígenos prostático específico complexado, soro";"-";"2010-10-15";"2009-02-13"
"40316645";"tuss-22";"Anticorpos antinucleossomo, soro";"-";"2010-10-15";"2009-02-13"
"40316637";"tuss-22";"Angiotensina II";"-";"2010-10-15";"2009-02-13"
"40316629";"tuss-22";"Androsterona";"-";"2010-10-15";"2009-02-13"
"40316610";"tuss-22";"Anabolizantes esteróides na urina (amostra isolada)";"-";"2010-10-15";"2009-02-13"
"40316602";"tuss-22";"AMP cíclico nefrogênico na urina (amostra isolada)";"-";"2010-10-15";"2009-02-13"
"40316599";"tuss-22";"AMP cíclico nefrogênico na urina (24h)";"-";"2010-10-15";"2009-02-13"
"40316580";"tuss-22";"Adiponectina";"-";"2010-10-15";"2009-02-13"
"40316572";"tuss-22";"Vitamina B12 - pesquisa e/ou dosagem";"-";"2010-10-15";"2009-02-13"
"40316564";"tuss-22";"Vasopressina (ADH) - pesquisa e/ou dosagem";"-";"2010-10-15";"2009-02-13"
"40316556";"tuss-22";"Triiodotironina (T3) - pesquisa e/ou dosagem";"-";"2010-10-15";"2009-02-13"
"40316548";"tuss-22";"Tiroxina (T4) - pesquisa e/ou dosagem";"-";"2010-10-15";"2009-02-13"
"40316530";"tuss-22";"Tireoglobulina - pesquisa e/ou dosagem";"-";"2010-10-15";"2009-02-13"
"40316521";"tuss-22";"Tireoestimulante, hormônio (TSH) - pesquisa e/ou dosagem";"-";"2010-10-15";"2009-02-13"
"40316513";"tuss-22";"Testosterona total - pesquisa e/ou dosagem";"-";"2010-10-15";"2009-02-13"
"40316505";"tuss-22";"Testosterona livre - pesquisa e/ou dosagem";"-";"2010-10-15";"2009-02-13"
"40316491";"tuss-22";"T4 livre - pesquisa e/ou dosagem";"-";"2010-10-15";"2009-02-13"
"40316483";"tuss-22";"T3 reverso - pesquisa e/ou dosagem";"-";"2010-10-15";"2009-02-13"
"40316475";"tuss-22";"T3 retenção - pesquisa e/ou dosagem";"-";"2010-10-15";"2009-02-13"
"40316467";"tuss-22";"T3 livre - pesquisa e/ou dosagem";"-";"2010-10-15";"2009-02-13"
"40316459";"tuss-22";"Sulfato de dehidroepiandrosterona (S-DHEA) - pesquisa e/ou dosagem";"-";"2010-10-15";"2009-02-13"
"40316440";"tuss-22";"Somatomedina C (IGF1) - pesquisa e/ou dosagem";"-";"2010-10-15";"2009-02-13"
"40316432";"tuss-22";"Renina - pesquisa e/ou dosagem";"-";"2010-10-15";"2009-02-13"
"40316424";"tuss-22";"PTH - pesquisa e/ou dosagem";"-";"2010-10-15";"2009-02-13"
"40316416";"tuss-22";"Prolactina - pesquisa e/ou dosagem";"-";"2010-10-15";"2009-02-13"
"40316408";"tuss-22";"Progesterona - pesquisa e/ou dosagem";"-";"2010-10-15";"2009-02-13"
"40316394";"tuss-22";"Peptídeo C - pesquisa e/ou dosagem";"-";"2010-10-15";"2009-02-13"
"40316386";"tuss-22";"Osteocalcina - pesquisa e/ou dosagem";"-";"2010-10-15";"2009-02-13"
"40316378";"tuss-22";"Marcadores tumorais (CA 19.9, CA 125, CA 72-4, CA 15-3, etc.) cada - pesquisa e/ou dosagem";"-";"2010-10-15";"2009-02-13"
"40316360";"tuss-22";"Insulina - pesquisa e/ou dosagem";"-";"2010-10-15";"2009-02-13"
"40316351";"tuss-22";"Índice de tiroxina livre (ITL) - pesquisa e/ou dosagem";"-";"2010-10-15";"2009-02-13"
"40316343";"tuss-22";"Imunoglobulina (IGE) - pesquisa e/ou dosagem";"-";"2010-10-15";"2009-02-13"
"40316335";"tuss-22";"Hormônio luteinizante (LH) - pesquisa e/ou dosagem";"-";"2010-10-15";"2009-02-13"
"40316327";"tuss-22";"Gonadotrófico coriônico, hormônio (HCG) - pesquisa e/ou dosagem";"-";"2010-10-15";"2009-02-13"
"40316319";"tuss-22";"Globulina transportadora da tiroxina (TBG) - pesquisa e/ou dosagem";"-";"2010-10-15";"2009-02-13"
"40316300";"tuss-22";"Globulina de ligação de hormônios sexuais (SHBG) - pesquisa e/ou dosagem";"-";"2010-10-15";"2009-02-13"
"40316297";"tuss-22";"Gastrina - pesquisa e/ou dosagem";"-";"2010-10-15";"2009-02-13"
"40316289";"tuss-22";"Folículo estimulante, hormônio (FSH) - pesquisa e/ou dosagem";"-";"2010-10-15";"2009-02-13"
"40316270";"tuss-22";"Ferritina - pesquisa e/ou dosagem";"-";"2010-10-15";"2009-02-13"
"40316262";"tuss-22";"Estrona - pesquisa e/ou dosagem";"-";"2010-10-15";"2009-02-13"
"40316254";"tuss-22";"Estriol - pesquisa e/ou dosagem";"-";"2010-10-15";"2009-02-13"
"40316246";"tuss-22";"Estradiol - pesquisa e/ou dosagem";"-";"2010-10-15";"2009-02-13"
"40316238";"tuss-22";"Drogas (imunossupressora, anticonvulsivante, digitálico, etc.) cada - pesquisa e/ou dosagem";"-";"2010-10-15";"2009-02-13"
"40316220";"tuss-22";"Dehidrotestosterona (DHT) - pesquisa e/ou dosagem";"-";"2010-10-15";"2009-02-13"
"40316211";"tuss-22";"Dehidroepiandrosterona (DHEA) - pesquisa e/ou dosagem";"-";"2010-10-15";"2009-02-13"
"40316203";"tuss-22";"Crescimento, hormônio do (HGH) - pesquisa e/ou dosagem";"-";"2010-10-15";"2009-02-13"
"40316190";"tuss-22";"Cortisol - pesquisa e/ou dosagem";"-";"2010-10-15";"2009-02-13"
"40316181";"tuss-22";"Composto S (11-desoxicortisol) - pesquisa e/ou dosagem";"-";"2010-10-15";"2009-02-13"
"40316173";"tuss-22";"Catecolaminas - pesquisa e/ou dosagem";"-";"2010-10-15";"2009-02-13"
"40316165";"tuss-22";"Calcitonina - pesquisa e/ou dosagem";"-";"2010-10-15";"2009-02-13"
"40316157";"tuss-22";"Anti-TPO - pesquisa e/ou dosagem";"-";"2010-10-15";"2009-02-13"
"40316149";"tuss-22";"Antígeno específico prostático total (PSA) - pesquisa e/ou dosagem";"-";"2010-10-15";"2009-02-13"
"40316130";"tuss-22";"Antígeno específico prostático livre (PSA livre) - pesquisa e/ou dosagem";"-";"2010-10-15";"2009-02-13"
"40316122";"tuss-22";"Antígeno carcinoembriogênico (CEA) - pesquisa e/ou dosagem";"-";"2010-10-15";"2009-02-13"
"40316114";"tuss-22";"Antígeno Austrália (HBSAG) - pesquisa e/ou dosagem";"-";"2010-10-15";"2009-02-13"
"40316106";"tuss-22";"Anticorpos antitireóide (tireoglobulina) - pesquisa e/ou dosagem";"-";"2010-10-15";"2009-02-13"
"40316092";"tuss-22";"Anticorpos antiinsulina - pesquisa e/ou dosagem";"-";"2010-10-15";"2009-02-13"
"40316084";"tuss-22";"Anticorpo anti-receptor de TSH (TRAB) - pesquisa e/ou dosagem";"-";"2010-10-15";"2009-02-13"
"40316076";"tuss-22";"Androstenediona - pesquisa e/ou dosagem";"-";"2010-10-15";"2009-02-13"
"40316068";"tuss-22";"Alfa-fetoproteína - pesquisa e/ou dosagem";"-";"2010-10-15";"2009-02-13"
"40316050";"tuss-22";"Aldosterona - pesquisa e/ou dosagem";"-";"2010-10-15";"2009-02-13"
"40316041";"tuss-22";"Adrenocorticotrófico, hormônio (ACTH) - pesquisa e/ou dosagem";"-";"2010-10-15";"2009-02-13"
"40316033";"tuss-22";"Ácido vanilmandélico (VMA) - pesquisa e/ou dosagem";"-";"2010-10-15";"2009-02-13"
"40316025";"tuss-22";"3 alfa androstonediol glucoronídeo (3ALFDADIOL) - pesquisa e/ou dosagem";"-";"2010-10-15";"2009-02-13"
"40316017";"tuss-22";"17-alfa-hidroxiprogesterona - pesquisa e/ou dosagem";"-";"2010-10-15";"2009-02-13"
"40314685";"tuss-22";"Teste de hibridização com sonda em linha (LPA 2ª linha) para Complexo Mycobacterium Tuberculosis (MTBC)";"-";"2025-04-30";"2025-02-01"
"40314677";"tuss-22";"Teste de hibridização com sonda em linha (LPA 1ª linha) para Complexo Mycobacterium Tuberculosis (MTBC)";"-";"2025-04-30";"2025-02-01"
"40314669";"tuss-22";"Teste para detecção do vírus monkeypox (MPXV) por biologia molecular em diversos materiais biológicos, por estágio ou por local da lesão";"-";"2022-12-31";"2022-10-01"
"40314650";"tuss-22";"Mycobacterium leprae (bacilo de hansen), pesquisa PCR em tempo real";"-";"2022-05-31";"2022-03-01"
"40314642";"tuss-22";"Mycobacterium leprae (bacilo de hansen), detecção de resistência a antibióticos por PCR";"-";"2022-05-31";"2022-03-01"
"40314626";"tuss-22";"PCR em tempo real para vírus influenza A e B";"-";"2021-10-31";"2021-08-01"
"40314618";"tuss-22";"SARS-CoV-2 (CORONAVÍRUS COVID-19) - PESQUISA POR RT - PCR";"-";"2020-03-13";"2020-04-03"
"40314600";"tuss-22";"Teste molecular para nódulos de tireoide por perfil de microRNA (miRNA), por nódulo";"-";"2021-10-31";"2021-08-01"
"40314596";"tuss-22";"Quantificação de TRECs e KRECs";"-";"2021-10-31";"2021-08-01"
"40314588";"tuss-22";"Identificação multiplex por PCR painel com 26 a 40 agentes";"-";"2021-10-31";"2021-08-01"
"40314570";"tuss-22";"Identificação multiplex por PCR painel com até 25 agentes";"-";"2021-10-31";"2021-08-01"
"40314561";"tuss-22";"Vírus Zika - por PCR";"-";"2016-09-13";"2016-06-13"
"40314545";"tuss-22";"Mycobactéria, amplificação de DNA por PCR";"-";"2014-08-31";"2022-08-01"
"40314537";"tuss-22";"Chlamydia, amplificação de DNA por PCR";"-";"2014-08-31";"2022-08-01"
"40314529";"tuss-22";"TMA qualitativo para hepatite C";"-";"2014-08-31";"2012-10-10"
"40314510";"tuss-22";"Pesquisa de mutação pré-core vírus hepatite B";"-";"2014-08-31";"2012-10-10"
"40314502";"tuss-22";"HIV amplificação do DNA por PCR";"-";"2014-08-31";"2022-08-01"
"40314499";"tuss-22";"Teste de biologia molecular para hiperplasia adrenal congênita";"-";"2014-08-31";"2012-10-10"
"40314480";"tuss-22";"Análise de quimerismo pós transplante (STR), cada";"-";"2014-08-31";"2012-10-10"
"40314472";"tuss-22";"Detecção de bactérias e fungos em sangue periférico (Septifast), por PCR";"-";"2014-08-31";"2012-10-10"
"40314456";"tuss-22";"Clostridium Difficile Toxigênico, pesquisa DNA, fezes";"-";"2014-08-31";"2012-10-10"
"40314448";"tuss-22";"HPV oncoproteínas virais E6/E7, pesquisa";"-";"2014-08-31";"2012-10-10"
"40314430";"tuss-22";"HLA B27, fenotipagem/genotipagem";"-";"2014-08-31";"2025-02-01"
"40314421";"tuss-22";"HPV, genotipagem";"-";"2014-08-31";"2021-07-01"
"40314413";"tuss-22";"Hepatite C quantitativo por TMA";"-";"2014-08-31";"2012-10-10"
"40314405";"tuss-22";"Herpes vírus zoster, (Varicella) por PCR";"-";"2014-08-31";"2012-10-10"
"40314391";"tuss-22";"Herpes vírus humano 8 por PCR";"-";"2014-08-31";"2012-10-10"
"40314383";"tuss-22";"Herpes vírus humano 6,7 por PCR";"-";"2014-08-31";"2012-10-10"
"40314375";"tuss-22";"Herpes vírus humano 1,2 por PCR";"-";"2014-08-31";"2012-10-10"
"40314367";"tuss-22";"Hepatite B, genotipagem";"-";"2014-08-31";"2012-10-10"
"40314359";"tuss-22";"Epstein BARR vírus por PCR";"-";"2014-08-31";"2012-10-10"
"40314340";"tuss-22";"Coronavirus, detecção por PCR";"-";"2014-08-31";"2012-10-10"
"40314332";"tuss-22";"Clonalidade para células T, detecção por PCR, sangue total";"-";"2014-08-31";"2012-10-10"
"40314324";"tuss-22";"Clonalidade para células B, detecção por PCR, vários materiais";"-";"2014-08-31";"2012-10-10"
"40314316";"tuss-22";"SCIH tipagem molecular de bactérias";"-";"2010-10-15";"2009-02-13"
"40314308";"tuss-22";"Quantificação de outros agentes por PCR ";"-";"2010-10-15";"2009-02-13"
"40314294";"tuss-22";"Resistência a agentes antivirais por biologia molecular (cada droga) - pesquisa";"-";"2010-10-15";"2009-02-13"
"40314286";"tuss-22";"Pesquisa de mutação de alelo específico por PCR";"-";"2010-10-15";"2009-02-13"
"40314278";"tuss-22";"Pesquisa de outros agentes por PCR";"-";"2010-10-15";"2009-02-13"
"40314260";"tuss-22";"Amplificação de material por biologia molecular (outros agentes)";"-";"2010-10-15";"2009-02-13"
"40314251";"tuss-22";"Citogenética de medula óssea";"-";"2010-10-15";"2009-02-13"
"40314243";"tuss-22";"Chlamydia por biologia molecular - pesquisa";"-";"2010-10-15";"2009-02-13"
"40314235";"tuss-22";"X frágil por PCR - pesquisa";"-";"2010-10-15";"2009-02-13"
"40314227";"tuss-22";"Toxoplasmose por PCR - pesquisa";"-";"2010-10-15";"2009-02-13"
"40314219";"tuss-22";"Sífilis por PCR - pesquisa";"-";"2010-10-15";"2009-02-13"
"40314200";"tuss-22";"Rubéola por PCR - pesquisa";"-";"2010-10-15";"2009-02-13"
"40314197";"tuss-22";"Proteína S total + livre, dosagem";"-";"2010-10-15";"2009-02-13"
"40314189";"tuss-22";"Parvovírus por PCR - pesquisa";"-";"2010-10-15";"2009-02-13"
"40314170";"tuss-22";"Mycobactéria PCR - pesquisa";"-";"2010-10-15";"2009-02-13"
"40314162";"tuss-22";"HTLV I / II por PCR (cada) - pesquisa";"-";"2010-10-15";"2009-02-13"
"40314154";"tuss-22";"HPV (vírus do papiloma humano) + subtipagem quando necessário PCR - pesquisa";"-";"2010-10-15";"2009-02-13"
"40314146";"tuss-22";"HIV, genotipagem - pesquisa";"-";"2010-10-15";"2009-02-13"
"40314138";"tuss-22";"HIV - qualitativo por PCR - pesquisa";"-";"2010-10-15";"2009-02-13"
"40314120";"tuss-22";"HIV - carga viral PCR - pesquisa";"-";"2010-10-15";"2009-02-13"
"40314111";"tuss-22";"Hepatite C - genotipagem - pesquisa";"-";"2010-10-15";"2009-02-13"
"40314103";"tuss-22";"Hepatite C (quantitativo) por PCR - pesquisa";"-";"2010-10-15";"2009-02-13"
"40314090";"tuss-22";"Hepatite C (qualitativo) por PCR - pesquisa";"-";"2010-10-15";"2009-02-13"
"40314081";"tuss-22";"Hepatite B (quantitativo) PCR - pesquisa";"-";"2010-10-15";"2009-02-13"
"40314073";"tuss-22";"Hepatite B (qualitativo) PCR - pesquisa";"-";"2010-10-15";"2009-02-13"
"40314065";"tuss-22";"Doenças do gene CFTL (fibrose cística) pesquisa de uma mutação (DF508)";"-";"2016-03-31";"2016-01-01"
"40314057";"tuss-22";"Fator V de Leiden por PCR - pesquisa";"-";"2010-10-15";"2009-02-13"
"40314049";"tuss-22";"Cromossomo philadelfia - pesquisa";"-";"2010-10-15";"2009-02-13"
"40314030";"tuss-22";"Citomegalovírus - quantitativo, por PCR - pesquisa";"-";"2010-10-15";"2009-02-13"
"40314022";"tuss-22";"Citomegalovírus - qualitativo, por PCR - pesquisa";"-";"2010-10-15";"2009-02-13"
"40314014";"tuss-22";"Apolipoproteína E, genotipagem";"-";"2010-10-15";"2009-02-13"
"40313360";"tuss-22";"Brometo, sangue total";"-";"2014-08-31";"2012-10-10"
"40313352";"tuss-22";"Berílio, soro";"-";"2014-08-31";"2012-10-10"
"40313344";"tuss-22";"Metil Etil Cetona - pesquisa e/ou dosagem";"-";"2010-10-15";"2009-02-13"
"40313336";"tuss-22";"Salicilatos, pesquisa";"-";"2010-10-15";"2009-02-13"
"40313328";"tuss-22";"Zinco - pesquisa e/ou dosagem";"-";"2010-10-15";"2009-02-13"
"40313310";"tuss-22";"Cromo - pesquisa e/ou dosagem";"-";"2010-10-15";"2009-02-13"
"40313301";"tuss-22";"Ácido metil malônico - pesquisa e/ou dosagem";"-";"2010-10-15";"2009-02-13"
"40313298";"tuss-22";"Ácido acético - pesquisa e/ou dosagem";"-";"2010-10-15";"2009-02-13"
"40313280";"tuss-22";"Triclorocompostos totais (para tetracloroetileno, tricloroetano, tricloroetileno) - pesquisa e/ou dosagem";"-";"2010-10-15";"2009-02-13"
"40313271";"tuss-22";"Tiocianato (para cianetos  nitrilas alifáticas) - pesquisa e/ou dosagem";"-";"2010-10-15";"2009-02-13"
"40313263";"tuss-22";"Sulfatos orgânicos ou inorgânicos, pesquisa (cada)";"-";"2010-10-15";"2009-02-13"
"40313255";"tuss-22";"Selênio, dosagem";"-";"2010-10-15";"2009-02-13"
"40313247";"tuss-22";"Protoporfirinas Zn (para chumbo inorgânico) - pesquisa e/ou dosagem";"-";"2010-10-15";"2009-02-13"
"40313239";"tuss-22";"Protoporfirinas livres (para chumbo inorgânico) - pesquisa e/ou dosagem";"-";"2010-10-15";"2009-02-13"
"40313220";"tuss-22";"P-nitrofenol (para nitrobenzeno) - pesquisa e/ou dosagem";"-";"2010-10-15";"2009-02-13"
"40313212";"tuss-22";"P-aminofenol (para anilina) - pesquisa e/ou dosagem";"-";"2010-10-15";"2009-02-13"
"40313204";"tuss-22";"Metanol - pesquisa e/ou dosagem";"-";"2010-10-15";"2009-02-13"
"40313190";"tuss-22";"Metais Al, As, Cd, Cr, Mn, Hg, Ni, Zn, Co, outro (s) absorção atômica (cada) - pesquisa e/ou dosagem";"-";"2010-10-15";"2009-02-13"
"40313182";"tuss-22";"Meta-hemoglobina (para anilina nitrobenzeno) - pesquisa e/ou dosagem";"-";"2010-10-15";"2009-02-13"
"40313166";"tuss-22";"Flúor (para fluoretos) - pesquisa e/ou dosagem";"-";"2010-10-15";"2009-02-13"
"40313158";"tuss-22";"Fenol (para benzeno, fenol) - pesquisa e/ou dosagem";"-";"2010-10-15";"2009-02-13"
"40313140";"tuss-22";"Etanol - pesquisa e/ou dosagem";"-";"2010-10-15";"2009-02-13"
"40313131";"tuss-22";"Dialdeído malônico - pesquisa e/ou dosagem";"-";"2010-10-15";"2009-02-13"
"40313123";"tuss-22";"Coproporfirinas (para chumbo inorgânico) - pesquisa e/ou dosagem";"-";"2010-10-15";"2009-02-13"
"40313115";"tuss-22";"Colinesterase (para carbamatos  organofosforados) - pesquisa e/ou dosagem";"-";"2010-10-15";"2009-02-13"
"40313107";"tuss-22";"Chumbo - pesquisa e/ou dosagem";"-";"2010-10-15";"2009-02-13"
"40313093";"tuss-22";"Carboxihemoglobina (para monóxido de carbono  diclorometano) - pesquisa e/ou dosagem";"-";"2010-10-15";"2009-02-13"
"40313085";"tuss-22";"Azida sódica, teste da (para deissulfeto de carbono)";"-";"2010-10-15";"2009-02-13"
"40313077";"tuss-22";"Ácido salicílico - pesquisa e/ou dosagem";"-";"2010-10-15";"2009-02-13"
"40313069";"tuss-22";"Ácido metilhipúrico (para xilenos) - pesquisa e/ou dosagem";"-";"2010-10-15";"2009-02-13"
"40313050";"tuss-22";"Ácido mandélico (para estireno) - pesquisa e/ou dosagem";"-";"2010-10-15";"2009-02-13"
"40313042";"tuss-22";"Ácido hipúrico (para tolueno) - pesquisa e/ou dosagem";"-";"2010-10-15";"2009-02-13"
"40313034";"tuss-22";"Ácido fenilglioxílico (para estireno) - pesquisa e/ou dosagem";"-";"2010-10-15";"2009-02-13"
"40313026";"tuss-22";"Ácido delta aminolevulínico desidratase (para chumbo inorgânico) - pesquisa e/ou dosagem";"-";"2010-10-15";"2009-02-13"
"40313018";"tuss-22";"Ácido delta aminolevulínico (para chumbo inorgânico) - pesquisa e/ou dosagem";"-";"2010-10-15";"2009-02-13"
"40312470";"tuss-22";"Teste respiratório da lactulose (8 amostras)";"-";"2014-08-31";"2012-10-10"
"40312461";"tuss-22";"Teste respiratório de intolerância a sorbitol";"-";"2014-08-31";"2012-10-10"
"40312453";"tuss-22";"Teste respiratório de intolerância a sacarose";"-";"2014-08-31";"2012-10-10"
"40312445";"tuss-22";"Teste respiratório de intolerânica a lactose";"-";"2014-08-31";"2012-10-10"
"40312437";"tuss-22";"Teste respiratório de intolerância a glicose";"-";"2014-08-31";"2012-10-10"
"40312429";"tuss-22";"Teste respiratório de intolerância a frutose";"-";"2014-08-31";"2012-10-10"
"40312410";"tuss-22";"Teste respiratório da xylose";"-";"2014-08-31";"2012-10-10"
"40312402";"tuss-22";"Vírus respiratório, triagem swab nasal";"-";"2010-10-15";"2009-02-13"
"40312399";"tuss-22";"Vírus respiratório, triagem secreção traqueal";"-";"2010-10-15";"2009-02-13"
"40312380";"tuss-22";"Vírus respiratório, triagem secreção orofaringe";"-";"2010-10-15";"2009-02-13"
"40312372";"tuss-22";"Vírus respiratório, triagem lavado nasofaringeo";"-";"2010-10-15";"2009-02-13"
"40312364";"tuss-22";"Vírus respiratório, triagem aspirado nasofaringeo";"-";"2010-10-15";"2009-02-13"
"40312330";"tuss-22";"Sexagem fetal";"-";"2010-10-15";"2009-02-13"
"40312321";"tuss-22";"Semiologia para impotência";"-";"2010-10-15";"2009-02-13"
"40312313";"tuss-22";"Prova fármaco-dinâmica";"-";"2010-10-15";"2009-02-13"
"40312305";"tuss-22";"Prova de restrição calórica";"-";"2010-10-15";"2009-02-13"
"40312291";"tuss-22";"Proteína 14-3-3";"-";"2010-10-15";"2009-02-13"
"40312283";"tuss-22";"Perfil para líquidos biológicos";"-";"2010-10-15";"2009-02-13"
"40312275";"tuss-22";"Pepsinogenio 2";"-";"2010-10-15";"2009-02-13"
"40312267";"tuss-22";"Líquido pleural citológico";"-";"2010-10-15";"2009-02-13"
"40312259";"tuss-22";"Lavado gástrico, colheita por";"-";"2010-10-15";"2009-02-13"
"40312240";"tuss-22";"Isolamento de microorganismos especiais";"-";"2010-10-15";"2009-02-13"
"40312232";"tuss-22";"Identificação de verme";"-";"2010-10-15";"2009-02-13"
"40312224";"tuss-22";"Espectrometria de massa em tandem";"-";"2010-10-15";"2009-02-13"
"40312216";"tuss-22";"Esclerose múltipla, painel";"-";"2010-10-15";"2009-02-13"
"40312208";"tuss-22";"Cristalografia análise de cálculo";"-";"2010-10-15";"2009-02-13"
"40312194";"tuss-22";"Coleta de escarro induzida";"-";"2010-10-15";"2009-02-13"
"40312186";"tuss-22";"Cálculo biliar, análise química";"-";"2010-10-15";"2009-02-13"
"40312178";"tuss-22";"Teste do pezinho ampliado (TSH neonatal + 17 OH progesterona + fenilalanina + Tripsina imuno-reativa + eletroforese de Hb para triagem de hemopatias)";"-";"2010-10-15";"2009-02-13"
"40312160";"tuss-22";"Teste do pezinho básico (TSH neonatal + fenilalanina + eletroforese de Hb para triagem de hemopatias)";"-";"2010-10-15";"2009-02-13"
"40312151";"tuss-22";"Provas de função hepática (bilirrubinas, eletroforese de proteínas, FA, TGO, TGP e Gama-PGT)";"-";"2010-10-15";"2009-02-13"
"40312143";"tuss-22";"Prova atividade de febre reumática (aslo, eletroforese de proteínas, muco-proteínas e proteína \"C\" reativa)";"-";"2010-10-15";"2009-02-13"
"40312135";"tuss-22";"pH - tornassol - pesquisa";"-";"2010-10-15";"2009-02-13"
"40312127";"tuss-22";"Perfil reumatológico (ácido úrico, eletroforese de proteínas, FAN, VHS, prova do látex P/F. R, W. Rose)";"-";"2010-10-15";"2009-02-13"
"40312119";"tuss-22";"Tubagem duodenal ";"-";"2010-10-15";"2009-02-13"
"40312100";"tuss-22";"Rotina da biles A, B, C e do suco duodenal (caracteres físicos e microscópicos inclusive tubagem)";"-";"2010-10-15";"2009-02-13"
"40312097";"tuss-22";"Pancreozima - secretina no suco duodenal, teste";"-";"2010-10-15";"2009-02-13"
"40312089";"tuss-22";"Hollander (inclusive tubagem), teste";"-";"2010-10-15";"2009-02-13"
"40312070";"tuss-22";"Gastroacidograma - secreção basal para 60' e 4 amostras após o estímulo (fornecimento de material inclusive tubagem), teste";"-";"2010-10-15";"2009-02-13"
"40312062";"tuss-22";"Perfil  metabólico  para  litíase  renal: sangue (Ca, P, AU, Cr) urina: (Ca, AU, P, citr, pesq. Cistina) AMP-cíclico";"-";"2010-10-15";"2009-02-13"
"40312054";"tuss-22";"Muco-nasal, pesquisa de eosinófilos e mastócitos";"-";"2010-10-15";"2009-02-13"
"40312046";"tuss-22";"Iontoforese para a coleta de suor, com dosagem de cloro";"-";"2010-10-15";"2009-02-13"
"40312020";"tuss-22";"Cromatina sexual, pesquisa";"-";"2010-10-15";"2009-02-13"
"40312011";"tuss-22";"Cristalização do muco cervical, pequisa";"-";"2010-10-15";"2009-02-13"
"40311511";"tuss-22";"Teste de fluxo lateral para detecção de lipoarabinomanano em urina (LF - LAM)";"-";"2025-04-30";"2025-02-01"
"40311503";"tuss-22";"Pesquisa de sulfatídeos e material metacromático na urina";"-";"2010-10-15";"2010-09-09"
"40311490";"tuss-22";"Urocitograma";"-";"2010-10-15";"2009-02-13"
"40311481";"tuss-22";"Urina, pesquisa antígeno para Legionella";"-";"2010-10-15";"2009-02-13"
"40311473";"tuss-22";"Teste de concentração urinária após DDAVP";"-";"2010-10-15";"2009-02-13"
"40311465";"tuss-22";"Substâncias redutoras, pesquisa (urina)";"-";"2010-10-15";"2009-02-13"
"40311457";"tuss-22";"Pesquisa de espermatozóide na urina";"-";"2010-10-15";"2009-02-13"
"40311449";"tuss-22";"MDMA (Êxtase), triagem (urina)";"-";"2010-10-15";"2009-02-13"
"40311430";"tuss-22";"Hemoglobina livre na urina (amostra isolada)";"-";"2010-10-15";"2009-02-13"
"40311422";"tuss-22";"Gordura na urina, pesquisa de";"-";"2010-10-15";"2009-02-13"
"40311414";"tuss-22";"Ferro urinário (urina 24h)";"-";"2010-10-15";"2009-02-13"
"40311406";"tuss-22";"Fenciclidina na urina (amostra isolada)";"-";"2010-10-15";"2009-02-13"
"40311392";"tuss-22";"Tirosinose, pesquisa - na urina";"-";"2010-10-15";"2009-02-13"
"40311384";"tuss-22";"Sobrecarga de água, prova - na urina";"-";"2010-10-15";"2009-02-13"
"40311376";"tuss-22";"Prova de diluição - na urina";"-";"2010-10-15";"2009-02-13"
"40311368";"tuss-22";"Prova de concentração (Fishberg ou Volhard) - na urina";"-";"2010-10-15";"2009-02-13"
"40311350";"tuss-22";"Osmolalidade, determinação - na urina";"-";"2010-10-15";"2009-02-13"
"40311341";"tuss-22";"Mioglobina, pesquisa - na urina";"-";"2010-10-15";"2009-02-13"
"40311333";"tuss-22";"Inclusão citomegálica, pesquisa de células com - na urina";"-";"2010-10-15";"2009-02-13"
"40311325";"tuss-22";"Histidina, pesquisa - na urina";"-";"2010-10-15";"2009-02-13"
"40311317";"tuss-22";"Fenilcetonúria, pesquisa";"-";"2010-10-15";"2009-02-13"
"40311309";"tuss-22";"Eletroforese de proteínas urinárias, com concentração";"-";"2010-10-15";"2009-02-13"
"40311295";"tuss-22";"Contagem sedimentar de Addis";"-";"2010-10-15";"2009-02-13"
"40311287";"tuss-22";"Beta mercapto-lactato-disulfidúria,pesquisa - na urina";"-";"2010-10-15";"2009-02-13"
"40311279";"tuss-22";"Bartituratos - pesquisa e/ou dosagem na urina";"-";"2010-10-15";"2009-02-13"
"40311260";"tuss-22";"Acidez titulável - pesquisa e/ou dosagem na urina";"-";"2010-10-15";"2009-02-13"
"40311252";"tuss-22";"Porfobilinogênio - na urina";"-";"2010-10-15";"2009-02-13"
"40311244";"tuss-22";"Cistina - pesquisa e/ou dosagem na urina";"-";"2010-10-15";"2009-02-13"
"40311236";"tuss-22";"2,5-hexanodiona, dosagem na urina";"-";"2010-10-15";"2009-02-13"
"40311228";"tuss-22";"Uroporfirinas, dosagem";"-";"2010-10-15";"2009-02-13"
"40311210";"tuss-22";"Rotina de urina (caracteres físicos, elementos anormais e sedimentoscopia)";"-";"2010-10-15";"2009-02-13"
"40311201";"tuss-22";"Proteínas de Bence Jones, pesquisa - na urina";"-";"2010-10-15";"2009-02-13"
"40311198";"tuss-22";"Porfobilinogênio, pesquisa - na urina";"-";"2010-10-15";"2009-02-13"
"40311180";"tuss-22";"Pesquisa ou dosagem de um componente urinário";"-";"2010-10-15";"2009-02-13"
"40311171";"tuss-22";"Microalbuminúria";"-";"2010-10-15";"2009-02-13"
"40311163";"tuss-22";"Metanefrinas urinárias, dosagem";"-";"2010-10-15";"2009-02-13"
"40311155";"tuss-22";"Melanina, pesquisa - na urina";"-";"2010-10-15";"2009-02-13"
"40311147";"tuss-22";"Lipóides, pesquisa - na urina";"-";"2010-10-15";"2009-02-13"
"40311139";"tuss-22";"Galactosúria, pesquisa";"-";"2010-10-15";"2009-02-13"
"40311120";"tuss-22";"Frutosúria, pesquisa";"-";"2010-10-15";"2009-02-13"
"40311112";"tuss-22";"Erros inatos do metabolismo baterias de testes químicos de triagem em urina (mínimo de 6 testes)";"-";"2010-10-15";"2009-02-13"
"40311104";"tuss-22";"Dismorfismo eritrocitário, pesquisa (contraste de fase) - na urina";"-";"2010-10-15";"2009-02-13"
"40311090";"tuss-22";"Cromatografia de açúcares - na urina";"-";"2010-10-15";"2009-02-13"
"40311082";"tuss-22";"Corpos cetônicos, pesquisa - na urina";"-";"2010-10-15";"2009-02-13"
"40311074";"tuss-22";"Coproporfirina III - pesquisa e/ou dosagem na urina";"-";"2010-10-15";"2009-02-13"
"40311066";"tuss-22";"Cistinúria, pesquisa";"-";"2010-10-15";"2009-02-13"
"40311058";"tuss-22";"Catecolaminas fracionadas - dopamina, epinefrina, norepinefrina (cada) - pesquisa e/ou dosagem na urina";"-";"2010-10-15";"2009-02-13"
"40311040";"tuss-22";"Cálculos urinários - análise";"-";"2010-10-15";"2009-02-13"
"40311031";"tuss-22";"Alcaptonúria  - pesquisa e/ou dosagem na urina";"-";"2010-10-15";"2009-02-13"
"40311023";"tuss-22";"Ácido homogentísico - pesquisa e/ou dosagem na urina";"-";"2010-10-15";"2009-02-13"
"40311015";"tuss-22";"Ácido cítrico - pesquisa e/ou dosagem na urina";"-";"2010-10-15";"2009-02-13"
"40310736";"tuss-22";"Identificação de bactérias por método sorológico/bioquímico";"-";"2014-08-31";"2012-10-10"
"40310728";"tuss-22";"Fungos morfologia/bioquímica";"-";"2014-08-31";"2012-10-10"
"40310710";"tuss-22";"Pesquisa de VRE";"-";"2014-08-31";"2012-10-10"
"40310701";"tuss-22";"Corynebacterium diphiteriae, pesquisa";"-";"2014-08-31";"2012-10-10"
"40310698";"tuss-22";"Acanthamoeba, cultura";"-";"2014-08-31";"2012-10-10"
"40310680";"tuss-22";"Acanthamoeba, pesquisa, vários materiais";"-";"2014-08-31";"2012-10-10"
"40310671";"tuss-22";"Cultura em leite materno";"-";"2014-08-31";"2012-10-10"
"40310663";"tuss-22";"Lactamase, teste da cepa";"-";"2014-08-31";"2012-10-10"
"40310655";"tuss-22";"Influenza vírus, isolamento";"-";"2014-08-31";"2012-10-10"
"40310647";"tuss-22";"Cultura quantitativa queimados (pele)";"-";"2014-08-31";"2012-10-10"
"40310639";"tuss-22";"Demodex folliculorum, pesquisa";"-";"2014-08-31";"2012-10-10"
"40310620";"tuss-22";"Cultura, para agentes multirresistentes, vários materiais";"-";"2014-08-31";"2012-10-10"
"40310612";"tuss-22";"Chlamydia trachomatis, exame direto para vários materiais";"-";"2014-08-31";"2012-10-10"
"40310604";"tuss-22";"Antifungigrama";"-";"2010-10-15";"2010-09-09"
"40310590";"tuss-22";"Antígenos bacterianos / vários materiais";"-";"2010-10-15";"2010-09-09"
"40310582";"tuss-22";"Yersinia enterocolitica";"-";"2010-10-15";"2009-02-13"
"40310574";"tuss-22";"Trichomonas, cultura para";"-";"2010-10-15";"2009-02-13"
"40310566";"tuss-22";"Teste de sensibilidade mycobacterium cepas de bactérias";"-";"2010-10-15";"2009-02-13"
"40310558";"tuss-22";"Streptococcus B hemol cultura qualquer material";"-";"2010-10-15";"2009-02-13"
"40310540";"tuss-22";"Protozoários, cultura para";"-";"2010-10-15";"2009-02-13"
"40310531";"tuss-22";"Poder bactericida (pós administração de antibiótico)";"-";"2010-10-15";"2009-02-13"
"40310523";"tuss-22";"Pesquisa de antígenos entamoeba histolytica";"-";"2010-10-15";"2009-02-13"
"40310515";"tuss-22";"Pesquisa de antígenos bacterianos";"-";"2010-10-15";"2009-02-13"
"40310493";"tuss-22";"Herpes para imunofluorescência direta";"-";"2010-10-15";"2009-02-13"
"40310485";"tuss-22";"Helicobacter pylori, cultura de biópsia";"-";"2010-10-15";"2009-02-13"
"40310477";"tuss-22";"Gardnerella, cultura";"-";"2010-10-15";"2009-02-13"
"40310469";"tuss-22";"Cultura para listeria";"-";"2010-10-15";"2009-02-13"
"40310450";"tuss-22";"CMV para imunofluorescência direta";"-";"2010-10-15";"2009-02-13"
"40310442";"tuss-22";"Chlamydia pneumoniae, painel";"-";"2010-10-15";"2009-02-13"
"40310434";"tuss-22";"Leishmania, pesquisa";"-";"2014-08-31";"2014-05-26"
"40310426";"tuss-22";"Antibiograma automatizado";"-";"2010-10-15";"2009-02-13"
"40310418";"tuss-22";"Antibiograma (teste de sensibilidade e antibióticos e quimioterápicos), por bactéria - não automatizado";"-";"2010-10-15";"2009-02-13"
"40310400";"tuss-22";"Cultura automatizada - MICROBIOLOGIA";"-";"2010-10-15";"2009-02-13"
"40310388";"tuss-22";"Sarcoptes scabei, pesquisa";"-";"2010-10-15";"2009-02-13"
"40310370";"tuss-22";"Microsporídia, pesquisa nas fezes";"-";"2010-10-15";"2009-02-13"
"40310361";"tuss-22";"Citomegalovírus - shell vial - pesquisa";"-";"2010-10-15";"2009-02-13"
"40310353";"tuss-22";"Vacina autógena";"-";"2010-10-15";"2009-02-13"
"40310345";"tuss-22";"Treponema (campo escuro) - pesquisa";"-";"2010-10-15";"2009-02-13"
"40310337";"tuss-22";"Rotavírus, pesquisa, Elisa";"-";"2010-10-15";"2009-02-13"
"40310329";"tuss-22";"Pneumocysti carinii, pesquisa por coloração especial";"-";"2010-10-15";"2009-02-13"
"40310310";"tuss-22";"Paracoccidioides, pesquisa de";"-";"2010-10-15";"2009-02-13"
"40310302";"tuss-22";"Microorganismos - teste de sensibilidade a drogas MIC, por droga testada";"-";"2010-10-15";"2009-02-13"
"40310299";"tuss-22";"Leptospira (campo escuro após concentração) pesquisa";"-";"2010-10-15";"2009-02-13"
"40310280";"tuss-22";"Hansen, pesquisa de (por material)";"-";"2010-10-15";"2009-02-13"
"40310272";"tuss-22";"Hemophilus (bordetella) pertussis - pesquisa";"-";"2010-10-15";"2009-02-13"
"40310264";"tuss-22";"Hemocultura para bactérias anaeróbias (por amostra)";"-";"2010-10-15";"2009-02-13"
"40310256";"tuss-22";"Hemocultura automatizada (por amostra)";"-";"2010-10-15";"2009-02-13"
"40310248";"tuss-22";"Hemocultura (por amostra)";"-";"2010-10-15";"2009-02-13"
"40310230";"tuss-22";"Fungos, pesquisa de (a fresco lactofenol, tinta da China)";"-";"2010-10-15";"2009-02-13"
"40310221";"tuss-22";"Estreptococos - A, teste rápido";"-";"2010-10-15";"2009-02-13"
"40310213";"tuss-22";"Cultura, urina com contagem de colônias";"-";"2010-10-15";"2009-02-13"
"40310205";"tuss-22";"Cultura, micoplasma ou ureaplasma";"-";"2010-10-15";"2009-02-13"
"40310191";"tuss-22";"Cultura, herpesvírus ou outro";"-";"2010-10-15";"2009-02-13"
"40310183";"tuss-22";"Cultura, fezes: salmonella, shigella e escherichia coli enteropatogênicas (sorologia incluída)";"-";"2010-10-15";"2009-02-13"
"40310175";"tuss-22";"Cultura, fezes: salmonela, shigellae e esc. Coli enteropatogênicas, enteroinvasora (sorol. Incluída) + campylobacter SP. + E. Coli entero-hemorrágica";"-";"2010-10-15";"2009-02-13"
"40310167";"tuss-22";"Cultura quantitativa de secreções pulmonares, quando necessitar tratamento prévio c/ N.C.A.";"-";"2010-10-15";"2009-02-13"
"40310159";"tuss-22";"Cultura para mycobacterium";"-";"2010-10-15";"2009-02-13"
"40310140";"tuss-22";"Cultura para fungos";"-";"2010-10-15";"2009-02-13"
"40310132";"tuss-22";"Cultura para bactérias anaeróbicas";"-";"2010-10-15";"2009-02-13"
"40310124";"tuss-22";"Cultura bacteriana (em diversos materiais biológicos)";"-";"2010-10-15";"2009-02-13"
"40310116";"tuss-22";"Criptosporidium, pesquisa";"-";"2010-10-15";"2009-02-13"
"40310108";"tuss-22";"Criptococo (tinta da China), pesquisa de";"-";"2010-10-15";"2009-02-13"
"40310094";"tuss-22";"Corpúsculos de Donovani, pesquisa direta de";"-";"2010-10-15";"2009-02-13"
"40310086";"tuss-22";"Cólera - identificação (sorotipagem incluída)";"-";"2010-10-15";"2009-02-13"
"40310078";"tuss-22";"Chlamydia, cultura";"-";"2010-10-15";"2009-02-13"
"40310060";"tuss-22";"Bacterioscopia (Gram, Ziehl, Albert  etc), por lâmina";"-";"2010-10-15";"2009-02-13"
"40310051";"tuss-22";"B.A.A.R. (Ziehl ou fluorescência, pesquisa direta e após homogeneização) - pesquisa";"-";"2010-10-15";"2009-02-13"
"40310043";"tuss-22";"Antígenos fúngicos, pesquisa";"-";"2010-10-15";"2009-02-13"
"40310035";"tuss-22";"Antibiograma p/ bacilos álcool-resistentes - drogas de 2 linhas";"-";"2010-10-15";"2009-02-13"
"40310019";"tuss-22";"A fresco, exame";"-";"2010-10-15";"2009-02-13"
"40309525";"tuss-22";"Rotina líquido sinovial - caracteres físicos, citologia, proteínas, ácido úrico, látex p/ F.R., BACT.";"-";"2010-10-15";"2009-02-13"
"40309517";"tuss-22";"Ragócitos, pesquisa";"-";"2010-10-15";"2009-02-13"
"40309509";"tuss-22";"Cristais com luz polarizada - pesquisa e/ou dosagem em líquidos orgânicos";"-";"2010-10-15";"2009-02-13"
"40309452";"tuss-22";"Azul de nilo no líquido amniótico";"-";"2010-10-15";"2009-02-13"
"40309444";"tuss-22";"Rotina do líquido amniótico-amniograma (citológico espectrofotometria, creatinina e teste de clements)";"-";"2010-10-15";"2009-02-13"
"40309436";"tuss-22";"Maturidade pulmonar fetal - - pesquisa e/ou dosagem em líquidos orgânicos";"-";"2010-10-15";"2009-02-13"
"40309428";"tuss-22";"Fosfolipídios (relação lecitina/esfingomielina) - pesquisa e/ou dosagem em líquidos orgânicos";"-";"2010-10-15";"2009-02-13"
"40309410";"tuss-22";"Espectrofotometria de líquido amniótico";"-";"2010-10-15";"2009-02-13"
"40309401";"tuss-22";"Clements, teste";"-";"2010-10-15";"2009-02-13"
"40309320";"tuss-22";"Espermograma e teste de penetração \"in vitro\", velocidade penetração vertical, colocação  vital, teste de revitalização";"-";"2010-10-15";"2009-02-13"
"40309312";"tuss-22";"Espermograma (caracteres físicos, pH, fludificação, motilidade, vitalidade, contagem e morfologia)";"-";"2010-10-15";"2009-02-13"
"40309304";"tuss-22";"Anticorpo antiespermatozóide - pesquisa e/ou dosagem em líquidos orgânicos";"-";"2010-10-15";"2009-02-13"
"40309266";"tuss-22";"Aminoácidos no líquido cefalorraquidiano";"-";"2014-08-31";"2012-10-10"
"40309258";"tuss-22";"Líquor látex para meningite";"-";"2010-10-15";"2009-02-13"
"40309240";"tuss-22";"Líquor índice IgG para citomegalovirus";"-";"2010-10-15";"2009-02-13"
"40309231";"tuss-22";"Líquor imunofenotipagem T e B";"-";"2010-10-15";"2009-02-13"
"40309215";"tuss-22";"Líquor cisticercose Western Blot";"-";"2010-10-15";"2009-02-13"
"40309207";"tuss-22";"Coccidióides em líquor";"-";"2010-10-15";"2009-02-13"
"40309193";"tuss-22";"Babesia microti em líquor";"-";"2010-10-15";"2009-02-13"
"40309185";"tuss-22";"Takata-Ara, reação";"-";"2010-10-15";"2009-02-13"
"40309177";"tuss-22";"Nonne-Apple; reação";"-";"2010-10-15";"2009-02-13"
"40309169";"tuss-22";"Punção lombar com manometria para coleta de líquido cefalorraqueano";"-";"2010-10-15";"2009-02-13"
"40309150";"tuss-22";"Punção cisternal subocciptal com manometria para coleta de líquido cefalorraqueano";"-";"2010-10-15";"2009-02-13"
"40309142";"tuss-22";"Proteína mielina básica, anticorpo anti - pesquisa e/ou dosagem em líquidos orgânicos";"-";"2010-10-15";"2009-02-13"
"40309134";"tuss-22";"Pesquisa de bandas oligoclonais por isofocalização - pesquisa e/ou dosagem em líquidos orgânicos";"-";"2010-10-15";"2009-02-13"
"40309126";"tuss-22";"LCR pronto socorro (aspectos cor + índice  de cor + contagem  global  e  específica  de  leucócitos  e hemácias + proteína + glicose + cloro + lactato + bacterioscopia + cultura + látex para bactérias)";"-";"2010-10-15";"2009-02-13"
"40309118";"tuss-22";"LCR hospitalar neurologia (aspectos cor + índices de cor + contagem global e específica de  leucócitos e hemácias + proteína + glicose + cloro + reações para  neurocisticercose (2) + reações para  neurolues (2) + bacterioscopia + cultura + látex para bactérias).";"-";"2010-10-15";"2019-03-01"
"40309100";"tuss-22";"LCR ambulatorial rotina (aspectos cor + índice de cor + contagem global e  específica  de leucócitos e  hemácias + citologia  oncótica + proteína + glicose + cloro + eletroforese  com concentração + IgG + reações para neurocisticercose (2) + reações para neuroles (2)).";"-";"2010-10-15";"2019-03-01"
"40309096";"tuss-22";"Índice de imunoprodução (eletrof. e IgG em soro e líquor) - pesquisa e/ou dosagem";"-";"2010-10-15";"2009-02-13"
"40309088";"tuss-22";"Haemophilus influenzae - pesquisa de anticorpos (cada)- pesquisa e/ou dosagem em líquidos orgânicos";"-";"2010-10-15";"2009-02-13"
"40309070";"tuss-22";"H. Influenzae, S. Pneumonieae, N. Meningitidis A, B e C W135 (cada) - pesquisa e/ou dosagem em líquidos orgânicos";"-";"2010-10-15";"2009-02-13"
"40309061";"tuss-22";"Eletroforese de proteínas no líquor, com concentração - pesquisa e/ou dosagem em líquidos orgânicos";"-";"2010-10-15";"2009-02-13"
"40309053";"tuss-22";"Criptococose, cândida, aspérgilus (látex) - pesquisa e/ou dosagem em líquidos orgânicos";"-";"2010-10-15";"2009-02-13"
"40309045";"tuss-22";"Células, pesquisa de células neoplásicas (citologia oncótica) - pesquisa e/ou dosagem em líquidos orgânicos";"-";"2010-10-15";"2009-02-13"
"40309037";"tuss-22";"Células, contagem total e específica - pesquisa e/ou dosagem em líquidos orgânicos";"-";"2010-10-15";"2009-02-13"
"40309029";"tuss-22";"Bioquímica ICR (proteínas + pandy + glicose + cloro) - pesquisa e/ou dosagem em líquidos orgânicos";"-";"2010-10-15";"2009-02-13"
"40309010";"tuss-22";"Adenosina de aminase (ADA) - pesquisa e/ou dosagem em líquidos orgânicos";"-";"2010-10-15";"2009-02-13"
"40308995";"tuss-22";"Anticorpos Gd1B - IgG";"-";"2010-10-15";"2009-02-13"
"40308987";"tuss-22";"Anticorpos Gd1A - IgM";"-";"2010-10-15";"2009-02-13"
"40308979";"tuss-22";"Anticorpos Gd1A - IgG";"-";"2010-10-15";"2009-02-13"
"40308960";"tuss-22";"Anticorpos Gangliosídeos, soro";"-";"2010-10-15";"2009-02-13"
"40308952";"tuss-22";"Anticorpos Fosfatidilcolina - IgG/IgM/IgA";"-";"2010-10-15";"2009-02-13"
"40308944";"tuss-22";"Anticorpos Desmogleina tipo 1 e 3 ";"-";"2010-10-15";"2009-02-13"
"40308936";"tuss-22";"Anticorpos CV2 auto, soro";"-";"2010-10-15";"2009-02-13"
"40308928";"tuss-22";"Anticorpos Coxsackie A, outros materiais";"-";"2010-10-15";"2009-02-13"
"40308910";"tuss-22";"Anticorpos contra canal de cálcio regulado por voltagem";"-";"2010-10-15";"2009-02-13"
"40308901";"tuss-22";"Acetilcolina, anticorpos bloqueador receptor ";"-";"2010-10-15";"2009-02-13"
"40308898";"tuss-22";"Anticorpos Beta 2 glicoproteina I  - IgG/IgM/IgA";"-";"2010-10-15";"2009-02-13"
"40308880";"tuss-22";"Anticorpos arbovírus, painel";"-";"2010-10-15";"2009-02-13"
"40308871";"tuss-22";"Anticorpos anti vírus rábico";"-";"2010-10-15";"2009-02-13"
"40308863";"tuss-22";"Anticorpos anti vírus herpes 6";"-";"2010-10-15";"2009-02-13"
"40308855";"tuss-22";"Anticorpos anti vírus herpes  6 líquor - IgG/IgM";"-";"2010-10-15";"2009-02-13"
"40308847";"tuss-22";"Anticorpos anti sulfatídeo";"-";"2010-10-15";"2009-02-13"
"40308839";"tuss-22";"Anticorpos anti strongilóides";"-";"2010-10-15";"2009-02-13"
"40308820";"tuss-22";"Anticorpos anti reticulina";"-";"2010-10-15";"2009-02-13"
"40308812";"tuss-22";"Anticorpos anti PM1";"-";"2010-10-15";"2009-02-13"
"40308804";"tuss-22";"Anticorpos anti peptídeo cíclico citrulinado - IgG";"-";"2010-10-15";"2009-02-13"
"40308790";"tuss-22";"Anticorpos anti pele";"-";"2010-10-15";"2009-02-13"
"40308782";"tuss-22";"Anticorpos anti neuronal nuclear 1 e 2 LCR";"-";"2010-10-15";"2009-02-13"
"40308774";"tuss-22";"Anticorpos anti Mielina";"-";"2010-10-15";"2009-02-13"
"40308766";"tuss-22";"Anticorpos anti MI-2 auto ";"-";"2010-10-15";"2009-02-13"
"40308758";"tuss-22";"Anticorpos anti MAG ";"-";"2010-10-15";"2009-02-13"
"40308740";"tuss-22";"Anticorpos anti líquor GM1";"-";"2010-10-15";"2009-02-13"
"40308731";"tuss-22";"Anticorpos anti líquor gangliosídeo, painel ";"-";"2010-10-15";"2009-02-13"
"40308723";"tuss-22";"Anticorpos anti líquor bartonella";"-";"2010-10-15";"2009-02-13"
"40308707";"tuss-22";"Anticorpos anti Hantavirus";"-";"2010-10-15";"2009-02-13"
"40308693";"tuss-22";"Anticorpos anti granulócitos";"-";"2010-10-15";"2009-02-13"
"40308685";"tuss-22";"Anticorpos anti fosfatidilserina - IgA/IgG/IgM";"-";"2010-10-15";"2009-02-13"
"40308677";"tuss-22";"Anticorpos anti Fibrilarina ";"-";"2010-10-15";"2009-02-13"
"40308669";"tuss-22";"Anticorpos anti febre, qualquer soro";"-";"2010-10-15";"2009-02-13"
"40308650";"tuss-22";"Anticorpos anti fator intrinseco";"-";"2010-10-15";"2009-02-13"
"40308642";"tuss-22";"Anticorpos anti colágeno tipo 2";"-";"2010-10-15";"2009-02-13"
"40308634";"tuss-22";"Anticorpos anti coccidióides, soro";"-";"2010-10-15";"2009-02-13"
"40308626";"tuss-22";"Anticorpos anti antígeno hepático solúvel";"-";"2010-10-15";"2009-02-13"
"40308618";"tuss-22";"Anticorpos anti anexina";"-";"2010-10-15";"2009-02-13"
"40308596";"tuss-22";"Anticorpos anti 21 hidroxilase";"-";"2010-10-15";"2009-02-13"
"40308588";"tuss-22";"Anti YO (PCA1), dosagem líquor";"-";"2010-10-15";"2022-08-01"
"40308570";"tuss-22";"Anti YO";"-";"2010-10-15";"2009-02-13"
"40308561";"tuss-22";"Anti transglutaminase tecidual - IgG";"-";"2010-10-15";"2009-02-13"
"40308553";"tuss-22";"Anti transglutaminase tecidual - IgA";"-";"2010-10-15";"2009-02-13"
"40308545";"tuss-22";"Anti ribossomal P";"-";"2010-10-15";"2009-02-13"
"40308537";"tuss-22";"Anti RI (Western Blot)";"-";"2010-10-15";"2009-02-13"
"40308529";"tuss-22";"Anticorpos antipneumococos";"-";"2010-10-15";"2009-02-13"
"40308510";"tuss-22";"Anti PCNA";"-";"2010-10-15";"2009-02-13"
"40308502";"tuss-22";"Anti parainfluenza tipo 1,2,3";"-";"2010-10-15";"2009-02-13"
"40308499";"tuss-22";"Anti KU";"-";"2010-10-15";"2009-02-13"
"40308480";"tuss-22";"Anti HU (Western Blot)";"-";"2010-10-15";"2009-02-13"
"40308472";"tuss-22";"Anti GM1 - IgG/IgM";"-";"2010-10-15";"2009-02-13"
"50001248";"tuss-22";"CONSULTA DOMICILIAR EM PSICOLOGIA";"-";"2023-12-31";"2023-10-01"
"40308464";"tuss-22";"Anti cromatina - IgG";"-";"2010-10-15";"2009-02-13"
"50001230";"tuss-22";"CONSULTA HOSPITALAR EM PSICOLOGIA";"-";"2023-12-31";"2023-10-01"
"40308456";"tuss-22";"Anti citosol hepático";"-";"2010-10-15";"2009-02-13"
"50001221";"tuss-22";"CONSULTA AMBULATORIAL EM PSICOLOGIA";"-";"2023-12-31";"2023-10-01"
"40308448";"tuss-22";"Anti 68 KD (Cóclea)";"-";"2010-10-15";"2009-02-13"
"50001213";"tuss-22";"MUSICOTERAPIA - POR SESSÃO";"-";"2023-12-31";"2023-10-01"
"40308430";"tuss-22";"Ameba, pesquisa antígeno nas fezes, Elisa";"-";"2010-10-15";"2009-02-13"
"50001205";"tuss-22";"Consulta com enfermeiro obstetra ou obstetriz";"-";"2021-06-30";"2021-04-01"
"40308421";"tuss-22";"Ameba, pesquisa";"-";"2010-10-15";"2009-02-13"
"50001191";"tuss-22";"Sessão em psicologia em grupo";"-";"2021-06-30";"2021-04-01"
"40308413";"tuss-22";"Paracoccidioidomicose, anticorpos totais / IgG - pesquisa e/ou dosagem";"-";"2010-10-15";"2009-02-13"
"50001183";"tuss-22";"Sessão em psicologia individual";"-";"2021-06-30";"2021-04-01"
"40308405";"tuss-22";"Aslo, quantitativo - pesquisa e/ou dosagem";"-";"2010-10-15";"2009-02-13"
"50001167";"tuss-22";"Confecção de recursos de tecnologia assistiva";"-";"2016-03-31";"2016-01-01"
"40308391";"tuss-22";"Proteína C reativa, quantitativa - pesquisa e/ou dosagem";"-";"2010-10-15";"2009-02-13"
"50001078";"tuss-22";"Atendimento fisioterapêutico ambulatorial ao paciente com dependência total com disfunção decorrente de lesão do sistema nervoso central e/ou periférico";"-";"2016-03-31";"2016-01-01"
"50001051";"tuss-22";"Atendimento fisioterapêutico hospitalar ao paciente com dependência total com disfunção decorrente de lesão do sistema nervoso central e/ou periférico";"-";"2016-03-31";"2016-01-01"
"40308383";"tuss-22";"Proteína C reativa, qualitativa - pesquisa";"-";"2010-10-15";"2009-02-13"
"40308375";"tuss-22";"Psitacose - IgA - pesquisa e/ou dosagem";"-";"2010-10-15";"2009-02-13"
"50001043";"tuss-22";"Atendimento fisioterapêutico hospitalar ao paciente com dependência parcial com disfunção decorrente de lesão do sistema nervoso central e/ou periférico";"-";"2016-03-31";"2016-01-01"
"40308367";"tuss-22";"Psitacose - IgM - pesquisa e/ou dosagem";"-";"2010-10-15";"2009-02-13"
"50001019";"tuss-22";"Atendimento fisioterapêutico hospitalar ao paciente com disfunção decorrente de alterações no sistema respiratório com Assistência Ventilatória Mecânica.";"-";"2016-03-31";"2016-01-01"
"50001000";"tuss-22";"Atendimento fisioterapêutico hospitalar ao paciente com disfunção decorrente de alterações no sistema respiratório sem Assistência Ventilatória Mecânica.";"-";"2016-03-31";"2016-01-01"
"40308359";"tuss-22";"Psitacose - IgG - pesquisa e/ou dosagem";"-";"2010-10-15";"2009-02-13"
"40308340";"tuss-22";"Mononucleose, sorologia para (Monoteste ou Paul-Bunnel), cada";"-";"2010-10-15";"2009-02-13"
"50000934";"tuss-22";"Análise Eletroterapêutica não invasiva, identificação de ponto motor, cronaximetria, reobase, acomodação e curva I/T - por segmento ou membro";"-";"2016-03-31";"2016-01-01"
"40308332";"tuss-22";"Gonococo - IgM - pesquisa e/ou dosagem";"-";"2010-10-15";"2009-02-13"
"50000926";"tuss-22";"Ventilometria (incluindo Capacidade Vital, Capacidade Inspiratoria, volume minuto, volume corrente e todos índices derivados destas avaliações)";"-";"2016-03-31";"2016-01-01"
"50000918";"tuss-22";"Estabilometria";"-";"2016-03-31";"2016-01-01"
"40308324";"tuss-22";"Gonococo - IgG - pesquisa e/ou dosagem";"-";"2010-10-15";"2009-02-13"
"50000900";"tuss-22";"EMG não  invasivo";"-";"2016-03-31";"2016-01-01"
"40308316";"tuss-22";"Amebíase, IgM - pesquisa e/ou dosagem";"-";"2010-10-15";"2009-02-13"
"50000896";"tuss-22";"Avaliação ergonômica";"-";"2016-03-31";"2016-01-01"
"40308308";"tuss-22";"Amebíase, IgG - pesquisa e/ou dosagem";"-";"2010-10-15";"2009-02-13"
"50000888";"tuss-22";"Baropodometria";"-";"2016-03-31";"2016-01-01"
"40308294";"tuss-22";"Sífilis IgM - pesquisa e/ou dosagem";"-";"2010-10-15";"2009-02-13"
"50000870";"tuss-22";"Atendimento Fisioterapêutico em Quiropraxia   ";"-";"2016-03-31";"2016-01-01"
"40308286";"tuss-22";"Sífilis anticorpo total - pesquisa e/ou dosagem";"-";"2010-10-15";"2009-02-13"
"50000861";"tuss-22";"Atendimento Fisioterapêutico em grupo em Pilates     ";"-";"2016-03-31";"2016-01-01"
"40308278";"tuss-22";"Schistosomose, pesquisa";"-";"2010-10-15";"2009-02-13"
"50000853";"tuss-22";"Atendimento Fisioterapêutico individual em Pilates     ";"-";"2016-03-31";"2016-01-01"
"40308251";"tuss-22";"Proteína Amiloide A - pesquisa e/ou dosagem";"-";"2010-10-15";"2009-02-13"
"50000845";"tuss-22";"Fisioterapia aquatica em grupo (Hidroterapia)";"-";"2016-04-15";"2016-01-15"
"40308243";"tuss-22";"Poliomelite sorologia";"-";"2010-10-15";"2009-02-13"
"50000837";"tuss-22";"Fisioterapia aquatica individual (Hidroterapia)";"-";"2016-04-15";"2016-01-15"
"40308235";"tuss-22";"HER2 dosagem do receptor";"-";"2016-03-31";"2016-01-01"
"50000829";"tuss-22";"Atendimento fisioterapêutico hospitalar ao paciente com disfunção decorrente de alterações no sistema respiratório sem assistência ventilatória";"-";"2016-03-31";"2016-01-01"
"40308219";"tuss-22";"Anticorpo anti Saccharamyces - ASCA - pesquisa e/ou dosagem";"-";"2010-10-15";"2009-02-13"
"50000810";"tuss-22";"Atendimento fisioterapêutico hospitalar ao paciente com disfunção decorrente de alterações no sistema respiratório com assistência ventilatória.";"-";"2016-03-31";"2016-01-01"
"40308200";"tuss-22";"Weil Felix (Ricketsiose), reação de aglutinação";"-";"2010-10-15";"2009-02-13"
"50000802";"tuss-22";"Atendimento fisioterapêutico hospitalar ao paciente dependente com disfunção decorrente de lesão do sistema nervoso central e/ou periférico";"-";"2016-03-31";"2016-01-01"
"40308197";"tuss-22";"Vírus sincicial respiratório - pesquisa direta";"-";"2010-10-15";"2009-02-13"
"50000799";"tuss-22";"Atendimento fisioterapêutico hospitalar ao paciente independente ou com dependência parcial, com disfunção decorrente de lesão do sistema nervoso central e/ou periférico";"-";"2016-03-31";"2016-01-01"
"40308170";"tuss-22";"Varicela, IgM - pesquisa e/ou dosagem";"-";"2010-10-15";"2009-02-13"
"50000780";"tuss-22";"Atendimento fisioterapêutico ambulatorial em grupo por alterações endocrino-metabólicas";"-";"2016-03-31";"2016-01-01"
"40308162";"tuss-22";"Varicela, IgG - pesquisa e/ou dosagem";"-";"2010-10-15";"2009-02-13"
"50000772";"tuss-22";"Atendimento fisioterapêutico ambulatorial individual por alterações endocrino-metabólicas";"-";"2016-03-31";"2016-01-01"
"40308154";"tuss-22";"Toxoplasmose - IgA - pesquisa e/ou dosagem";"-";"2010-10-15";"2009-02-13"
"50000764";"tuss-22";"Atendimento fisioterapêutico ambulatorial em grupo aos pacientes com disfunção decorrente de alterações do sistema cardiovascular";"-";"2016-03-31";"2016-01-01"
"40308138";"tuss-22";"Sarampo - anticorpos IgM - pesquisa e/ou dosagem";"-";"2010-10-15";"2009-02-13"
"50000756";"tuss-22";"Atendimento fisioterapêutico ambulatorial individual ao paciente com disfunção decorrente de alterações do sistema cardiovascular";"-";"2016-03-31";"2016-01-01"
"40308120";"tuss-22";"Sarampo - anticorpos IgG - pesquisa e/ou dosagem";"-";"2010-10-15";"2009-02-13"
"50000748";"tuss-22";"Atendimento fisioterapêutico ambulatorial em grupo aos pacientes com disfunção decorrente de alterações no sistema respiratório";"-";"2016-03-31";"2016-01-01"
"40308090";"tuss-22";"NBT estimulado";"-";"2010-10-15";"2009-02-13"
"50000730";"tuss-22";"Atendimento fisioterapêutico ambulatorial individual ao paciente com disfunção decorrente de alterações no sistema respiratório";"-";"2016-03-31";"2016-01-01"
"40308081";"tuss-22";"Hidatidose (equinococose) IDi dupla - pesquisa e/ou dosagem";"-";"2010-10-15";"2009-02-13"
"50000713";"tuss-22";"Atendimento fisioterapêutico ambulatorial ao paciente independente ou com dependência parcial, com disfunção decorrente de lesão do sistema nervoso central e/ou periférico";"-";"2016-03-31";"2016-01-01"
"40308065";"tuss-22";"Gonococo - hemaglutinação (HA)";"-";"2010-10-15";"2009-02-13"
"50000705";"tuss-22";"Consulta ambulatorial de enfermagem";"-";"2014-08-31";"2014-05-26"
"40308049";"tuss-22";"Frei (linfogranuloma venéreo), IDeR - pesquisa e/ou dosagem";"-";"2010-10-15";"2009-02-13"
"50000691";"tuss-22";"Consulta hospitalar por nutricionista";"-";"2014-08-31";"2012-10-10"
"40308030";"tuss-22";"Fator reumatóide, teste do látex (qualitativo) - pesquisa";"-";"2010-10-15";"2009-02-13"
"50000683";"tuss-22";"Visita de assistente social";"-";"2014-08-31";"2012-10-10"
"40308022";"tuss-22";"DNCB - teste de contato";"-";"2010-10-15";"2009-02-13"
"50000675";"tuss-22";"Avaliação do processamento auditivo central por fonoaudiólogo";"-";"2014-08-31";"2012-10-10"
"40308014";"tuss-22";"Crioglobulinas, caracterização - imunoeletroforese";"-";"2010-10-15";"2009-02-13"
"50000667";"tuss-22";"Análise acústica da voz por fonoaudiólogo";"-";"2014-08-31";"2012-10-10"
"40307999";"tuss-22";"Complemento C3, C4 - turbid. ou nefolométrico C3A - pesquisa e/ou dosagem";"-";"2010-10-15";"2009-02-13"
"50000659";"tuss-22";"Orientação fonoaudiológica aos pais/escolar/cuidador";"-";"2014-08-31";"2012-10-10"
"40307972";"tuss-22";"Chagas (Machado Guerreiro)";"-";"2010-10-15";"2009-02-13"
"50000640";"tuss-22";"Sessão de fonoaudiologia em grupo";"-";"2014-08-31";"2012-10-10"
"40307964";"tuss-22";"Chagas, hemoaglutinação";"-";"2010-10-15";"2009-02-13"
"50000632";"tuss-22";"Sessão individual hospitalar de fonoaudiologia ";"-";"2014-08-31";"2012-10-10"
"40307956";"tuss-22";"Antígenos metílicos solúveis do BCG (1 aplicação)";"-";"2010-10-15";"2009-02-13"
"50000624";"tuss-22";"Sessão individual domiciliar de fonoaudiologia ";"-";"2014-08-31";"2012-10-10"
"40307948";"tuss-22";"Antifígado (glomérulo, tub. Renal corte rim de rato), IFI - pesquisa e/ou dosagem";"-";"2010-10-15";"2009-02-13"
"50000616";"tuss-22";"Sessão individual ambulatorial de fonoaudiologia ";"-";"2014-08-31";"2012-10-10"
"40307930";"tuss-22";"Antidesoxiribonuclease B, neutralização quantitativa - pesquisa e/ou dosagem";"-";"2010-10-15";"2009-02-13"
"50000608";"tuss-22";"Consulta individual hospitalar de fonoaudiologia ";"-";"2014-08-31";"2012-10-10"
"40307921";"tuss-22";"Anti-hialuronidase, determinação da";"-";"2010-10-15";"2009-02-13"
"50000594";"tuss-22";"Consulta individual domiciliar de fonoaudiologia ";"-";"2014-08-31";"2012-10-10"
"40307913";"tuss-22";"Anti-DMP - pesquisa e/ou dosagem";"-";"2010-10-15";"2009-02-13"
"50000586";"tuss-22";"Consulta individual ambulatorial de fonoaudiologia ";"-";"2014-08-31";"2012-10-10"
"40307905";"tuss-22";"Alérgenos - perfil antigênico (painel C/36 antígenos) - pesquisa e/ou dosagem";"-";"2010-10-15";"2009-02-13"
"50000578";"tuss-22";"Consulta domiciliar por nutricionista";"-";"2014-08-31";"2012-10-10"
"40307891";"tuss-22";"Widal, reação de";"-";"2010-10-15";"2009-02-13"
"50000560";"tuss-22";"Consulta ambulatorial por nutricionista ";"-";"2014-08-31";"2012-10-10"
"40307883";"tuss-22";"Western Blot (anticorpos anti-HTVI ou HTLVII) (cada) - pesquisa e/ou dosagem";"-";"2010-10-15";"2009-02-13"
"50000551";"tuss-22";"Acompanhamento de cuidador para paciente psiquiátrico ";"-";"2014-08-31";"2012-10-10"
"40307875";"tuss-22";"Western Blot (anticorpos anti-HIV) - pesquisa e/ou dosagem";"-";"2010-10-15";"2009-02-13"
"50000543";"tuss-22";"Acompanhamento de cuidador domiciliar";"-";"2014-08-31";"2012-10-10"
"40307867";"tuss-22";"Waaler-Rose (fator reumatóide) - pesquisa e/ou dosagem";"-";"2010-10-15";"2009-02-13"
"50000535";"tuss-22";"Consulta domiciliar de enfermagem";"-";"2014-08-31";"2014-05-26"
"40307859";"tuss-22";"Vírus sincicial respiratório - Elisa - IgG - pesquisa e/ou dosagem";"-";"2010-10-15";"2009-02-13"
"50000527";"tuss-22";"Consulta hospitalar de enfermagem";"-";"2014-08-31";"2014-05-26"
"40307840";"tuss-22";"Urease, teste rápido para helicobacter pylori";"-";"2010-10-15";"2009-02-13"
"50000519";"tuss-22";"Acompanhamento e reabilitação profissional por psicólogo";"-";"2014-08-31";"2012-10-10"
"40307832";"tuss-22";"Toxoplasmose IgM - pesquisa e/ou dosagem";"-";"2010-10-15";"2009-02-13"
"50000500";"tuss-22";"Sessão de psicoterapia familiar por psicólogo";"-";"2014-08-31";"2012-10-10"
"40307824";"tuss-22";"Toxoplasmose IgG - pesquisa e/ou dosagem";"-";"2010-10-15";"2009-02-13"
"50000497";"tuss-22";"Sessão de psicoterapia em casal por psicólogo";"-";"2014-08-31";"2012-10-10"
"40307816";"tuss-22";"Toxoplasmina, IDeR";"-";"2010-10-15";"2009-02-13"
"50000489";"tuss-22";"Sessão de psicoterapia em grupo por psicólogo";"-";"2014-08-31";"2012-10-10"
"40307808";"tuss-22";"Toxocara cannis - IgM - pesquisa e/ou dosagem";"-";"2010-10-15";"2009-02-13"
"50000470";"tuss-22";"Sessão de psicoterapia individual por psicólogo";"-";"2014-08-31";"2012-10-10"
"40307794";"tuss-22";"Toxocara cannis - IgG - pesquisa e/ou dosagem";"-";"2010-10-15";"2009-02-13"
"50000454";"tuss-22";"Atendimento fisioterapêutico hospitalar para alterações inflamatórias e ou degenerativas do aparelho genito-urinário, reprodutor e/ou proctológico";"-";"2016-03-31";"2016-01-01"
"40307786";"tuss-22";"Teste respiratório para H. Pylori";"-";"2010-10-15";"2009-02-13"
"50000446";"tuss-22";"Reeducação Postural Global ";"-";"2016-03-31";"2016-01-01"
"40307778";"tuss-22";"Teste de inibição da migração dos linfócitos (para cada antígeno)";"-";"2010-10-15";"2009-02-13"
"50000420";"tuss-22";"Atendimento fisioterapêutico hospitalar por alterações endocrino-metabólicas";"-";"2016-03-31";"2016-01-01"
"40307760";"tuss-22";"Sífilis - VDRL";"-";"2010-10-15";"2009-02-13"
"50000411";"tuss-22";"Atendimento fisioterapêutico hospitalar no pré e pós cirúrgico e em recuperação de tecidos";"-";"2016-03-31";"2016-01-01"
"40307751";"tuss-22";"Sífilis - TPHA - pesquisa";"-";"2010-10-15";"2009-02-13"
"50000403";"tuss-22";"Atendimento fisioterapêutico hospitalar ao paciente com disfunção decorrente de alterações do sistema linfático e/ou vascular periférico";"-";"2016-03-31";"2016-01-01"
"40307743";"tuss-22";"Sífilis - FTA-ABS-IgM - pesquisa";"-";"2010-10-15";"2009-02-13"
"50000390";"tuss-22";"Atendimento fisioterapêutico hospitalar ao paciente com disfunção decorrente de queimaduras";"-";"2016-03-31";"2016-01-01"
"40307735";"tuss-22";"Sífilis - FTA-ABS-IgG - pesquisa";"-";"2010-10-15";"2009-02-13"
"50000381";"tuss-22";"Atendimento fisioterapêutico hospitalar ao paciente com disfunção decorrente de alterações do sistema cardiovascular";"-";"2016-03-31";"2016-01-01"
"40307727";"tuss-22";"Schistosomose - IgM - pesquisa e/ou dosagem";"-";"2010-10-15";"2009-02-13"
"50000365";"tuss-22";"Atendimento fisioterapêutico hospitalar ao paciente com disfunção decorrente de alterações do sistema músculo-esquelético";"-";"2016-03-31";"2016-01-01"
"40307719";"tuss-22";"Schistosomose - IgG - pesquisa e/ou dosagem";"-";"2010-10-15";"2009-02-13"
"50000349";"tuss-22";"Consulta hospitalar em fisioterapia";"-";"2014-08-31";"2012-10-10"
"40307700";"tuss-22";"Rubéola - IgM - pesquisa e/ou dosagem";"-";"2010-10-15";"2009-02-13"
"50000330";"tuss-22";"Atendimento fisioterapêutico domiciliar para alterações inflamatórias e ou degenerativas do aparelho genito-urinário, reprodutor e/ou proctológico";"-";"2016-03-31";"2016-01-01"
"40307697";"tuss-22";"Rubéola - IgG - pesquisa e/ou dosagem";"-";"2010-10-15";"2009-02-13"
"50000322";"tuss-22";"Atendimento fisioterapêutico domiciliar por alterações endocrino-metabólicas";"-";"2016-03-31";"2016-01-01"
"40307689";"tuss-22";"Reação sorológica para coxsackie, neutralização IgG";"-";"2010-10-15";"2009-02-13"
"40307662";"tuss-22";"Proteína eosinofílica catiônica (ECP) - pesquisa e/ou dosagem";"-";"2010-10-15";"2009-02-13"
"50000314";"tuss-22";"Atendimento fisioterapêutico domiciliar no pré e pós cirúrgico e em recuperação de tecidos";"-";"2016-03-31";"2016-01-01"
"40307654";"tuss-22";"Proteína C, teste imunológico";"-";"2010-10-15";"2009-02-13"
"50000306";"tuss-22";"Atendimento fisioterapêutico domiciliar ao paciente com disfunção decorrente de alterações do sistema linfático e/ou vascular periférico";"-";"2016-03-31";"2016-01-01"
"40307638";"tuss-22";"PPD (tuberculina), IDeR";"-";"2010-10-15";"2009-02-13"
"50000292";"tuss-22";"Atendimento fisioterapêutico domiciliar ao paciente com disfunção decorrente de queimaduras";"-";"2016-03-31";"2016-01-01"
"40307620";"tuss-22";"Peptídio intestinal vasoativo, dosagem";"-";"2010-10-15";"2009-02-13"
"50000284";"tuss-22";"Atendimento fisioterapêutico domiciliar ao paciente com disfunção decorrente de alterações do sistema cardiovascular";"-";"2016-03-31";"2016-01-01"
"40307611";"tuss-22";"Parvovírus - IgG, IgM (cada) - pesquisa e/ou dosagem";"-";"2010-10-15";"2009-02-13"
"50000276";"tuss-22";"Atendimento fisioterapêutico domiciliar ao paciente com disfunção decorrente de alterações no sistema respiratório";"-";"2016-03-31";"2016-01-01"
"50000268";"tuss-22";"Atendimento fisioterapêutico domiciliar ao paciente com disfunção decorrente de alterações do sistema músculo-esquelético";"-";"2016-03-31";"2016-01-01"
"40307603";"tuss-22";"Outros testes bioquímicos para determinação do risco fetal (cada)";"-";"2010-10-15";"2009-02-13"
"50000250";"tuss-22";"Atendimento fisioterapêutico domiciliar ao paciente com disfunção decorrente de lesão do sistema nervoso central e/ou periférico";"-";"2016-03-31";"2016-01-01"
"40307590";"tuss-22";"Montenegro, IDeR";"-";"2010-10-15";"2009-02-13"
"50000241";"tuss-22";"Consulta domiciliar em fisioterapia";"-";"2014-08-31";"2012-10-10"
"40307581";"tuss-22";"Mononucleose, anti-VCA (EBV) IgM - pesquisa e/ou dosagem";"-";"2010-10-15";"2009-02-13"
"50000233";"tuss-22";"Atendimento fisioterapêutico ambulatorial para alterações inflamatórias e ou degenerativas do aparelho genito-urinário e reprodutor, e/ou proctológico";"-";"2016-03-31";"2016-01-01"
"40307573";"tuss-22";"Mononucleose, anti-VCA (EBV) IgG - pesquisa e/ou dosagem";"-";"2010-10-15";"2009-02-13"
"50000217";"tuss-22";"Atendimento fisioterapêutico ambulatorial no pré e pós cirúrgico e em recuperação de tecidos";"-";"2016-03-31";"2016-01-01"
"40307565";"tuss-22";"Mononucleose - Epstein BARR - IgG - pesquisa e/ou dosagem";"-";"2010-10-15";"2009-02-13"
"50000209";"tuss-22";"Atendimento fisioterapêutico ambulatorial ao paciente com disfunção decorrente de alterações do sistema linfático e/ou vascular periférico";"-";"2016-03-31";"2016-01-01"
"40307530";"tuss-22";"Micoplasma pneumoniae - IgM - pesquisa e/ou dosagem";"-";"2010-10-15";"2009-02-13"
"40307522";"tuss-22";"Micoplasma pneumoniae - IgG - pesquisa e/ou dosagem";"-";"2010-10-15";"2009-02-13"
"50000195";"tuss-22";"Atendimento fisioterapêutico ambulatorial ao paciente com disfunção decorrente de queimaduras";"-";"2016-03-31";"2016-01-01"
"40307514";"tuss-22";"MCA (antígeno cárcino-mamário) - pesquisa e/ou dosagem";"-";"2010-10-15";"2009-02-13"
"50000160";"tuss-22";"Atendimento fisioterapêutico ambulatorial ao paciente com disfunção decorrente de alterações do sistema músculo-esquelético";"-";"2016-03-31";"2016-01-01"
"40307506";"tuss-22";"Mantoux, IDeR";"-";"2010-10-15";"2009-02-13"
"50000144";"tuss-22";"Consulta ambulatorial em fisioterapia";"-";"2014-08-31";"2012-10-10"
"40307492";"tuss-22";"Malária - IgM - pesquisa e/ou dosagem";"-";"2010-10-15";"2009-02-13"
"50000136";"tuss-22";"Sessão de terapia ocupacional para treinamento órteses, próteses e adaptações";"-";"2014-08-31";"2012-10-10"
"50000128";"tuss-22";"Sessão de terapia ocupacional em grupo";"-";"2014-08-31";"2012-10-10"
"40307484";"tuss-22";"Malária - IgG - pesquisa e/ou dosagem";"-";"2010-10-15";"2009-02-13"
"50000110";"tuss-22";"Sessão de terapia ocupacional familiar";"-";"2014-08-31";"2012-10-10"
"40307476";"tuss-22";"Lyme - IgM - pesquisa e/ou dosagem";"-";"2010-10-15";"2009-02-13"
"40307468";"tuss-22";"Lyme - IgG - pesquisa e/ou dosagem";"-";"2010-10-15";"2009-02-13"
"50000101";"tuss-22";"Sessão individual hospitalar, em terapia ocupacional";"-";"2014-08-31";"2012-10-10"
"50000098";"tuss-22";"Sessão individual domiciliar, em terapia ocupacional";"-";"2014-08-31";"2012-10-10"
"40307450";"tuss-22";"Listeriose, reação sorológica";"-";"2010-10-15";"2009-02-13"
"50000080";"tuss-22";"Sessão individual ambulatorial, em terapia ocupacional";"-";"2014-08-31";"2012-10-10"
"40307441";"tuss-22";"Linfócitos T supressores contagem de (IF com OKT-8) (D-8) citometria de fluxo";"-";"2010-10-15";"2009-02-13"
"50000071";"tuss-22";"Consulta individual hospitalar, em terapia ocupacional";"-";"2014-08-31";"2012-10-10"
"40307433";"tuss-22";"Linfócitos T \"helper\" contagem de (IF com OKT-4) (CD-4+) citometria de fluxo";"-";"2010-10-15";"2009-02-13"
"50000063";"tuss-22";"Consulta individual domiciliar, em terapia ocupacional";"-";"2014-08-31";"2012-10-10"
"40307425";"tuss-22";"Leptospirose, aglutinação - pesquisa";"-";"2010-10-15";"2009-02-13"
"50000055";"tuss-22";"Consulta individual ambulatorial, em terapia ocupacional";"-";"2014-08-31";"2012-10-10"
"40307417";"tuss-22";"Leptospirose - IgM - pesquisa e/ou dosagem";"-";"2010-10-15";"2009-02-13"
"50000047";"tuss-22";"Sessão de ludoterapia em grupo";"-";"2014-08-31";"2012-10-10"
"40307409";"tuss-22";"Leptospirose - IgG - pesquisa e/ou dosagem";"-";"2010-10-15";"2009-02-13"
"50000039";"tuss-22";"Sessão de ludoterapia individual";"-";"2014-08-31";"2012-10-10"
"40307395";"tuss-22";"Leishmaniose - IgG e IgM (cada) - pesquisa e/ou dosagem";"-";"2010-10-15";"2009-02-13"
"50000020";"tuss-22";"Sessão de psicomotricidade em grupo";"-";"2014-08-31";"2012-10-10"
"40307387";"tuss-22";"Legionella - IgG e IgM (cada) - pesquisa e/ou dosagem";"-";"2010-10-15";"2009-02-13"
"50000012";"tuss-22";"Sessão de psicomotricidade individual";"-";"2014-08-31";"2012-10-10"
"40307379";"tuss-22";"Kveim (sarcoidose), IDeR - pesquisa e/ou dosagem";"-";"2010-10-15";"2009-02-13"
"40307360";"tuss-22";"Ito (cancro mole), IDeR - pesquisa e/ou dosagem";"-";"2010-10-15";"2009-02-13"
"40307352";"tuss-22";"Isospora, pesquisa de antígeno - pesquisa e/ou dosagem";"-";"2010-10-15";"2009-02-13"
"40307344";"tuss-22";"Inibidor de C1 esterase - pesquisa e/ou dosagem";"-";"2010-10-15";"2009-02-13"
"40307336";"tuss-22";"Imunoeletroforese (estudo da gamopatia) - pesquisa e/ou dosagem";"-";"2010-10-15";"2009-02-13"
"40307328";"tuss-22";"Imunocomplexos circulantes, com células Raji - pesquisa e/ou dosagem";"-";"2010-10-15";"2009-02-13"
"40307310";"tuss-22";"Imunocomplexos circulantes - pesquisa e/ou dosagem";"-";"2010-10-15";"2009-02-13"
"40307301";"tuss-22";"IgM - pesquisa e/ou dosagem";"-";"2010-10-15";"2009-02-13"
"40307298";"tuss-22";"IgG, subclasses 1,2,3,4 (cada) - pesquisa e/ou dosagem";"-";"2010-10-15";"2009-02-13"
"40307280";"tuss-22";"IgG - pesquisa e/ou dosagem";"-";"2010-10-15";"2009-02-13"
"40307271";"tuss-22";"IgE, total - pesquisa e/ou dosagem";"-";"2010-10-15";"2009-02-13"
"40307263";"tuss-22";"IgE, por alérgeno (cada) - pesquisa e/ou dosagem";"-";"2010-10-15";"2009-02-13"
"40307255";"tuss-22";"IgE, grupo específico, cada - pesquisa e/ou dosagem";"-";"2010-10-15";"2009-02-13"
"40307247";"tuss-22";"IgD - pesquisa e/ou dosagem";"-";"2010-10-15";"2009-02-13"
"40307239";"tuss-22";"IgA na saliva - pesquisa e/ou dosagem";"-";"2010-10-15";"2009-02-13"
"40307220";"tuss-22";"IgA - pesquisa e/ou dosagem";"-";"2010-10-15";"2009-02-13"
"40307212";"tuss-22";"HTLV1 ou HTLV2 pesquisa de anticorpo (cada)";"-";"2010-10-15";"2009-02-13"
"40307204";"tuss-22";"HLA-DR+DQ - pesquisa e/ou dosagem";"-";"2010-10-15";"2009-02-13"
"40307190";"tuss-22";"HLA-DR - pesquisa e/ou dosagem";"-";"2010-10-15";"2009-02-13"
"40307182";"tuss-22";"HIV1+ HIV2, (determinação conjunta), pesquisa de anticorpos";"-";"2010-10-15";"2009-02-13"
"40307174";"tuss-22";"HIV1 ou HIV2, pesquisa de anticorpos";"-";"2010-10-15";"2009-02-13"
"40307166";"tuss-22";"HIV - antígeno P24 - pesquisa e/ou dosagem";"-";"2010-10-15";"2009-02-13"
"40307158";"tuss-22";"Histoplasmose, reação sorológica";"-";"2010-10-15";"2009-02-13"
"40307140";"tuss-22";"Histona - pesquisa e/ou dosagem";"-";"2010-10-15";"2009-02-13"
"40307131";"tuss-22";"Histamina, dosagem";"-";"2010-10-15";"2009-02-13"
"40307123";"tuss-22";"Hipersensibilidade retardada (intradermo reação IDeR ) candidina, caxumba, estreptoquinase-dornase, PPD, tricofitina, vírus vacinal, outro(s), cada";"-";"2010-10-15";"2009-02-13"
"40307115";"tuss-22";"Herpes zoster - IgM - pesquisa e/ou dosagem";"-";"2010-10-15";"2009-02-13"
"40307107";"tuss-22";"Herpes zoster - IgG - pesquisa e/ou dosagem";"-";"2010-10-15";"2009-02-13"
"40307093";"tuss-22";"Herpes simples - IgM - pesquisa e/ou dosagem";"-";"2010-10-15";"2009-02-13"
"40307085";"tuss-22";"Herpes simples - IgG - pesquisa e/ou dosagem";"-";"2010-10-15";"2009-02-13"
"40307077";"tuss-22";"Hepatite delta, antígeno - pesquisa e/ou dosagem";"-";"2010-10-15";"2009-02-13"
"40307069";"tuss-22";"Hepatite delta, anticorpo IgM - pesquisa e/ou dosagem";"-";"2010-10-15";"2009-02-13"
"40307050";"tuss-22";"Hepatite delta, anticorpo IgG - pesquisa e/ou dosagem";"-";"2010-10-15";"2009-02-13"
"40307042";"tuss-22";"Hepatite C - imunoblot - pesquisa e/ou dosagem";"-";"2010-10-15";"2009-02-13"
"40307034";"tuss-22";"Hepatite C - anti-HCV - IgM - pesquisa e/ou dosagem";"-";"2010-10-15";"2009-02-13"
"40307026";"tuss-22";"Hepatite C - anti-HCV - pesquisa e/ou dosagem";"-";"2010-10-15";"2009-02-13"
"40307018";"tuss-22";"Hepatite B - HBSAG (AU, antígeno austrália) - pesquisa e/ou dosagem";"-";"2010-10-15";"2009-02-13"
"40306992";"tuss-22";"Hepatite B - HBSAC (anti-antígeno de superfície) - pesquisa e/ou dosagem";"-";"2010-10-15";"2009-02-13"
"40306984";"tuss-22";"Hepatite B - HBeAG (antígeno \"E\") - pesquisa e/ou dosagem";"-";"2010-10-15";"2009-02-13"
"40306976";"tuss-22";"Hepatite B - HBeAC (anti HBE) - pesquisa e/ou dosagem";"-";"2010-10-15";"2009-02-13"
"40306968";"tuss-22";"Hepatite B - HBCAC - IgM (anti-core IgM ou Acorem) - pesquisa e/ou dosagem";"-";"2010-10-15";"2009-02-13"
"40306950";"tuss-22";"Hepatite B - HBCAC - IgG (anti-core IgG ou Acoreg) - pesquisa e/ou dosagem";"-";"2010-10-15";"2009-02-13"
"40306941";"tuss-22";"Hepatite A - HAV - IgM - pesquisa e/ou dosagem";"-";"2010-10-15";"2009-02-13"
"40306933";"tuss-22";"Hepatite A - HAV - IgG - pesquisa e/ou dosagem";"-";"2010-10-15";"2009-02-13"
"40306925";"tuss-22";"Helicobacter pylori - IgM - pesquisa e/ou dosagem";"-";"2010-10-15";"2009-02-13"
"40306917";"tuss-22";"Helicobacter pylori - IgG - pesquisa e/ou dosagem";"-";"2010-10-15";"2009-02-13"
"40306909";"tuss-22";"Helicobacter pylori - IgA - pesquisa e/ou dosagem";"-";"2010-10-15";"2009-02-13"
"40306895";"tuss-22";"Giardia, reação sorológica";"-";"2010-10-15";"2009-02-13"
"41501349";"tuss-22";"Biometria ultrassônica (Ecobiometria) - monocular - indicação específica";"-";"2021-10-31";"2021-08-01"
"40306887";"tuss-22";"Genotipagem do sistema HLA";"-";"2010-10-15";"2009-02-13"
"40306879";"tuss-22";"Filaria sorologia - pesquisa e/ou dosagem";"-";"2010-10-15";"2009-02-13"
"40306860";"tuss-22";"Fator reumatóide, quantitativo - pesquisa e/ou dosagem";"-";"2010-10-15";"2009-02-13"
"40306852";"tuss-22";"Fator antinúcleo, (FAN) - pesquisa e/ou dosagem";"-";"2010-10-15";"2009-02-13"
"40306844";"tuss-22";"Esporotriquina, IDR - pesquisa e/ou dosagem";"-";"2010-10-15";"2009-02-13"
"40306836";"tuss-22";"Esporotricose, reação sorológica";"-";"2010-10-15";"2009-02-13"
"30732131";"tuss-22";"Tumor ósseo (ressecção simples)";"-";"2010-10-15";"2009-02-13"
"40306828";"tuss-22";"Equinococose, IDR - pesquisa e/ou dosagem";"-";"2010-10-15";"2009-02-13"
"30732123";"tuss-22";"Tumor ósseo (ressecção segmentar)";"-";"2010-10-15";"2009-02-13"
"40306810";"tuss-22";"Equinococose (Hidatidose), reação sorológica";"-";"2010-10-15";"2009-02-13"
"30732115";"tuss-22";"Tumor ósseo (ressecção e enxerto)";"-";"2010-10-15";"2009-02-13"
"40306801";"tuss-22";"Echovírus (painel) sorologia para";"-";"2010-10-15";"2009-02-13"
"30732107";"tuss-22";"Tumor ósseo (ressecção e cimento)";"-";"2010-10-15";"2009-02-13"
"40306798";"tuss-22";"Dengue - IgG e IgM (cada) - pesquisa e/ou dosagem";"-";"2010-10-15";"2009-02-13"
"30732093";"tuss-22";"Tumor ósseo (ressecção e artrodese)";"-";"2010-10-15";"2009-02-13"
"40306780";"tuss-22";"Cultura ou estimulação dos linfócitos \"in vitro\" por concanavalina, PHA ou pokweed";"-";"2010-10-15";"2009-02-13"
"30732085";"tuss-22";"Tumor ósseo (ressecção com substituição)";"-";"2010-10-15";"2009-02-13"
"40306771";"tuss-22";"Cross match (prova cruzada de histocompatibilidade para transplante renal)";"-";"2010-10-15";"2009-02-13"
"30732069";"tuss-22";"Terapia por ondas de choque extracorpórea em partes ósseas - acompanhamento reaplicações";"-";"2010-10-15";"2009-02-13"
"40306763";"tuss-22";"Crio-aglutinina, globulina, pesquisa, cada";"-";"2010-10-15";"2009-02-13"
"30732050";"tuss-22";"Terapia por ondas de choque extracorpórea em partes ósseas - acompanhamento 1ª aplicação";"-";"2010-10-15";"2009-02-13"
"40306755";"tuss-22";"Crio-aglutinina, globulina, dosagem, cada";"-";"2010-10-15";"2009-02-13"
"30732042";"tuss-22";"Revisão de endoprótese";"-";"2010-10-15";"2009-02-13"
"40306747";"tuss-22";"Complemento CH-50 - pesquisa e/ou dosagem";"-";"2010-10-15";"2009-02-13"
"30732034";"tuss-22";"Ressecção da lesão com cimentação e osteosíntese";"-";"2010-10-15";"2009-02-13"
"40306739";"tuss-22";"Complemento CH-100 - pesquisa e/ou dosagem";"-";"2010-10-15";"2009-02-13"
"30732026";"tuss-22";"Enxerto ósseo";"-";"2010-10-15";"2009-02-13"
"40306720";"tuss-22";"Complemento C5 - pesquisa e/ou dosagem";"-";"2010-10-15";"2009-02-13"
"30732018";"tuss-22";"Curetagem ou ressecção em bloco de tumor com reconstrução e enxerto vascularizado";"-";"2010-10-15";"2009-02-13"
"40306712";"tuss-22";"Complemento C4 - pesquisa e/ou dosagem";"-";"2010-10-15";"2009-02-13"
"30731259";"tuss-22";"Rotura de tendão de aquiles - tratamento conservador";"-";"2010-10-15";"2009-02-13"
"30731240";"tuss-22";"Alongamento de tendões - tratamento cruento";"-";"2010-10-15";"2009-02-13"
"40306704";"tuss-22";"Complemento C3 - pesquisa e/ou dosagem";"-";"2010-10-15";"2009-02-13"
"40306690";"tuss-22";"Complemento C2 - pesquisa e/ou dosagem";"-";"2010-10-15";"2009-02-13"
"30731232";"tuss-22";"Tumores de tendão ou sinovial - tratamento cirúrgico";"-";"2010-10-15";"2009-02-13"
"40306682";"tuss-22";"Clostridium difficile, toxina A - pesquisa e/ou dosagem";"-";"2010-10-15";"2009-02-13"
"30731224";"tuss-22";"Transposição única de tendão";"-";"2010-10-15";"2009-02-13"
"40306674";"tuss-22";"Citomegalovírus IgM - pesquisa e/ou dosagem";"-";"2010-10-15";"2009-02-13"
"30731216";"tuss-22";"Transposição de mais de 1 tendão - tratamento cirúrgico";"-";"2010-10-15";"2009-02-13"
"40306666";"tuss-22";"Citomegalovírus IgG - pesquisa e/ou dosagem";"-";"2010-10-15";"2009-02-13"
"30731208";"tuss-22";"Tenotomia";"-";"2010-10-15";"2009-02-13"
"40306658";"tuss-22";"Cisticercose, AC - pesquisa e/ou dosagem";"-";"2010-10-15";"2009-02-13"
"30731194";"tuss-22";"Tenossinovites infecciosas - drenagem";"-";"2010-10-15";"2009-02-13"
"40306640";"tuss-22";"Chlamydia - IgM - pesquisa e/ou dosagem";"-";"2010-10-15";"2009-02-13"
"30731186";"tuss-22";"Tenossinovites estenosantes - tratamento cirúrgico";"-";"2010-10-15";"2009-02-13"
"40306631";"tuss-22";"Chlamydia - IgG - pesquisa e/ou dosagem";"-";"2010-10-15";"2009-02-13"
"30731178";"tuss-22";"Tenossinovectomia de mão ou punho";"-";"2010-10-15";"2009-02-13"
"30731160";"tuss-22";"Tenorrafia única em outras regiões";"-";"2010-10-15";"2009-02-13"
"40306623";"tuss-22";"Chagas IgM - pesquisa e/ou dosagem";"-";"2010-10-15";"2009-02-13"
"30731151";"tuss-22";"Tenorrafia no túnel osteofibroso até 2 dígitos";"-";"2010-10-15";"2009-02-13"
"30731143";"tuss-22";"Tenorrafia no túnel osteofibroso - mais de 2 dígitos";"-";"2010-10-15";"2009-02-13"
"30731135";"tuss-22";"Tenorrafia múltipla em outras regiões";"-";"2010-10-15";"2009-02-13"
"30731127";"tuss-22";"Tenoplastia de tendão em outras regiões";"-";"2010-10-15";"2009-02-13"
"40306615";"tuss-22";"Chagas IgG - pesquisa e/ou dosagem";"-";"2010-10-15";"2009-02-13"
"30731119";"tuss-22";"Tenoplastia / enxerto de tendão - tratamento cirúrgico";"-";"2010-10-15";"2009-02-13"
"40306607";"tuss-22";"Caxumba, IgM - pesquisa e/ou dosagem";"-";"2010-10-15";"2009-02-13"
"30731100";"tuss-22";"Tenólise/tendonese - tratamento cirúrgico";"-";"2010-10-15";"2009-02-13"
"40306593";"tuss-22";"Caxumba, IgG - pesquisa e/ou dosagem";"-";"2010-10-15";"2009-02-13"
"30731097";"tuss-22";"Tenólise no túnel osteofibroso";"-";"2010-10-15";"2009-02-13"
"40306585";"tuss-22";"CA-27-29 - pesquisa e/ou dosagem";"-";"2010-10-15";"2009-02-13"
"30731089";"tuss-22";"Tenodese";"-";"2010-10-15";"2009-02-13"
"40306577";"tuss-22";"CA-242 - pesquisa e/ou dosagem";"-";"2010-10-15";"2009-02-13"
"30731070";"tuss-22";"Tenoartroplastia para ossos do carpo";"-";"2010-10-15";"2009-02-13"
"40306569";"tuss-22";"CA 50 - pesquisa e/ou dosagem";"-";"2010-10-15";"2009-02-13"
"30731062";"tuss-22";"Sinovectomia - tratamento cirúrgico";"-";"2010-10-15";"2009-02-13"
"40306550";"tuss-22";"C3A (fator B) - pesquisa e/ou dosagem";"-";"2010-10-15";"2009-02-13"
"30731054";"tuss-22";"Encurtamento de tendão - tratamento cirúrgico";"-";"2010-10-15";"2009-02-13"
"40306542";"tuss-22";"C3 proativador - pesquisa e/ou dosagem";"-";"2010-10-15";"2009-02-13"
"30731046";"tuss-22";"Cisto sinovial - tratamento cirúrgico";"-";"2010-10-15";"2009-02-13"
"40306534";"tuss-22";"C1q - pesquisa e/ou dosagem";"-";"2010-10-15";"2009-02-13"
"30731038";"tuss-22";"Bursectomia - tratamento cirúrgico";"-";"2010-10-15";"2009-02-13"
"40306526";"tuss-22";"Brucela, prova rápida";"-";"2010-10-15";"2009-02-13"
"30731020";"tuss-22";"Biópsias cirúrgicas de tendões, bursas e sinóvias";"-";"2010-10-15";"2009-02-13"
"40306518";"tuss-22";"Brucela - IgM - pesquisa e/ou dosagem";"-";"2010-10-15";"2009-02-13"
"30731011";"tuss-22";"Abertura de bainha tendinosa - tratamento cirúrgico";"-";"2010-10-15";"2009-02-13"
"40306500";"tuss-22";"Brucela - IgG - pesquisa e/ou dosagem";"-";"2010-10-15";"2009-02-13"
"30730171";"tuss-22";"Lesões músculo tendinosas - tratamento incruento";"-";"2010-10-15";"2009-02-13"
"40306496";"tuss-22";"Blastomicose, reação sorológica";"-";"2010-10-15";"2009-02-13"
"30730163";"tuss-22";"Lesão ligamentar aguda - tratamento conservador";"-";"2010-10-15";"2009-02-13"
"40306488";"tuss-22";"Biotinidase atividade da, qualitativo - pesquisa e/ou dosagem";"-";"2010-10-15";"2009-02-13"
"30730155";"tuss-22";"Transposição muscular";"-";"2010-10-15";"2009-02-13"
"40306470";"tuss-22";"Beta-2-microglobulina - pesquisa e/ou dosagem";"-";"2010-10-15";"2009-02-13"
"30730139";"tuss-22";"Terapia por ondas de choque extracorpórea em partes moles - acompanhamento reaplicações";"-";"2010-10-15";"2009-02-13"
"40306461";"tuss-22";"Avidez de IgG para toxoplasmose, citomegalia, rubéloa, EB e outros, cada - pesquisa e/ou dosagem";"-";"2010-10-15";"2009-02-13"
"30730120";"tuss-22";"Terapia por ondas de choque extracorpórea em partes moles - acompanhamento 1ª aplicação";"-";"2010-10-15";"2009-02-13"
"40306453";"tuss-22";"Aspergilus, reação sorológica";"-";"2010-10-15";"2009-02-13"
"30730112";"tuss-22";"Miorrafias";"-";"2010-10-15";"2009-02-13"
"30730104";"tuss-22";"Fasciotomias acima do punho";"-";"2010-10-15";"2009-02-13"
"40306445";"tuss-22";"Aslo - pesquisa e/ou dosagem";"-";"2010-10-15";"2009-02-13"
"30730090";"tuss-22";"Fasciotomias (descompressivas)";"-";"2010-10-15";"2009-02-13"
"40306437";"tuss-22";"Antiperoxidase tireoideana - pesquisa e/ou dosagem";"-";"2010-10-15";"2009-02-13"
"30730082";"tuss-22";"Fasciotomia - por compartimento";"-";"2010-10-15";"2009-02-13"
"40306429";"tuss-22";"Antiparietal - pesquisa e/ou dosagem";"-";"2010-10-15";"2009-02-13"
"30730074";"tuss-22";"Fasciotomia";"-";"2010-10-15";"2009-02-13"
"40306410";"tuss-22";"Antineutrófilos (anca)  P - pesquisa e/ou dosagem";"-";"2010-10-15";"2009-02-13"
"30730066";"tuss-22";"Drenagem cirúrgica do psoas";"-";"2010-10-15";"2009-02-13"
"40306402";"tuss-22";"Antineutrófilos (anca)  C - pesquisa e/ou dosagem";"-";"2010-10-15";"2009-02-13"
"30730058";"tuss-22";"Dissecção muscular";"-";"2010-10-15";"2009-02-13"
"30730040";"tuss-22";"Desinserção ou miotomia";"-";"2010-10-15";"2009-02-13"
"40306399";"tuss-22";"Antimúsculo liso - pesquisa e/ou dosagem";"-";"2010-10-15";"2009-02-13"
"40306380";"tuss-22";"Antimúsculo estriado - pesquisa e/ou dosagem";"-";"2010-10-15";"2009-02-13"
"30730031";"tuss-22";"Desbridamento cirúrgico de feridas ou extremidades";"-";"2010-10-15";"2009-02-13"
"30730023";"tuss-22";"Biópsia de músculo";"-";"2010-10-15";"2009-02-13"
"40306372";"tuss-22";"Antimúsculo cardíaco - pesquisa e/ou dosagem";"-";"2010-10-15";"2009-02-13"
"30730015";"tuss-22";"Alongamento";"-";"2010-10-15";"2009-02-13"
"40306364";"tuss-22";"Antimitocondria, M2 - pesquisa e/ou dosagem";"-";"2010-10-15";"2009-02-13"
"40306356";"tuss-22";"Antimitocondria - pesquisa e/ou dosagem";"-";"2010-10-15";"2009-02-13"
"30729343";"tuss-22";"Tratamento cirúrgico do mal perfurante plantar";"-";"2010-10-15";"2009-02-13"
"40306348";"tuss-22";"Antimicrossomal - pesquisa e/ou dosagem";"-";"2010-10-15";"2009-02-13"
"40306330";"tuss-22";"Antimembrana basal - pesquisa e/ou dosagem";"-";"2010-10-15";"2009-02-13"
"30729335";"tuss-22";"Tratamento cirúrgico de polidactilia simples";"-";"2010-10-15";"2009-02-13"
"40306321";"tuss-22";"Antigliadina (glúten) - IgM - pesquisa e/ou dosagem";"-";"2010-10-15";"2009-02-13"
"30729327";"tuss-22";"Tratamento cirúrgico de polidactilia múltipla e/ou complexa";"-";"2010-10-15";"2009-02-13"
"30729319";"tuss-22";"Tratamento cirúrgico de linfedema ao nível do pé";"-";"2010-10-15";"2009-02-13"
"40306313";"tuss-22";"Antigliadina (glúten) - IgG - pesquisa e/ou dosagem";"-";"2010-10-15";"2009-02-13"
"30729300";"tuss-22";"Tratamento cirúrgico de gigantismo";"-";"2010-10-15";"2009-02-13"
"40306305";"tuss-22";"Antigliadina (glúten) - IgA - pesquisa e/ou dosagem";"-";"2010-10-15";"2009-02-13"
"30729297";"tuss-22";"Tratamento cirúrgico da sindactilia simples";"-";"2010-10-15";"2009-02-13"
"40306291";"tuss-22";"Antiescleroderma (SCL 70) - pesquisa e/ou dosagem";"-";"2010-10-15";"2009-02-13"
"40306283";"tuss-22";"Anticortex supra-renal - pesquisa e/ou dosagem";"-";"2010-10-15";"2009-02-13"
"30729289";"tuss-22";"Tratamento cirúrgico da sindactilia complexa e /ou múltipla";"-";"2010-10-15";"2009-02-13"
"40306275";"tuss-22";"Anticorpos naturais - isoaglutininas, titulagem";"-";"2010-10-15";"2009-02-13"
"30729270";"tuss-22";"Rotura do tendão de Aquiles - tratamento cirúrgico";"-";"2010-10-15";"2009-02-13"
"40306267";"tuss-22";"Anticorpos naturais - isoaglutininas, pesquisas";"-";"2010-10-15";"2009-02-13"
"30729262";"tuss-22";"Rotura do tendão de Aquiles - tratamento incruento";"-";"2010-10-15";"2009-02-13"
"30729254";"tuss-22";"Retração cicatricial dos dedos";"-";"2010-10-15";"2009-02-13"
"40306259";"tuss-22";"Anticorpos antiendomisio - IgG, IgM, IgA (cada) - pesquisa e/ou dosagem";"-";"2010-10-15";"2009-02-13"
"40306240";"tuss-22";"Anticorpos anti-influenza B, IgM - pesquisa e/ou dosagem";"-";"2010-10-15";"2009-02-13"
"30729246";"tuss-22";"Ressecção de osso do pé - tratamento cirúrgico";"-";"2010-10-15";"2009-02-13"
"40306232";"tuss-22";"Anticorpos anti-influenza B, IgG - pesquisa e/ou dosagem";"-";"2010-10-15";"2009-02-13"
"30729238";"tuss-22";"Pé torto congênito (um pé) - tratamento cirúrgico";"-";"2010-10-15";"2009-02-13"
"40306224";"tuss-22";"Anticorpos anti-influenza A,  IgM - pesquisa e/ou dosagem";"-";"2010-10-15";"2009-02-13"
"30729220";"tuss-22";"Pé plano/pé cavo/coalisão tarsal - tratamento cirúrgico";"-";"2010-10-15";"2009-02-13"
"40306216";"tuss-22";"Anticorpos anti-influenza A,  IgG - pesquisa e/ou dosagem";"-";"2010-10-15";"2009-02-13"
"30729211";"tuss-22";"Osteotomias / fraturas com fixador externo";"-";"2010-10-15";"2009-02-13"
"30729203";"tuss-22";"Osteotomia ou pseudartrose dos metatarsos/falanges - tratamento cirúrgico";"-";"2010-10-15";"2009-02-13"
"40306208";"tuss-22";"Anticorpos anti-ilhota de langherans - pesquisa e/ou dosagem";"-";"2010-10-15";"2009-02-13"
"40306194";"tuss-22";"Anticorpo antivírus da hepatite E (total) - pesquisa e/ou dosagem";"-";"2010-10-15";"2009-02-13"
"30729190";"tuss-22";"Osteotomia ou pseudartrose do tarso e médio pé - tratamento cirúrgico";"-";"2010-10-15";"2009-02-13"
"30729181";"tuss-22";"Hallux valgus (um pé) - tratamento cirúrgico";"-";"2010-10-15";"2009-02-13"
"40306186";"tuss-22";"Anticorpo anti-hormônio do crescimento - pesquisa e/ou dosagem";"-";"2010-10-15";"2009-02-13"
"40306178";"tuss-22";"Anticorpo anti-DNAse B - pesquisa e/ou dosagem";"-";"2010-10-15";"2009-02-13"
"30729173";"tuss-22";"Fraturas e/ou luxações do antepé - tratamento cirúrgico";"-";"2010-10-15";"2009-02-13"
"40306160";"tuss-22";"Anticentrômero - pesquisa e/ou dosagem";"-";"2010-10-15";"2009-02-13"
"30729165";"tuss-22";"Fraturas e/ou luxações do antepé - redução incruenta";"-";"2010-10-15";"2009-02-13"
"40306151";"tuss-22";"Anticardiolipina - IgM - pesquisa e/ou dosagem";"-";"2010-10-15";"2009-02-13"
"30729157";"tuss-22";"Fratura e/ou luxações do pé (exceto antepé) - tratamento cirúrgico";"-";"2010-10-15";"2009-02-13"
"40306143";"tuss-22";"Anticardiolipina - IgG - pesquisa e/ou dosagem";"-";"2010-10-15";"2009-02-13"
"30729149";"tuss-22";"Fratura e/ou luxações do pé (exceto antepé) - redução incruenta";"-";"2010-10-15";"2009-02-13"
"40306135";"tuss-22";"Anticardiolipina - IgA - pesquisa e/ou dosagem";"-";"2010-10-15";"2009-02-13"
"30729130";"tuss-22";"Fratura de osso do pé - tratamento conservador";"-";"2010-10-15";"2009-02-13"
"40306127";"tuss-22";"Anti-Sm - pesquisa e/ou dosagem";"-";"2010-10-15";"2009-02-13"
"30729122";"tuss-22";"Fasciotomia ou ressecção de fascia plantar - tratamento cirúrgico";"-";"2010-10-15";"2009-02-13"
"40306119";"tuss-22";"Anti-Ro/SSA - pesquisa e/ou dosagem";"-";"2010-10-15";"2009-02-13"
"30729114";"tuss-22";"Exérese ungueal";"-";"2010-10-15";"2009-02-13"
"40306100";"tuss-22";"Anti-RNP - pesquisa e/ou dosagem";"-";"2010-10-15";"2009-02-13"
"30729106";"tuss-22";"Deformidade dos dedos - tratamento cirúrgico";"-";"2010-10-15";"2009-02-13"
"30729092";"tuss-22";"Correção de pé torto congênito com fixador externo";"-";"2010-10-15";"2009-02-13"
"40306097";"tuss-22";"Anti-LKM-1 - pesquisa e/ou dosagem";"-";"2010-10-15";"2009-02-13"
"30729084";"tuss-22";"Correção de deformidades do pé com fixador externo dinâmico - tratamento cirúrgico";"-";"2010-10-15";"2009-02-13"
"40306089";"tuss-22";"Anti-LA/SSB - pesquisa e/ou dosagem";"-";"2010-10-15";"2009-02-13"
"30729068";"tuss-22";"Biópsia cirúrgica dos ossos do pé";"-";"2010-10-15";"2009-02-13"
"40306070";"tuss-22";"Anti-JO1 - pesquisa e/ou dosagem";"-";"2010-10-15";"2009-02-13"
"30729050";"tuss-22";"Artrodese metatarso - falângica ou interfalângica - tratamento cirúrgico";"-";"2010-10-15";"2009-02-13"
"40306062";"tuss-22";"Anti-DNA - pesquisa e/ou dosagem";"-";"2010-10-15";"2009-02-13"
"30729041";"tuss-22";"Artrodese de tarso e/ou médio pé - tratamento cirúrgico";"-";"2010-10-15";"2009-02-13"
"40306054";"tuss-22";"Anti-actina - pesquisa e/ou dosagem";"-";"2010-10-15";"2009-02-13"
"30729033";"tuss-22";"Artrite ou osteoartrite dos ossos do pé (inclui osteomielite) - tratamento cirúrgico";"-";"2010-10-15";"2009-02-13"
"40306046";"tuss-22";"Anticandida - IgG e IgM (cada) - pesquisa e/ou dosagem";"-";"2010-10-15";"2009-02-13"
"30729025";"tuss-22";"Amputação/desarticulação de pododáctilos (por segmento) - tratamento cirúrgico";"-";"2010-10-15";"2009-02-13"
"40306020";"tuss-22";"Adenovírus, IgM - pesquisa e/ou dosagem";"-";"2010-10-15";"2009-02-13"
"30729017";"tuss-22";"Amputação ao nível do pé - tratamento cirúrgico";"-";"2010-10-15";"2009-02-13"
"40306011";"tuss-22";"Adenovírus, IgG - pesquisa e/ou dosagem";"-";"2010-10-15";"2009-02-13"
"30728177";"tuss-22";"Pseudartroses ou osteotomias ao nível do tornozelo - tratamento cirúrgico";"-";"2010-10-15";"2009-02-13"
"40305783";"tuss-22";"17-hidroxicorticosteróides (17-OHS) - pesquisa e/ou dosagem";"-";"2010-10-15";"2009-02-13"
"30728169";"tuss-22";"Osteocondrite de tornozelo - tratamento cirúrgico";"-";"2010-10-15";"2009-02-13"
"40305775";"tuss-22";"Macroprolactina - pesquisa e/ou dosagem";"-";"2010-10-15";"2009-02-13"
"30728150";"tuss-22";"Lesões ligamentares crônicas ao nível do tornozelo - tratamento cirúrgico";"-";"2010-10-15";"2009-02-13"
"40305767";"tuss-22";"Hormônio gonodotrofico corionico quantitativo (HCG-Beta-HCG) - dosagem";"-";"2010-10-15";"2009-02-13"
"30728142";"tuss-22";"Lesões ligamentares agudas ao nível do tornozelo - tratamento cirúrgico";"-";"2010-10-15";"2009-02-13"
"40305759";"tuss-22";"Hormônio gonodotrofico corionico qualitativo (HCG-Beta-HCG) - pesquisa";"-";"2010-10-15";"2009-02-13"
"30728134";"tuss-22";"Lesões ligamentares agudas ao nível do tornozelo - tratamento incruento";"-";"2010-10-15";"2009-02-13"
"40305740";"tuss-22";"11-desoxicorticosterona - pesquisa e/ou dosagem";"-";"2010-10-15";"2009-02-13"
"30728126";"tuss-22";"Fraturas e/ou luxações ao nível do tornozelo - tratamento cirúrgico";"-";"2010-10-15";"2009-02-13"
"40305635";"tuss-22";"Somatotrófico coriônico (HCS ou PHL) - pesquisa e/ou dosagem";"-";"2010-10-15";"2009-02-13"
"30728118";"tuss-22";"Fraturas e/ou luxações ao nível do tornozelo - redução incruenta";"-";"2010-10-15";"2009-02-13"
"40305627";"tuss-22";"Provas de função tireoideana (T3, T4, índices e TSH)";"-";"2010-10-15";"2009-02-13"
"30728100";"tuss-22";"Fraturas / pseudartroses / artroses ao nível do tornozelo com fixador externo dinâmico - tratamento cirúrgico";"-";"2010-10-15";"2009-02-13"
"40305619";"tuss-22";"Lactogênico placentário hormônio - pesquisa e/ou dosagem";"-";"2010-10-15";"2009-02-13"
"30728096";"tuss-22";"Fratura de tornozelo - tratamento conservador";"-";"2010-10-15";"2009-02-13"
"40305600";"tuss-22";"Iodo protéico (PBI) - pesquisa e/ou dosagem";"-";"2010-10-15";"2009-02-13"
"30728088";"tuss-22";"Biópsia cirúrgica do tornozelo";"-";"2010-10-15";"2009-02-13"
"40305597";"tuss-22";"Estrogênios totais (fenolesteróides) - pesquisa e/ou dosagem";"-";"2010-10-15";"2009-02-13"
"30728070";"tuss-22";"Artrotomia de tornozelo - tratamento cirúrgico";"-";"2010-10-15";"2009-02-13"
"40305589";"tuss-22";"Prova para diabete insípido (restrição hídrica  NaCL 3% vasopressina)";"-";"2010-10-15";"2009-02-13"
"30728061";"tuss-22";"Artrorrise do tornozelo - tratamento cirúrgico";"-";"2010-10-15";"2009-02-13"
"40305570";"tuss-22";"Prova do TRH-TSH, dosagem do TSH sem fornecimento do material (cada)";"-";"2010-10-15";"2009-02-13"
"30728053";"tuss-22";"Artroplastia de tornozelo (com implante) - tratamento cirúrgico";"-";"2010-10-15";"2009-02-13"
"40305562";"tuss-22";"Prova do TRH-HPR, dosagem do HPR sem fornecimento do material (cada)";"-";"2010-10-15";"2009-02-13"
"30728045";"tuss-22";"Artrodese ao nível do tornozelo - tratamento cirúrgico";"-";"2010-10-15";"2009-02-13"
"40305554";"tuss-22";"Prova do LH-Rh, dosagem do LH sem fornecimento de medicamento (cada)";"-";"2010-10-15";"2009-02-13"
"30728037";"tuss-22";"Artrodese (com ou sem alongamento simultâneo) com fixador externo";"-";"2010-10-15";"2009-02-13"
"40305546";"tuss-22";"Prova do LH-Rh, dosagem do FSH sem fornecimento de medicamento (cada)";"-";"2010-10-15";"2009-02-13"
"30728029";"tuss-22";"Artrite ou osteoartrite - tratamento cirúrgico";"-";"2010-10-15";"2009-02-13"
"40305511";"tuss-22";"Pregnantriol - pesquisa e/ou dosagem";"-";"2010-10-15";"2009-02-13"
"30728010";"tuss-22";"Amputação ao nível do tornozelo - tratamento cirúrgico";"-";"2010-10-15";"2009-02-13"
"40305503";"tuss-22";"Pregnandiol - pesquisa e/ou dosagem";"-";"2010-10-15";"2009-02-13"
"30727197";"tuss-22";"Fratura de dois ossos da perna - tratamento conservador";"-";"2010-10-15";"2009-02-13"
"40305490";"tuss-22";"Piridinolina - pesquisa e/ou dosagem";"-";"2010-10-15";"2009-02-13"
"30727189";"tuss-22";"Tratamento cirúrgico de fraturas de tíbia com fixador externo";"-";"2010-10-15";"2009-02-13"
"40305465";"tuss-22";"Paratormônio - PTH ou fração (cada) - pesquisa e/ou dosagem";"-";"2010-10-15";"2009-02-13"
"30727170";"tuss-22";"Transposição de fíbula/tíbia - tratamento cirúrgico";"-";"2010-10-15";"2009-02-13"
"40305449";"tuss-22";"N-telopeptídeo - pesquisa e/ou dosagem";"-";"2010-10-15";"2009-02-13"
"30727162";"tuss-22";"Osteotomias e/ou pseudartroses - tratamento cirúrgico";"-";"2010-10-15";"2009-02-13"
"40305422";"tuss-22";"Leptina - pesquisa e/ou dosagem";"-";"2010-10-15";"2009-02-13"
"30727154";"tuss-22";"Osteomielite dos ossos da perna - tratamento cirúrgico";"-";"2010-10-15";"2009-02-13"
"40305406";"tuss-22";"IGF BP3 (proteína ligadora dos fatores de crescimento \"insulin-like\") - pesquisa e/ou dosagem";"-";"2010-10-15";"2009-02-13"
"30727146";"tuss-22";"Fraturas de tíbia e fíbula (inclui descolamento epifisário) - redução incruenta";"-";"2010-10-15";"2009-02-13"
"40305384";"tuss-22";"Hormônio antidiurético (vasopressina) - pesquisa e/ou dosagem";"-";"2010-10-15";"2009-02-13"
"30727138";"tuss-22";"Fraturas de tíbia associada ou não a fíbula (inclui descolamento epifisário) - tratamento cirúrgico";"-";"2010-10-15";"2009-02-13"
"40305368";"tuss-22";"Glucagon, dosagem";"-";"2010-10-15";"2009-02-13"
"30727120";"tuss-22";"Fraturas de fíbula (inclui descolamento epifisário) - redução incruenta";"-";"2010-10-15";"2009-02-13"
"30727111";"tuss-22";"Fraturas de fíbula (inclui o descolamento epifisário) - tratamento cirúrgico";"-";"2010-10-15";"2009-02-13"
"40305341";"tuss-22";"Gad-Ab-antidescarboxilase do ácido - pesquisa e/ou dosagem";"-";"2010-10-15";"2009-02-13"
"30727103";"tuss-22";"Fratura de osso da perna - tratamento conservador";"-";"2010-10-15";"2010-09-09"
"40305295";"tuss-22";"Eritropoietina - pesquisa e/ou dosagem";"-";"2010-10-15";"2009-02-13"
"30727090";"tuss-22";"Epifisiodese de tíbia/fíbula - tratamento cirúrgico";"-";"2010-10-15";"2009-02-13"
"40305287";"tuss-22";"Enzima conversora da angiotensina (ECA) - pesquisa e/ou dosagem";"-";"2010-10-15";"2009-02-13"
"30727081";"tuss-22";"Encurtamento dos ossos da perna - tratamento cirúrgico";"-";"2010-10-15";"2009-02-13"
"40305279";"tuss-22";"Dosagem de receptor de progesterona ou de estrogênio";"-";"2010-10-15";"2009-02-13"
"30727073";"tuss-22";"Correção de deformidades congênitas na perna com fixador externo";"-";"2010-10-15";"2009-02-13"
"40305236";"tuss-22";"Curva insulínica  (6 dosagens) - pesquisa e/ou dosagem";"-";"2010-10-15";"2009-02-13"
"30727065";"tuss-22";"Correção de deformidade adquirida de tíbia com fixador externo";"-";"2010-10-15";"2009-02-13"
"40305228";"tuss-22";"Curva glicêmica (6 dosagens) - pesquisa e/ou dosagem";"-";"2010-10-15";"2009-02-13"
"30727057";"tuss-22";"Biópsia cirúrgica de tíbia ou fíbula";"-";"2010-10-15";"2009-02-13"
"40305210";"tuss-22";"Cortisol livre - pesquisa e/ou dosagem";"-";"2010-10-15";"2009-02-13"
"30727049";"tuss-22";"Amputação de perna - tratamento cirúrgico";"-";"2010-10-15";"2009-02-13"
"40305163";"tuss-22";"AMP cíclico - pesquisa e/ou dosagem";"-";"2010-10-15";"2009-02-13"
"30727030";"tuss-22";"Alongamento dos ossos da perna - tratamento cirúrgico";"-";"2010-10-15";"2009-02-13"
"40305120";"tuss-22";"Ácido homo vanílico - pesquisa e/ou dosagem";"-";"2010-10-15";"2009-02-13"
"30727022";"tuss-22";"Alongamento com fixador dinâmico - tratamento cirúrgico";"-";"2010-10-15";"2009-02-13"
"40305112";"tuss-22";"Ácido 5 hidróxi indol acético, dosagem na urina";"-";"2010-10-15";"2009-02-13"
"30727014";"tuss-22";"Alongamento / transporte ósseo / pseudoartrose com fixador externo - perna";"-";"2010-10-15";"2009-02-13"
"40305090";"tuss-22";"17-hidroxipregnenolona - pesquisa e/ou dosagem";"-";"2010-10-15";"2009-02-13"
"30726310";"tuss-22";"Bolsa pré-patelar - ressecção";"-";"2010-10-15";"2009-02-13"
"40305082";"tuss-22";"17-cetosteróides totais (17-CTS) - pesquisa e/ou dosagem";"-";"2010-10-15";"2009-02-13"
"30726301";"tuss-22";"Tratamento cirúrgico de luxações / artrodese / contraturas com fixador externo ";"-";"2010-10-15";"2009-02-13"
"40305074";"tuss-22";"17-cetosteróides relação alfa/beta - pesquisa e/ou dosagem";"-";"2010-10-15";"2009-02-13"
"30726298";"tuss-22";"Transplantes homólogos ao nível do joelho - tratamento cirúrgico";"-";"2010-10-15";"2009-02-13"
"40305066";"tuss-22";"17-cetosteróides (17-CTS) - cromatografia - pesquisa e/ou dosagem";"-";"2010-10-15";"2009-02-13"
"30726280";"tuss-22";"Toalete cirúrgica - correção de joelho flexo - tratamento cirúrgico";"-";"2010-10-15";"2009-02-13"
"40305058";"tuss-22";"17-cetogênicos cromatografia - pesquisa e/ou dosagem";"-";"2010-10-15";"2009-02-13"
"30726271";"tuss-22";"Revisões de reconstruções intra-articulares - tratamento cirúrgico";"-";"2010-10-15";"2009-02-13"
"40305040";"tuss-22";"17-cetogênicos (17-CGS) - pesquisa e/ou dosagem";"-";"2010-10-15";"2009-02-13"
"30726263";"tuss-22";"Revisões de realinhamentos do aparelho extensor - tratamento cirúrgico";"-";"2010-10-15";"2009-02-13"
"40305015";"tuss-22";"1,25-dihidroxi vitamina D - pesquisa e/ou dosagem";"-";"2010-10-15";"2009-02-13"
"40304981";"tuss-22";"Analisador da função plaquetaria PFA-100";"-";"2010-10-15";"2009-02-13"
"30726255";"tuss-22";"Revisões de artroplastia total - tratamento cirúrgico";"-";"2010-10-15";"2009-02-13"
"40304973";"tuss-22";"Alfa talassemia anal molecular sangue";"-";"2010-10-15";"2009-02-13"
"30726247";"tuss-22";"Reconstruções ligamentares do pivot central - tratamento cirúrgico";"-";"2010-10-15";"2009-02-13"
"40304965";"tuss-22";"Alfa 1 anti tripsina, fenotipagem";"-";"2010-10-15";"2009-02-13"
"30726239";"tuss-22";"Realinhamentos do aparelho extensor - tratamento cirúrgico";"-";"2010-10-15";"2009-02-13"
"40304957";"tuss-22";"Adenograma (inclui hemograma)";"-";"2010-10-15";"2009-02-13"
"30726220";"tuss-22";"Osteotomias ao nível do joelho - tratamento cirúrgico";"-";"2010-10-15";"2009-02-13"
"30726212";"tuss-22";"Meniscorrafia - tratamento cirúrgico";"-";"2010-10-15";"2009-02-13"
"40304949";"tuss-22";"Linfonodo, exame de esfregaço de aspirado";"-";"2010-10-15";"2009-02-13"
"30726204";"tuss-22";"Liberação lateral e facectomias - tratamento cirúrgico";"-";"2010-10-15";"2009-02-13"
"40304930";"tuss-22";"Baço, exame de esfregaço de aspirado";"-";"2010-10-15";"2009-02-13"
"30726190";"tuss-22";"Lesões ligamentares periféricas crônicas - tratamento cirúrgico";"-";"2010-10-15";"2009-02-13"
"40304922";"tuss-22";"Coagulograma (TS, TC, prova do laço, retração do coágulo, contagem de plaquetas, tempo de protombina, tempo de tromboplastina, parcial ativado) - pesquisa e/ou dosagem";"-";"2010-10-15";"2009-02-13"
"30726182";"tuss-22";"Lesões ligamentares agudas - tratamento cirúrgico";"-";"2010-10-15";"2009-02-13"
"40304914";"tuss-22";"Tempo de sangramento (Duke) - determinação";"-";"2010-10-15";"2009-02-13"
"30726174";"tuss-22";"Lesões ligamentares agudas - tratamento incruento";"-";"2010-10-15";"2009-02-13"
"40304906";"tuss-22";"Dímero D - pesquisa e/ou dosagem";"-";"2010-10-15";"2009-02-13"
"40304892";"tuss-22";"Mielograma";"-";"2010-10-15";"2009-02-13"
"30726166";"tuss-22";"Lesões intrínsecas  de  joelho  (lesões  condrais,  osteocondrite dissecante, plica patológica, corpos livres, artrofitose) - tratamento cirúrgico";"-";"2010-10-15";"2009-02-13"
"40304884";"tuss-22";"Coombs indireto";"-";"2010-10-15";"2009-02-13"
"30726158";"tuss-22";"Lesões complexas de joelho (fratura com lesão ligamentar e meniscal) - tratamento cirúrgico";"-";"2010-10-15";"2009-02-13"
"40304876";"tuss-22";"Sulfo-hemoglobina, determinação da";"-";"2010-10-15";"2009-02-13"
"30726140";"tuss-22";"Lesões agudas e/ou luxações de meniscos (1 ou ambos) - tratamento cirúrgico";"-";"2010-10-15";"2009-02-13"
"40304868";"tuss-22";"Estreptozima - pesquisa e/ou dosagem";"-";"2010-10-15";"2009-02-13"
"30726131";"tuss-22";"Lesão aguda de ligamento colateral, associada a ligamento cruzado e menisco - tratamento cirúrgico";"-";"2010-10-15";"2009-02-13"
"40304850";"tuss-22";"Hemoglobinopatia - triagem (El.HB., hemoglob. fetal. reticulócitos, corpos de H, T. falcização hemácias, resist. osmótica, termo estabilidade)";"-";"2010-10-15";"2009-02-13"
"30726123";"tuss-22";"Fraturas e/ou luxações ao nível do joelho - tratamento cirúrgico";"-";"2010-10-15";"2009-02-13"
"40304841";"tuss-22";"Hemoglobina, solubilidade (HbS e HbD) - pesquisa e/ou dosagem";"-";"2010-10-15";"2009-02-13"
"30726115";"tuss-22";"Fraturas e/ou luxações ao nível do joelho - redução incruenta";"-";"2010-10-15";"2009-02-13"
"40304833";"tuss-22";"Hemoglobina instabilidade a 37 graus C - pesquisa e/ou dosagem";"-";"2010-10-15";"2009-02-13"
"30726107";"tuss-22";"Fratura e/ou luxação de patela - tratamento cirúrgico";"-";"2010-10-15";"2009-02-13"
"40304825";"tuss-22";"Esplenograma (citologia)";"-";"2010-10-15";"2009-02-13"
"30726093";"tuss-22";"Fratura e/ou luxação de patela (inclusive osteocondral) - redução incruenta";"-";"2010-10-15";"2009-02-13"
"40304817";"tuss-22";"Enzimas eritrocitárias, rastreio para deficiência";"-";"2010-10-15";"2009-02-13"
"30726085";"tuss-22";"Fratura de joelho - tratamento conservador";"-";"2010-10-15";"2009-02-13"
"40304809";"tuss-22";"Consumo de protrombina - pesquisa e/ou dosagem";"-";"2010-10-15";"2009-02-13"
"30726077";"tuss-22";"Epifisites e tendinites - tratamento cirúrgico";"-";"2010-10-15";"2009-02-13"
"40304787";"tuss-22";"Proteína S livre, dosagem";"-";"2010-10-15";"2009-02-13"
"30726069";"tuss-22";"Desarticulação de joelho - tratamento cirúrgico";"-";"2010-10-15";"2009-02-13"
"40304779";"tuss-22";"Produtos de degradação da fibrina, quantitativo - pesquisa e/ou dosagem";"-";"2010-10-15";"2009-02-13"
"30726050";"tuss-22";"Biópsia cirúrgica de joelho";"-";"2010-10-15";"2009-02-13"
"40304760";"tuss-22";"Inibidor dos fatores da hemostasia, triagem";"-";"2010-10-15";"2009-02-13"
"30726042";"tuss-22";"Artrotomia - tratamento cirúrgico - joelho";"-";"2010-10-15";"2009-02-13"
"40304752";"tuss-22";"Fator IX, dosagem do inibidor";"-";"2010-10-15";"2009-02-13"
"30726034";"tuss-22";"Artroplastia total de joelho com implantes - tratamento cirúrgico";"-";"2010-10-15";"2009-02-13"
"40304744";"tuss-22";"Imunofenotipagem para perfil imune (*)";"-";"2010-10-15";"2009-02-13"
"30726026";"tuss-22";"Artrodese de joelho - tratamento cirúrgico";"-";"2010-10-15";"2009-02-13"
"40304736";"tuss-22";"Imunofenotipagem para linfoma não hodgkin / sindrome linfoproliferativa crônica (*)";"-";"2010-10-15";"2009-02-13"
"30726018";"tuss-22";"Artrite séptica - tratamento cirúrgico - joelho";"-";"2010-10-15";"2009-02-13"
"40304728";"tuss-22";"Imunofenotipagem para leucemias agudas ou sindrome mielodisplásica (*)";"-";"2010-10-15";"2009-02-13"
"30725208";"tuss-22";"Necrose asséptica da cabeça femoral - tratamento conservador";"-";"2010-10-15";"2009-02-13"
"40304710";"tuss-22";"Imunofenotipagem para hemoglobinúria paroxistica noturna (*)";"-";"2010-10-15";"2009-02-13"
"30725194";"tuss-22";"Fratura de extremidade superior do fêmur ou cavidade cotilóide - tratamento conservador com gesso";"-";"2010-10-15";"2009-02-13"
"40304701";"tuss-22";"Imunofenotipagem para doença residual mínima (*)";"-";"2010-10-15";"2009-02-13"
"30725186";"tuss-22";"Fêmur - descolamento epifisário de extremidades superior - tratamento conservador sem gesso";"-";"2010-10-15";"2009-02-13"
"40304698";"tuss-22";"Fator XIII, dosagem, teste funcional";"-";"2010-10-15";"2009-02-13"
"30725178";"tuss-22";"Fêmur - descolamento epifisário de extremidades superior - tratamento conservador com gesso";"-";"2010-10-15";"2009-02-13"
"40304680";"tuss-22";"Fator VII - pesquisa e/ou dosagem";"-";"2010-10-15";"2009-02-13"
"30725160";"tuss-22";"Tratamento cirúrgico de fraturas com fixador externo - coxa/fêmur";"-";"2010-10-15";"2009-02-13"
"40304671";"tuss-22";"Anticorpo antimieloperoxidase, MPO - pesquisa e/ou dosagem";"-";"2010-10-15";"2009-02-13"
"30725151";"tuss-22";"Pseudartroses e/ou osteotomias - tratamento cirúrgico";"-";"2010-10-15";"2009-02-13"
"40304663";"tuss-22";"Alfa-2antiplasmina, teste funcional";"-";"2010-10-15";"2009-02-13"
"30725143";"tuss-22";"Osteomielite de fêmur - tratamento cirúrgico";"-";"2010-10-15";"2009-02-13"
"40304655";"tuss-22";"Tromboelastograma  - pesquisa e/ou dosagem";"-";"2010-10-15";"2009-02-13"
"30725135";"tuss-22";"Fraturas,  pseudartroses,  correção  de  deformidades e  alongamentos com fixador externo dinâmico - tratamento cirúrgico";"-";"2010-10-15";"2009-02-13"
"40304647";"tuss-22";"Tripanossoma, pesquisa";"-";"2010-10-15";"2009-02-13"
"30725127";"tuss-22";"Fraturas de fêmur - tratamento cirúrgico";"-";"2010-10-15";"2009-02-13"
"40304639";"tuss-22";"Tempo de tromboplastina parcial ativada - determinação";"-";"2010-10-15";"2009-02-13"
"30725119";"tuss-22";"Fraturas de fêmur - redução incruenta";"-";"2010-10-15";"2009-02-13"
"40304620";"tuss-22";"Tempo de trombina - determinação";"-";"2010-10-15";"2009-02-13"
"30725100";"tuss-22";"Fratura de fêmur - tratamento conservador com gesso";"-";"2010-10-15";"2009-02-13"
"40304612";"tuss-22";"Tempo de sangramento de IVY - deteminação";"-";"2010-10-15";"2009-02-13"
"30725097";"tuss-22";"Epifisiodese (por segmento) - tratamento cirúrgico";"-";"2010-10-15";"2009-02-13"
"40304604";"tuss-22";"Tempo de reptilase - determinação";"-";"2010-10-15";"2009-02-13"
"30725089";"tuss-22";"Encurtamento de fêmur - tratamento cirúrgico";"-";"2010-10-15";"2009-02-13"
"40304590";"tuss-22";"Tempo de protrombina - determinação";"-";"2010-10-15";"2009-02-13"
"30725070";"tuss-22";"Descolamento epifisário (traumático ou não) - tratamento cirúrgico";"-";"2010-10-15";"2009-02-13"
"40304582";"tuss-22";"Tempo de coagulação - determinação";"-";"2010-10-15";"2009-02-13"
"30725062";"tuss-22";"Descolamento epifisário (traumático ou não) - redução incruenta";"-";"2010-10-15";"2009-02-13"
"40304574";"tuss-22";"Ristocetina, co-fator, teste funcional, dosagem";"-";"2010-10-15";"2009-02-13"
"30725054";"tuss-22";"Correção de deformidade adquirida de fêmur com fixador externo";"-";"2010-10-15";"2009-02-13"
"40304566";"tuss-22";"Retração do coágulo - pesquisa";"-";"2010-10-15";"2009-02-13"
"30725046";"tuss-22";"Biópsia cirúrgica de fêmur";"-";"2010-10-15";"2009-02-13"
"40304558";"tuss-22";"Reticulócitos, contagem";"-";"2010-10-15";"2009-02-13"
"30725038";"tuss-22";"Amputação ao nível da coxa - tratamento cirúrgico";"-";"2010-10-15";"2009-02-13"
"40304540";"tuss-22";"Resistência globular, curva de";"-";"2010-10-15";"2009-02-13"
"30725020";"tuss-22";"Alongamento de fêmur - tratamento cirúrgico";"-";"2010-10-15";"2009-02-13"
"40304531";"tuss-22";"Prova do laço";"-";"2010-10-15";"2009-02-13"
"30725011";"tuss-22";"Alongamento / transporte ósseo / pseudoartrose com fixador externo - coxa/fêmur";"-";"2010-10-15";"2009-02-13"
"40304523";"tuss-22";"Protoporfirina eritrocitária livre - zinco - pesquisa e/ou dosagem";"-";"2010-10-15";"2009-02-13"
"30724287";"tuss-22";"Tratamento  de necrose  avascular  por foragem de estaqueamento associada à necrose microcirúrgica  da cabeça femoral - tratamento cirúrgico";"-";"2010-10-15";"2009-02-13"
"40304515";"tuss-22";"Proteína S, teste funcional";"-";"2010-10-15";"2009-02-13"
"30724279";"tuss-22";"Revisão de artroplastias de quadril com retirada de componentes e implante de prótese";"-";"2010-10-15";"2009-02-13"
"40304507";"tuss-22";"Proteína C - pesquisa e/ou dosagem";"-";"2010-10-15";"2009-02-13"
"30724260";"tuss-22";"Reconstrução de quadril com fixador externo";"-";"2010-10-15";"2009-02-13"
"40304493";"tuss-22";"Produtos de degradação da fibrina, qualitativo - pesquisa e/ou dosagem";"-";"2010-10-15";"2009-02-13"
"30724252";"tuss-22";"Punção-biópsia coxo-femoral-artrocentese";"-";"2010-10-15";"2009-02-13"
"40304485";"tuss-22";"Medula óssea, aspiração para mielograma ou microbiológico";"-";"2010-10-15";"2009-02-13"
"30724244";"tuss-22";"Osteotomias supra-acetabulares (Chiari, Pemberton, \"dial\", etc) - tratamento cirúrgico";"-";"2010-10-15";"2009-02-13"
"40304477";"tuss-22";"Plasmódio, pesquisa";"-";"2010-10-15";"2009-02-13"
"30724236";"tuss-22";"Osteotomias  ao  nível  do  colo ou  região trocanteriana (Sugioka, Martin, Bombelli etc) - tratamento cirúrgico";"-";"2010-10-15";"2009-02-13"
"40304469";"tuss-22";"Plasminogênio, dosagem";"-";"2010-10-15";"2009-02-13"
"30724228";"tuss-22";"Osteotomia - fixador externo";"-";"2010-10-15";"2009-02-13"
"40304450";"tuss-22";"Plaquetas, teste de agregação (por agente agregante), cada";"-";"2010-10-15";"2009-02-13"
"30724210";"tuss-22";"Luxação congênita de quadril (redução incruenta com ou sem tenotomia de adutores)";"-";"2010-10-15";"2009-02-13"
"40304434";"tuss-22";"Meta-hemoglobina, determinação da";"-";"2010-10-15";"2009-02-13"
"30724201";"tuss-22";"Luxação congênita de quadril (redução cirúrgica simples) - tratamento cirúrgico";"-";"2010-10-15";"2009-02-13"
"40304418";"tuss-22";"Leucócitos, contagem";"-";"2010-10-15";"2009-02-13"
"30724198";"tuss-22";"Luxação congênita de quadril (redução cirúrgica e osteotomia) - tratamento cirúrgico";"-";"2010-10-15";"2009-02-13"
"40304400";"tuss-22";"Inibidor do TPA (PAI) - pesquisa e/ou dosagem";"-";"2010-10-15";"2009-02-13"
"30724180";"tuss-22";"Fratura e/ou luxação e/ou avulsão coxo-femoral - tratamento cirúrgico";"-";"2010-10-15";"2009-02-13"
"40304396";"tuss-22";"Heparina, dosagem";"-";"2010-10-15";"2009-02-13"
"30724171";"tuss-22";"Fratura e/ou luxação e/ou avulsão coxo-femoral - redução incruenta";"-";"2010-10-15";"2009-02-13"
"40304388";"tuss-22";"Hemossiderina (siderócitos), sangue ou urina - pesquisa e/ou dosagem";"-";"2010-10-15";"2009-02-13"
"30724163";"tuss-22";"Fratura de acetábulo - redução incruenta";"-";"2010-10-15";"2009-02-13"
"40304370";"tuss-22";"Hemossedimentação, (VHS) - pesquisa e/ou dosagem";"-";"2010-10-15";"2009-02-13"
"30724155";"tuss-22";"Fratura de acetábulo (com uma ou mais abordagens) - tratamento cirúrgico";"-";"2010-10-15";"2009-02-13"
"40304361";"tuss-22";"Hemograma com contagem de plaquetas ou frações (eritrograma, leucograma, plaquetas)";"-";"2010-10-15";"2009-02-13"
"30724147";"tuss-22";"Epifisiolistese proximal de fêmur (fixação \"in situ\") - tratamento cirúrgico";"-";"2010-10-15";"2009-02-13"
"40304353";"tuss-22";"Hemoglobina (eletroforese) - pesquisa e/ou dosagem";"-";"2010-10-15";"2009-02-13"
"30724139";"tuss-22";"Epifisiodese com abaixamento do grande trocanter - tratamento cirúrgico";"-";"2010-10-15";"2009-02-13"
"40304345";"tuss-22";"Hemoglobina, dosagem";"-";"2010-10-15";"2009-02-13"
"30724120";"tuss-22";"Desarticulação coxo-femoral - tratamento cirúrgico";"-";"2010-10-15";"2009-02-13"
"40304337";"tuss-22";"Hematócrito, determinação do";"-";"2010-10-15";"2009-02-13"
"30724112";"tuss-22";"Biópsia cirúrgica coxo-femoral";"-";"2010-10-15";"2009-02-13"
"40304329";"tuss-22";"Hemácias fetais, pesquisa";"-";"2010-10-15";"2009-02-13"
"30724104";"tuss-22";"Artrotomia coxo-femoral - tratamento cirúrgico";"-";"2010-10-15";"2009-02-13"
"40304310";"tuss-22";"Heinz, corpúsculos, pesquisa";"-";"2010-10-15";"2009-02-13"
"30724090";"tuss-22";"Artrotomia de quadril infectada (incisão e drenagem de artrite séptica) sem retirada de componente - tratamento cirúrgico";"-";"2010-10-15";"2009-02-13"
"40304302";"tuss-22";"Ham, teste de (hemólise ácida)";"-";"2010-10-15";"2009-02-13"
"30724082";"tuss-22";"Artroplastia parcial do quadril (tipo Thompson ou qualquer técnica) - tratamento cirúrgico";"-";"2010-10-15";"2009-02-13"
"40304299";"tuss-22";"Grupo sanguíneo ABO, e fator Rho (inclui Du) - determinação";"-";"2010-10-15";"2009-02-13"
"30724074";"tuss-22";"Artroplastia de ressecção do quadril (Girdlestone) - tratamento cirúrgico";"-";"2010-10-15";"2009-02-13"
"40304280";"tuss-22";"Grupo ABO, classificação reversa - determinação";"-";"2010-10-15";"2009-02-13"
"30724066";"tuss-22";"Artroplastia de quadril infectada (retirada dos componentes) - tratamento cirúrgico";"-";"2010-10-15";"2009-02-13"
"40304272";"tuss-22";"Filária, pesquisa";"-";"2010-10-15";"2009-02-13"
"30724058";"tuss-22";"Artroplastia (qualquer técnica ou versão de quadril) - tratamento cirúrgico";"-";"2010-10-15";"2009-02-13"
"40304264";"tuss-22";"Fibrinogênio, teste funcional, dosagem";"-";"2010-10-15";"2009-02-13"
"30724040";"tuss-22";"Artrodiastase de quadril";"-";"2010-10-15";"2009-02-13"
"40304256";"tuss-22";"Fenotipagem do sistema Rh-Hr (anti Rho(D) + anti Rh(C) + anti Rh(E)";"-";"2010-10-15";"2009-02-13"
"30724031";"tuss-22";"Artrodese coxo-femoral em geral - tratamento cirúrgico";"-";"2010-10-15";"2009-02-13"
"40304248";"tuss-22";"Fator XIII, pesquisa";"-";"2010-10-15";"2009-02-13"
"30724023";"tuss-22";"Artrodese / fratura de acetábulo (ligamentotaxia) com fixador externo";"-";"2010-10-15";"2009-02-13"
"40304230";"tuss-22";"Fator XII, dosagem";"-";"2010-10-15";"2009-02-13"
"30724015";"tuss-22";"Artrite séptica  - tratamento cirúrgico - articulação coxo-femoral";"-";"2010-10-15";"2009-02-13"
"40304221";"tuss-22";"Fator XI, dosagem";"-";"2010-10-15";"2009-02-13"
"30723124";"tuss-22";"Fratura ou disjunção ao nível da pelve - tratamento conservador sem gesso";"-";"2010-10-15";"2009-02-13"
"40304213";"tuss-22";"Fator X, dosagem";"-";"2010-10-15";"2009-02-13"
"30723116";"tuss-22";"Fratura ou disjunção ao nível da pelve - tratamento conservador com gesso";"-";"2010-10-15";"2009-02-13"
"40304205";"tuss-22";"Fator VIII, dosagem do inibidor";"-";"2010-10-15";"2009-02-13"
"30723108";"tuss-22";"Fratura e/ou luxação de anel pélvico - tratamento conservador";"-";"2010-10-15";"2009-02-13"
"40304191";"tuss-22";"Fator VIII, dosagem do antígeno (Von Willebrand)";"-";"2010-10-15";"2009-02-13"
"30723094";"tuss-22";"Fratura de pelve sem aparelho pelve-podálico - tratamento conservador";"-";"2010-10-15";"2009-02-13"
"40304183";"tuss-22";"Fator VIII, dosagem";"-";"2010-10-15";"2009-02-13"
"30723086";"tuss-22";"Osteotomias / artrodeses - tratamento cirúrgico";"-";"2010-10-15";"2009-02-13"
"40304175";"tuss-22";"Fator V, dosagem";"-";"2010-10-15";"2009-02-13"
"30723078";"tuss-22";"Osteomielite  ao nível da pelve - tratamento cirúrgico";"-";"2010-10-15";"2009-02-13"
"40304167";"tuss-22";"Fator IX, dosagem";"-";"2010-10-15";"2009-02-13"
"30723060";"tuss-22";"Fraturas e/ou luxações do anel pélvico - redução incruenta";"-";"2010-10-15";"2009-02-13"
"40304159";"tuss-22";"Fator II, dosagem";"-";"2010-10-15";"2009-02-13"
"30723051";"tuss-22";"Fraturas e/ou luxações do anel pélvico (com uma ou mais abordagens) - tratamento cirúrgico";"-";"2010-10-15";"2009-02-13"
"40304140";"tuss-22";"Fator 4 plaquetário, dosagens";"-";"2010-10-15";"2009-02-13"
"30723043";"tuss-22";"Fratura/luxação com fixador externo - tratamento cirúrgico";"-";"2010-10-15";"2009-02-13"
"40304132";"tuss-22";"Falcização, teste de";"-";"2010-10-15";"2009-02-13"
"30723035";"tuss-22";"Fratura da cintura pélvica - tratamento conservador";"-";"2010-10-15";"2009-02-13"
"40304116";"tuss-22";"Enzimas  eritrocitárias,  (adenilatoquinase,  desidrogenase láctica,  fosfofructoquinase,  fosfoglicerato quinase, gliceraldeído, 3  - fosfato   desidrogenase, glicose  fosfato isomerase,  glicose 6 - fosfato desidrogenase, glutation peroxidase, glutation";"-";"2010-10-15";"2009-02-13"
"30723027";"tuss-22";"Desarticulação interílio abdominal - tratamento cirúrgico";"-";"2010-10-15";"2009-02-13"
"40304108";"tuss-22";"Coombs direto";"-";"2010-10-15";"2009-02-13"
"30723019";"tuss-22";"Biópsia cirúrgica de cintura pélvica";"-";"2010-10-15";"2009-02-13"
"30722918";"tuss-22";"Rotura do aparelho extensor do dedo - tratamento cirúrgico";"-";"2014-08-31";"2012-10-10"
"40304094";"tuss-22";"Citoquímica para classificar leucemia: esterase, fosfatase leucocitária, PAS, peroxidase ou SB,  etc - cada";"-";"2010-10-15";"2009-02-13"
"40304086";"tuss-22";"CD... (antígeno de dif. Celular, cada determinação) - pesquisa e/ou dosagem";"-";"2010-10-15";"2009-02-13"
"30722900";"tuss-22";"Roturas do aparelho extensor de dedo - tratamento conservador";"-";"2010-10-15";"2009-02-13"
"40304078";"tuss-22";"Ativador tissular de plasminogênio (TPA) - pesquisa e/ou dosagem";"-";"2010-10-15";"2009-02-13"
"30722888";"tuss-22";"Tratamento da pseudoartrose do escafóide com transplante ósseo vascularizado e fixação com micro parafuso";"-";"2010-10-15";"2009-02-13"
"40304060";"tuss-22";"Antitrombina III, dosagem";"-";"2010-10-15";"2009-02-13"
"30722870";"tuss-22";"Tratamento da doença de Kiembuck com transplante vascularizado";"-";"2010-10-15";"2009-02-13"
"40304051";"tuss-22";"Anticorpos irregulares, pesquisa (meio salino a temperatura ambiente e 37º e teste indireto de coombs)";"-";"2010-10-15";"2009-02-13"
"30722861";"tuss-22";"Tratamento cirúrgico da sindactilia múltipla com emprego de expansor - por estágio";"-";"2010-10-15";"2009-02-13"
"40304043";"tuss-22";"Anticorpos irregulares - pesquisa e/ou dosagem";"-";"2010-10-15";"2009-02-13"
"30722853";"tuss-22";"Tratamento cirúrgico da polidactilia múltipla e/ou complexa";"-";"2010-10-15";"2009-02-13"
"40304035";"tuss-22";"Anticorpos antiplaquetários, citometria de fluxo";"-";"2010-10-15";"2009-02-13"
"30722845";"tuss-22";"Transposição de dedo - tratamento cirúrgico";"-";"2010-10-15";"2009-02-13"
"40304027";"tuss-22";"Anticorpo anti A e B, pesquisa e/ou dosagem";"-";"2010-10-15";"2009-02-13"
"30722829";"tuss-22";"Sinovectomia da mão (múltiplas)";"-";"2010-10-15";"2009-02-13"
"40304019";"tuss-22";"Anticoagulante lúpico, pesquisa";"-";"2010-10-15";"2009-02-13"
"30722810";"tuss-22";"Sinovectomia da mão (1 articulação)";"-";"2010-10-15";"2009-02-13"
"40303330";"tuss-22";"Dosagem fecal de calprotectina";"-";"2021-06-30";"2021-04-01"
"30722802";"tuss-22";"Sindactilia múltipla - tratamento cirúrgico";"-";"2010-10-15";"2009-02-13"
"40303322";"tuss-22";"TAT - complexo Trombina/Antitrombiona";"-";"2014-08-31";"2012-10-10"
"30722799";"tuss-22";"Sindactilia de 2 dígitos - tratamento cirúrgico ";"-";"2010-10-15";"2009-02-13"
"40303314";"tuss-22";"Hemoglobina cromatografia";"-";"2014-08-31";"2012-10-10"
"30722780";"tuss-22";"Sequestrectomias";"-";"2010-10-15";"2009-02-13"
"30722772";"tuss-22";"Roturas tendino-ligamentares da mão (mais que 1) - tratamento cirúrgico";"-";"2010-10-15";"2009-02-13"
"40303306";"tuss-22";"Hemoglobina A2, cromatografia";"-";"2014-08-31";"2012-10-10"
"30722764";"tuss-22";"Roturas do aparelho extensor de dedo - redução incruenta";"-";"2010-10-15";"2009-02-13"
"40303292";"tuss-22";"Fibrinopeptídeo A, antígeno";"-";"2014-08-31";"2012-10-10"
"40303284";"tuss-22";"Elastase pancreática fecal";"-";"2014-08-31";"2012-10-10"
"30722756";"tuss-22";"Revascularização  do  polegar  ou  outro  dedo ";"-";"2010-10-15";"2009-02-13"
"40303276";"tuss-22";"Resíduos alimentares, identificação, fezes";"-";"2014-08-31";"2012-10-10"
"30722748";"tuss-22";"Retração cicatricial dos dedos com lesão tendínea - tratamento cirúrgico";"-";"2010-10-15";"2009-02-13"
"40303268";"tuss-22";"Oograma nas fezes";"-";"2014-08-31";"2012-10-10"
"30722730";"tuss-22";"Retração cicatricial de um dedo sem comprometimento tendinoso - tratamento cirúrgico";"-";"2010-10-15";"2009-02-13"
"40303250";"tuss-22";"Sangue oculto nas fezes, pesquisa imunológica";"-";"2014-08-31";"2012-10-10"
"30722721";"tuss-22";"Retração cicatricial de mais de um dedo, sem comprometimento tendinoso - tratamento cirúrgico";"-";"2010-10-15";"2009-02-13"
"40303241";"tuss-22";"Toxina botuliníca, pesquisa (fezes)";"-";"2010-10-15";"2009-02-13"
"30722713";"tuss-22";"Ressecção de cisto sinovial";"-";"2010-10-15";"2009-02-13"
"40303225";"tuss-22";"Nitrôgenio fecal, dosagem ";"-";"2010-10-15";"2009-02-13"
"30722705";"tuss-22";"Ressecção 1ª fileira dos ossos do carpo";"-";"2010-10-15";"2009-02-13"
"40303217";"tuss-22";"Lactoferrina fecal";"-";"2010-10-15";"2009-02-13"
"30722691";"tuss-22";"Reparações cutâneas com retalho ilhado antebraquial invertido";"-";"2010-10-15";"2009-02-13"
"30722683";"tuss-22";"Reimplante do polegar";"-";"2010-10-15";"2009-02-13"
"40303209";"tuss-22";"Helicobacter pylori nas fezes";"-";"2010-10-15";"2009-02-13"
"30722675";"tuss-22";"Reimplante do membro superior nível transmetacarpiano até o terço distal do antebraço";"-";"2010-10-15";"2009-02-13"
"40303195";"tuss-22";"Gordura fecal, pesquisa de";"-";"2010-10-15";"2009-02-13"
"30722667";"tuss-22";"Reimplante de dois dedos da mão";"-";"2010-10-15";"2009-02-13"
"40303187";"tuss-22";"Estercobilinogênio fecal, dosagem";"-";"2010-10-15";"2009-02-13"
"30722659";"tuss-22";"Reconstrução do polegar com retalho ilhado osteocutâneo antebraquial";"-";"2010-10-15";"2009-02-13"
"40303179";"tuss-22";"Esteatócrito, triagem para gordura fecal";"-";"2010-10-15";"2009-02-13"
"30722640";"tuss-22";"Reconstrução de leito ungueal";"-";"2010-10-15";"2009-02-13"
"40303160";"tuss-22";"Tripsina, prova de (digestão da gelatina)";"-";"2010-10-15";"2009-02-13"
"30722632";"tuss-22";"Reconstrução da falange com retalho homodigital";"-";"2010-10-15";"2009-02-13"
"40303152";"tuss-22";"Substâncias redutoras nas fezes - pesquisa";"-";"2010-10-15";"2009-02-13"
"30722624";"tuss-22";"Pseudartrose dos ossos da mão - tratamento cirúrgico";"-";"2010-10-15";"2009-02-13"
"40303144";"tuss-22";"Shistossoma, pesquisa ovos em fragmentos mucosa após biópsia retal";"-";"2010-10-15";"2009-02-13"
"30722616";"tuss-22";"Pseudartrose do escafóide - tratamento cirúrgico";"-";"2010-10-15";"2009-02-13"
"40303136";"tuss-22";"Sangue oculto, pesquisa nas fezes";"-";"2010-10-15";"2009-02-13"
"30722608";"tuss-22";"Pseudartrose com perda de substâncias de metacarpiano e falanges";"-";"2010-10-15";"2009-02-13"
"40303128";"tuss-22";"Parasitológico, colheita múltipla com fornecimento do líquido conservante nas fezes";"-";"2010-10-15";"2009-02-13"
"30722594";"tuss-22";"Prótese (implante) para ossos do carpo";"-";"2010-10-15";"2009-02-13"
"40303110";"tuss-22";"Parasitológico - nas fezes";"-";"2010-10-15";"2009-02-13"
"30722586";"tuss-22";"Polidactilia não articulada - tratamento cirúrgico";"-";"2010-10-15";"2009-02-13"
"40303101";"tuss-22";"Leveduras, pesquisa nas fezes";"-";"2010-10-15";"2009-02-13"
"30722578";"tuss-22";"Polidactilia articulada - tratamento cirúrgico";"-";"2010-10-15";"2009-02-13"
"40303098";"tuss-22";"Leucócitos e hemácias, pesquisa nas fezes";"-";"2010-10-15";"2009-02-13"
"30722560";"tuss-22";"Policização ou transferência digital";"-";"2010-10-15";"2009-02-13"
"40303080";"tuss-22";"Larvas (fezes), pesquisa";"-";"2010-10-15";"2009-02-13"
"30722551";"tuss-22";"Plástica ungueal";"-";"2010-10-15";"2009-02-13"
"40303071";"tuss-22";"Identificação de helmintos,  exame de fragmentos - nas fezes";"-";"2010-10-15";"2009-02-13"
"30722543";"tuss-22";"Perda de substância da mão (reparação) - tratamento cirúrgico";"-";"2010-10-15";"2009-02-13"
"40303063";"tuss-22";"Hematoxilina férrica, pesquisa de protozoários nas fezes";"-";"2010-10-15";"2009-02-13"
"30722535";"tuss-22";"Osteossíntese de fratura de falange e metacarpeana com uso de miniparafuso";"-";"2010-10-15";"2009-02-13"
"40303055";"tuss-22";"Gordura fecal, dosagem";"-";"2010-10-15";"2009-02-13"
"40303047";"tuss-22";"Eosinófilos, pesquisa nas fezes";"-";"2010-10-15";"2009-02-13"
"30722527";"tuss-22";"Osteossíntese de fratura de falange e metacarpeana com fixação externa";"-";"2010-10-15";"2009-02-13"
"40303039";"tuss-22";"Coprológico funcional (caracteres, pH, digestibilidade, amônia, ácidos orgânicos e interpretação)";"-";"2010-10-15";"2009-02-13"
"30722519";"tuss-22";"Osteomielite ao nível da mão - tratamento cirúrgico";"-";"2010-10-15";"2009-02-13"
"40303020";"tuss-22";"Anal Swab, pesquisa de oxiúrus";"-";"2010-10-15";"2009-02-13"
"30722500";"tuss-22";"Luxação metacarpofalangeana - tratamento cirúrgico";"-";"2010-10-15";"2009-02-13"
"40303012";"tuss-22";"Alfa -1-antitripsina, (fezes) - pesquisa e/ou dosagem";"-";"2010-10-15";"2009-02-13"
"30722497";"tuss-22";"Luxação metacarpofalangeana - redução incruenta";"-";"2010-10-15";"2009-02-13"
"40302997";"tuss-22";"Colágeno ensaio de ligação";"-";"2010-10-15";"2009-02-13"
"30722489";"tuss-22";"Ligamentoplastia com âncora";"-";"2010-10-15";"2009-02-13"
"40302989";"tuss-22";"Clearance de amilase";"-";"2010-10-15";"2009-02-13"
"30722470";"tuss-22";"Lesões ligamentares crônicas da mão - reparação cirúrgica";"-";"2010-10-15";"2009-02-13"
"40302962";"tuss-22";"Cistatina C";"-";"2010-10-15";"2009-02-13"
"30722462";"tuss-22";"Lesões ligamentares agudas da mão - reparação cirúrgica";"-";"2010-10-15";"2009-02-13"
"40302954";"tuss-22";"Cartilagem oligomérica proteína (COMP)";"-";"2010-10-15";"2009-02-13"
"30722454";"tuss-22";"Gigantismo ao nível da mão - tratamento cirúrgico";"-";"2010-10-15";"2009-02-13"
"40302946";"tuss-22";"Bilirrubina transcutânea [labo]";"-";"2010-10-15";"2009-02-13"
"30722446";"tuss-22";"Fraturas e/ou luxações de metacarpianos - redução incruenta";"-";"2010-10-15";"2009-02-13"
"40302938";"tuss-22";"Beta 2 transferrina";"-";"2010-10-15";"2009-02-13"
"30722438";"tuss-22";"Fraturas e/ou luxações de falanges (interfalangeanas) - tratamento cirúrgico";"-";"2010-10-15";"2009-02-13"
"40302920";"tuss-22";"Atividade de precalicreina";"-";"2010-10-15";"2009-02-13"
"30722420";"tuss-22";"Fraturas e/ou luxações de falanges (interfalangeanas) - redução incruenta ";"-";"2010-10-15";"2009-02-13"
"40302911";"tuss-22";"AP 50, dosagem";"-";"2010-10-15";"2009-02-13"
"30722411";"tuss-22";"Fraturas de falanges ou metacarpianos - tratamento cirúrgico com fixação";"-";"2010-10-15";"2009-02-13"
"40302903";"tuss-22";"Ácidos graxos cadeia muito longa";"-";"2010-10-15";"2009-02-13"
"30722403";"tuss-22";"Fraturas de falanges ou metacarpianos - redução incruenta";"-";"2010-10-15";"2009-02-13"
"40302890";"tuss-22";"Ácidos graxos cadeia longa";"-";"2010-10-15";"2009-02-13"
"30722390";"tuss-22";"Fratura/artrodese com fixador externo";"-";"2010-10-15";"2009-02-13"
"40302881";"tuss-22";"Ácido Micofenólico, dosagem soro";"-";"2010-10-15";"2009-02-13"
"30722381";"tuss-22";"Fratura de metacarpiano - tratamento conservador";"-";"2010-10-15";"2009-02-13"
"40302873";"tuss-22";"Ácido Gama-hidroxibutirico, dosagem soro";"-";"2010-10-15";"2009-02-13"
"30722373";"tuss-22";"Fratura de osso da mão - tratamento conservador";"-";"2010-10-15";"2009-02-13"
"40302865";"tuss-22";"7 Dihidrocolesterol, dosagem";"-";"2010-10-15";"2009-02-13"
"30722365";"tuss-22";"Fratura de Bennett - tratamento cirúrgico";"-";"2010-10-15";"2009-02-13"
"40302857";"tuss-22";"6-Monoacetilmorfina urinária";"-";"2010-10-15";"2009-02-13"
"30722357";"tuss-22";"Fratura de Bennett - redução incruenta";"-";"2010-10-15";"2009-02-13"
"40302849";"tuss-22";"Vitamina K,- pesquisa e/ou dosagem";"-";"2010-10-15";"2009-02-13"
"30722349";"tuss-22";"Fratura de falanges - tratamento conservador";"-";"2010-10-15";"2009-02-13"
"40302830";"tuss-22";"Vitamina \"D\" 25 HIDROXI, pesquisa e/ou dosagem (Vitamina D3) ";"-";"2010-10-15";"2009-02-13"
"30722330";"tuss-22";"Fixador externo em cirurgia da mão";"-";"2010-10-15";"2009-02-13"
"40302822";"tuss-22";"Vitamina D2, pesquisa e/ou dosagem";"-";"2010-10-15";"2009-02-13"
"30722322";"tuss-22";"Falangização";"-";"2010-10-15";"2009-02-13"
"40302814";"tuss-22";"Vitamina B6, pesquisa e/ou dosagem";"-";"2010-10-15";"2009-02-13"
"30722314";"tuss-22";"Exploração cirúrgica de tendão de mão";"-";"2010-10-15";"2009-02-13"
"40302806";"tuss-22";"Vitamina B3, pesquisa e/ou dosagem";"-";"2010-10-15";"2009-02-13"
"30722306";"tuss-22";"Enxerto ósseo (perda de substância) - tratamento cirúrgico";"-";"2010-10-15";"2009-02-13"
"40302792";"tuss-22";"Vitamina B2, pesquisa e/ou dosagem";"-";"2010-10-15";"2009-02-13"
"30722292";"tuss-22";"Dedo em martelo - tratamento conservador";"-";"2010-10-15";"2009-02-13"
"40302784";"tuss-22";"Vitamina B1, pesquisa e/ou dosagem";"-";"2010-10-15";"2009-02-13"
"30722284";"tuss-22";"Dedo em martelo - tratamento cirúrgico";"-";"2010-10-15";"2009-02-13"
"40302776";"tuss-22";"Peptídeo natriurético BNP/PROBNP - pesquisa e/ou dosagem";"-";"2010-10-15";"2009-02-13"
"30722276";"tuss-22";"Dedo em gatilho, capsulotomia / fasciotomia - tratamento cirúrgico";"-";"2010-10-15";"2009-02-13"
"40302768";"tuss-22";"PAPP-A - pesquisa e/ou dosagem";"-";"2010-10-15";"2009-02-13"
"30722268";"tuss-22";"Dedo em botoeira - tratamento cirúrgico";"-";"2010-10-15";"2009-02-13"
"40302750";"tuss-22";"Perfil lipídico / lipidograma (lípidios totais, colesterol, triglicerídios e eletroforese lipoproteínas) - pesquisa e/ou dosagem";"-";"2010-10-15";"2009-02-13"
"30722250";"tuss-22";"Dedo colo de cisne - tratamento cirúrgico";"-";"2010-10-15";"2009-02-13"
"40302741";"tuss-22";"Lamotrigina - pesquisa e/ou dosagem";"-";"2010-10-15";"2009-02-13"
"30722241";"tuss-22";"Coto de amputação digital - revisão";"-";"2010-10-15";"2009-02-13"
"40302733";"tuss-22";"Hemoglobina glicada (Fração A1c) - pesquisa e/ou dosagem";"-";"2010-10-15";"2009-02-13"
"30722233";"tuss-22";"Contratura isquêmica de mão - tratamento cirúrgico";"-";"2010-10-15";"2009-02-13"
"40302725";"tuss-22";"Imunofixação - cada fração";"-";"2010-10-15";"2009-02-13"
"30722225";"tuss-22";"Centralização da ulna (tratamento da mão torta radial)";"-";"2010-10-15";"2009-02-13"
"40302717";"tuss-22";"Eletroforese de proteínas de alta resolução";"-";"2010-10-15";"2009-02-13"
"30722217";"tuss-22";"Capsulectomias única MF e IF";"-";"2010-10-15";"2009-02-13"
"40302709";"tuss-22";"Teste oral de tolerância à glicose - 2 dosagens";"-";"2010-10-15";"2009-02-13"
"30722209";"tuss-22";"Capsulectomias múltiplas MF ou IF";"-";"2010-10-15";"2009-02-13"
"40302695";"tuss-22";"Colesterol (VLDL) - pesquisa e/ou dosagem";"-";"2010-10-15";"2009-02-13"
"30722179";"tuss-22";"Bridas congênitas - tratamento cirúrgico";"-";"2010-10-15";"2009-02-13"
"40302687";"tuss-22";"Procalcitonina - pesquisa e/ou dosagem";"-";"2010-10-15";"2009-02-13"
"30722160";"tuss-22";"Biópsia cirúrgica dos ossos da mão";"-";"2010-10-15";"2009-02-13"
"40302679";"tuss-22";"Ocitocinase, pesquisa e/ou dosagem";"-";"2010-10-15";"2009-02-13"
"30722152";"tuss-22";"Artrotomia ao nível da mão -  tratamento cirúrgico";"-";"2010-10-15";"2009-02-13"
"40302652";"tuss-22";"Mucopolissacaridose, pesquisa e/ou dosagem";"-";"2010-10-15";"2009-02-13"
"30722144";"tuss-22";"Artroplastia interfalangeana / metacarpofalangeana - tratamento cirúrgico";"-";"2010-10-15";"2009-02-13"
"40302644";"tuss-22";"Maltose, teste de tolerância";"-";"2010-10-15";"2009-02-13"
"30722136";"tuss-22";"Artroplastia com implante na mão (MF ou IF)";"-";"2010-10-15";"2009-02-13"
"40302636";"tuss-22";"Lipídios totais - pesquisa e/ou dosagem";"-";"2010-10-15";"2009-02-13"
"30722128";"tuss-22";"Artroplastia com implante na mão (MF e IF) múltipla";"-";"2010-10-15";"2009-02-13"
"40302628";"tuss-22";"Xilose, teste de absorção à";"-";"2010-10-15";"2009-02-13"
"30722110";"tuss-22";"Artrodese interfalangeana / metacarpofalangeana -  tratamento cirúrgico";"-";"2010-10-15";"2009-02-13"
"40302610";"tuss-22";"Vitamina E - pesquisa e/ou dosagem";"-";"2010-10-15";"2009-02-13"
"30722101";"tuss-22";"Aponevrose palmar (ressecção) - tratamento cirúrgico";"-";"2010-10-15";"2009-02-13"
"40302601";"tuss-22";"Vitamina A, pesquisa e/ou dosagem";"-";"2010-10-15";"2009-02-13"
"30722098";"tuss-22";"Amputação transmetacarpiana com transposição de dedo";"-";"2010-10-15";"2009-02-13"
"40302598";"tuss-22";"Urobilinogênio - pesquisa e/ou dosagem";"-";"2010-10-15";"2009-02-13"
"30722080";"tuss-22";"Amputação transmetacarpiana";"-";"2010-10-15";"2009-02-13"
"40302580";"tuss-22";"Uréia - pesquisa e/ou dosagem";"-";"2010-10-15";"2009-02-13"
"30722071";"tuss-22";"Amputação de dedo (cada) - tratamento cirúrgico";"-";"2010-10-15";"2009-02-13"
"40302571";"tuss-22";"Troponina - pesquisa e/ou dosagem";"-";"2010-10-15";"2009-02-13"
"30722063";"tuss-22";"Amputação ao nível dos metacarpianos - tratamento cirúrgico";"-";"2010-10-15";"2009-02-13"
"40302563";"tuss-22";"Tripsina imuno reativa (IRT) - pesquisa e/ou dosagem";"-";"2010-10-15";"2009-02-13"
"40302555";"tuss-22";"Trimipramina - pesquisa e/ou dosagem";"-";"2010-10-15";"2009-02-13"
"30722055";"tuss-22";"Alongamentos tendinosos de mão";"-";"2010-10-15";"2009-02-13"
"40302547";"tuss-22";"Triglicerídeos - pesquisa e/ou dosagem";"-";"2010-10-15";"2009-02-13"
"30722047";"tuss-22";"Alongamento/transporte ósseo com fixador externo";"-";"2010-10-15";"2009-02-13"
"40302539";"tuss-22";"Triazolam - pesquisa e/ou dosagem";"-";"2010-10-15";"2009-02-13"
"30722039";"tuss-22";"Abscessos de dedo (drenagem) - tratamento cirúrgico";"-";"2010-10-15";"2009-02-13"
"40302520";"tuss-22";"Transferrina - pesquisa e/ou dosagem";"-";"2010-10-15";"2009-02-13"
"30722012";"tuss-22";"Abscesso de mão e dedos - tenossinovites / espaços palmares / dorsais e comissurais - tratamento cirúrgico";"-";"2010-10-15";"2009-02-13"
"40302512";"tuss-22";"Transaminase pirúvica (amino transferase de alanina) - pesquisa e/ou dosagem";"-";"2010-10-15";"2009-02-13"
"30721253";"tuss-22";"Transposição do rádio para ulna";"-";"2010-10-15";"2009-02-13"
"40302504";"tuss-22";"Transaminase oxalacética (amino transferase aspartato) - pesquisa e/ou dosagem";"-";"2010-10-15";"2009-02-13"
"30721245";"tuss-22";"Sinovectomia de punho - tratamento cirúrgico";"-";"2010-10-15";"2009-02-13"
"40302490";"tuss-22";"Tirosina - pesquisa e/ou dosagem";"-";"2010-10-15";"2009-02-13"
"30721237";"tuss-22";"Reparação ligamentar do carpo";"-";"2010-10-15";"2009-02-13"
"40302482";"tuss-22";"Teste de tolerância a insulina ou hipoglicemiantes orais (até 6 dosagens)";"-";"2010-10-15";"2009-02-13"
"30721229";"tuss-22";"Ressecção de osso do carpo - tratamento cirúrgico";"-";"2010-10-15";"2009-02-13"
"40302474";"tuss-22";"Teofilina - pesquisa e/ou dosagem";"-";"2010-10-15";"2009-02-13"
"30721210";"tuss-22";"Pseudartroses - tratamento cirúrgico ";"-";"2010-10-15";"2009-02-13"
"40302466";"tuss-22";"Tálio, pesquisa e/ou dosagem";"-";"2010-10-15";"2009-02-13"
"30721202";"tuss-22";"Luxação do carpo - redução incruenta";"-";"2010-10-15";"2009-02-13"
"40302458";"tuss-22";"Tacrolimus - pesquisa e/ou dosagem";"-";"2010-10-15";"2009-02-13"
"30721199";"tuss-22";"Fraturas e/ou luxações do punho - tratamento cirúrgico";"-";"2010-10-15";"2009-02-13"
"40302440";"tuss-22";"Sulfonamidas livre e acetilada (% de acetilação) - pesquisa e/ou dosagem";"-";"2010-10-15";"2009-02-13"
"30721180";"tuss-22";"Fraturas e/ou luxações do punho - redução incruenta";"-";"2010-10-15";"2009-02-13"
"40302431";"tuss-22";"Succinil acetona - pesquisa e/ou dosagem";"-";"2010-10-15";"2009-02-13"
"30721172";"tuss-22";"Fraturas do carpo - tratamento conservador";"-";"2010-10-15";"2009-02-13"
"30721164";"tuss-22";"Fraturas - fixador externo ";"-";"2010-10-15";"2009-02-13"
"40302423";"tuss-22";"Sódio - pesquisa e/ou dosagem";"-";"2010-10-15";"2009-02-13"
"30721156";"tuss-22";"Fratura do carpo - redução incruenta";"-";"2010-10-15";"2009-02-13"
"40302415";"tuss-22";"Sacarose, teste de tolerância";"-";"2010-10-15";"2009-02-13"
"30721148";"tuss-22";"Fratura de osso do carpo - redução cirúrgica";"-";"2010-10-15";"2009-02-13"
"40302407";"tuss-22";"Reserva alcalina (bicarbonato) - pesquisa e/ou dosagem";"-";"2010-10-15";"2009-02-13"
"30721130";"tuss-22";"Fratura de punho - tratamento conservador";"-";"2010-10-15";"2009-02-13"
"40302393";"tuss-22";"Quinidina - pesquisa e/ou dosagem";"-";"2010-10-15";"2009-02-13"
"30721121";"tuss-22";"Encurtamento rádio/ulnar";"-";"2010-10-15";"2009-02-13"
"40302385";"tuss-22";"Proteínas totais albumina e globulina - pesquisa e/ou dosagem";"-";"2010-10-15";"2009-02-13"
"30721113";"tuss-22";"Desarticulação do punho - tratamento cirúrgico";"-";"2010-10-15";"2009-02-13"
"40302377";"tuss-22";"Proteínas totais - pesquisa e/ou dosagem";"-";"2010-10-15";"2009-02-13"
"30721105";"tuss-22";"Coto de amputação punho e antebraço - revisão";"-";"2010-10-15";"2009-02-13"
"40302369";"tuss-22";"Proteína ligadora do retinol - pesquisa e/ou dosagem";"-";"2010-10-15";"2009-02-13"
"40302350";"tuss-22";"Propanolol - pesquisa e/ou dosagem";"-";"2010-10-15";"2009-02-13"
"30721091";"tuss-22";"Biópsia cirúrgica de punho";"-";"2010-10-15";"2009-02-13"
"30721083";"tuss-22";"Artrotomia - tratamento cirúrgico - punho";"-";"2010-10-15";"2009-02-13"
"40302342";"tuss-22";"Procainamida - pesquisa e/ou dosagem";"-";"2010-10-15";"2009-02-13"
"30721075";"tuss-22";"Artroplastia para ossos do carpo (com implante) - tratamento cirúrgico";"-";"2010-10-15";"2009-02-13"
"40302334";"tuss-22";"Primidona - pesquisa e/ou dosagem";"-";"2010-10-15";"2009-02-13"
"30721067";"tuss-22";"Artroplastia do punho (com implante) - tratamento cirúrgico";"-";"2010-10-15";"2009-02-13"
"40302326";"tuss-22";"Pré-albumina - pesquisa e/ou dosagem";"-";"2010-10-15";"2009-02-13"
"30721059";"tuss-22";"Artrodese rádio-cárpica ou do punho";"-";"2010-10-15";"2009-02-13"
"40302318";"tuss-22";"Potássio - pesquisa e/ou dosagem";"-";"2010-10-15";"2009-02-13"
"30721040";"tuss-22";"Artrodese - fixador externo";"-";"2010-10-15";"2009-02-13"
"40302300";"tuss-22";"Porfirinas quantitativas (cada) - pesquisa e/ou dosagem";"-";"2010-10-15";"2009-02-13"
"30721032";"tuss-22";"Artrodese entre os ossos do carpo";"-";"2010-10-15";"2009-02-13"
"40302296";"tuss-22";"Piruvato quinase - pesquisa e/ou dosagem";"-";"2010-10-15";"2009-02-13"
"30721024";"tuss-22";"Alongamento do rádio/ulna - tratamento cirúrgico";"-";"2010-10-15";"2009-02-13"
"40302288";"tuss-22";"Oxcarbazepina, pesquisa e/ou dosagem";"-";"2010-10-15";"2009-02-13"
"30721016";"tuss-22";"Agenesia de rádio (centralização da ulna no carpo)";"-";"2010-10-15";"2009-02-13"
"40302270";"tuss-22";"Osmolalidade - pesquisa e/ou dosagem";"-";"2010-10-15";"2009-02-13"
"30720176";"tuss-22";"Tratamento cirúrgico de fraturas com fixador externo - antebraço";"-";"2010-10-15";"2009-02-13"
"40302261";"tuss-22";"Nitrogênio total - pesquisa e/ou dosagem";"-";"2010-10-15";"2009-02-13"
"30720168";"tuss-22";"Sinostose rádio-ulnar - tratamento cirúrgico";"-";"2010-10-15";"2009-02-13"
"40302253";"tuss-22";"Nitrogênio amoniacal - pesquisa e/ou dosagem";"-";"2010-10-15";"2009-02-13"
"30720150";"tuss-22";"Ressecção do processo estilóide do rádio - tratamento cirúrgico";"-";"2010-10-15";"2009-02-13"
"40302245";"tuss-22";"Mioglobina, pesquisa e/ou dosagem";"-";"2010-10-15";"2009-02-13"
"30720141";"tuss-22";"Ressecção da cabeça do rádio e/ ou da extremidade distal ulna - tratamento cirúrgico";"-";"2010-10-15";"2009-02-13"
"40302237";"tuss-22";"Magnésio - pesquisa e/ou dosagem";"-";"2010-10-15";"2009-02-13"
"30720133";"tuss-22";"Pseudartroses e ou osteotomias - tratamento cirúrgico ";"-";"2010-10-15";"2009-02-13"
"40302229";"tuss-22";"Lítio - pesquisa e/ou dosagem";"-";"2010-10-15";"2009-02-13"
"30720125";"tuss-22";"Osteomielite dos ossos do antebraço - tratamento cirúrgico";"-";"2010-10-15";"2009-02-13"
"40302210";"tuss-22";"Lipoproteína (a) - Lp (a) - pesquisa e/ou dosagem";"-";"2010-10-15";"2009-02-13"
"30720117";"tuss-22";"Fratura viciosamente consolidada de antebraço - tratamento cirúrgico";"-";"2010-10-15";"2009-02-13"
"40302202";"tuss-22";"Lipase lipoprotéica - pesquisa e/ou dosagem";"-";"2010-10-15";"2009-02-13"
"30720109";"tuss-22";"Fratura e/ou luxações (incluindo descolamento epifisário) - redução incruenta";"-";"2010-10-15";"2009-02-13"
"40302199";"tuss-22";"Lipase - pesquisa e/ou dosagem";"-";"2010-10-15";"2009-02-13"
"30720095";"tuss-22";"Fratura e/ou luxações (incluindo descolamento epifisário cotovelo-punho) - tratamento cirúrgico ";"-";"2010-10-15";"2009-02-13"
"40302180";"tuss-22";"Lidocaina - pesquisa e/ou dosagem";"-";"2010-10-15";"2009-02-13"
"30720087";"tuss-22";"Fratura do antebraço - tratamento conservador";"-";"2010-10-15";"2009-02-13"
"40302172";"tuss-22";"Leucino aminopeptidase - pesquisa e/ou dosagem";"-";"2010-10-15";"2009-02-13"
"30720079";"tuss-22";"Encurtamento segmentar dos ossos do antebraço com osteossíntese - tratamento cirúrgico";"-";"2010-10-15";"2009-02-13"
"40302164";"tuss-22";"Lactose, teste de tolerância";"-";"2010-10-15";"2009-02-13"
"30720060";"tuss-22";"Correção de deformidade adquirida de antebraço com fixador externo";"-";"2010-10-15";"2009-02-13"
"40302156";"tuss-22";"Isoniazida - pesquisa e/ou dosagem";"-";"2010-10-15";"2009-02-13"
"30720052";"tuss-22";"Contratura isquêmica de Volkmann - tratamento cirúrgico";"-";"2010-10-15";"2009-02-13"
"40302148";"tuss-22";"Isomerase fosfohexose - pesquisa e/ou dosagem";"-";"2010-10-15";"2009-02-13"
"30720044";"tuss-22";"Biópsia cirúrgica do antebraço";"-";"2010-10-15";"2009-02-13"
"40302130";"tuss-22";"Amilase ou alfa-amilase, isoenzimas - pesquisa e/ou dosagem";"-";"2010-10-15";"2009-02-13"
"30720036";"tuss-22";"Amputação ao nível do antebraço - tratamento cirúrgico";"-";"2010-10-15";"2009-02-13"
"40302121";"tuss-22";"Imipramina - desipramina - pesquisa e/ou dosagem";"-";"2010-10-15";"2009-02-13"
"30720028";"tuss-22";"Alongamento dos ossos do antebraço com fixador externo dinâmico - tratamento cirúrgico";"-";"2010-10-15";"2009-02-13"
"40302113";"tuss-22";"Homocisteína - pesquisa e/ou dosagem";"-";"2010-10-15";"2009-02-13"
"30720010";"tuss-22";"Abaixamento miotendinoso no antebraço";"-";"2010-10-15";"2009-02-13"
"40302105";"tuss-22";"Hidroxiprolina - pesquisa e/ou dosagem";"-";"2010-10-15";"2009-02-13"
"40302091";"tuss-22";"Hexosaminidase A - pesquisa e/ou dosagem";"-";"2010-10-15";"2009-02-13"
"30719135";"tuss-22";"Artrodiastase - tratamento cirúrgico com fixador externo";"-";"2010-10-15";"2009-02-13"
"40302083";"tuss-22";"Hemoglobina plasmática livre - pesquisa e/ou dosagem";"-";"2010-10-15";"2009-02-13"
"30719127";"tuss-22";"Tendinites, sinovites e artrites - tratamento cirúrgico ";"-";"2010-10-15";"2009-02-13"
"40302075";"tuss-22";"Hemoglobina glicada (A1 total) - pesquisa e/ou dosagem";"-";"2010-10-15";"2009-02-13"
"30719119";"tuss-22";"Lesões ligamentares - redução incruenta ";"-";"2010-10-15";"2009-02-13"
"40302067";"tuss-22";"Haptoglobina - pesquisa e/ou dosagem";"-";"2010-10-15";"2009-02-13"
"30719100";"tuss-22";"Fraturas e ou luxações - tratamento cirúrgico";"-";"2010-10-15";"2009-02-13"
"40302059";"tuss-22";"Glicose-6-fosfato deidrogenase (G6FD) - pesquisa e/ou dosagem";"-";"2010-10-15";"2009-02-13"
"30719097";"tuss-22";"Fraturas e ou luxações - redução incruenta ";"-";"2010-10-15";"2009-02-13"
"40302040";"tuss-22";"Glicose - pesquisa e/ou dosagem";"-";"2010-10-15";"2009-02-13"
"30719089";"tuss-22";"Fraturas / pseudartroses / artroses / com fixador externo dinâmico - tratamento cirúrgico";"-";"2010-10-15";"2009-02-13"
"40302032";"tuss-22";"Glicemia após sobrecarga com dextrosol ou glicose - pesquisa e/ou dosagem";"-";"2010-10-15";"2009-02-13"
"30719070";"tuss-22";"Fratura de cotovelo - tratamento conservador";"-";"2010-10-15";"2009-02-13"
"40302024";"tuss-22";"Gasometria + Hb + Ht + Na +  K + Cl + Ca + glicose + lactato (quando efetuado no gasômetro) - pesquisa e/ou dosagem";"-";"2010-10-15";"2009-02-13"
"30719062";"tuss-22";"Desarticulação ao nível do cotovelo - tratamento cirúrgico";"-";"2010-10-15";"2009-02-13"
"40302016";"tuss-22";"Gasometria (pH, pCO2, SA, O2, excesso base) - pesquisa e/ou dosagem";"-";"2010-10-15";"2009-02-13"
"30719054";"tuss-22";"Biópsia cirúrgica de cotovelo";"-";"2010-10-15";"2009-02-13"
"40301990";"tuss-22";"Gama-glutamil transferase - pesquisa e/ou dosagem";"-";"2010-10-15";"2009-02-13"
"30719046";"tuss-22";"Artrotomia de cotovelo - tratamento cirúrgico";"-";"2010-10-15";"2009-02-13"
"40301982";"tuss-22";"Galactose 1-fosfatouridil transferase, pesquisa e/ou dosagem";"-";"2010-10-15";"2009-02-13"
"30719038";"tuss-22";"Artroplastias sem implante - tratamento cirúrgico ";"-";"2010-10-15";"2009-02-13"
"40301974";"tuss-22";"Galactose - pesquisa e/ou dosagem";"-";"2010-10-15";"2009-02-13"
"30719020";"tuss-22";"Artroplastia com implante - tratamento cirúrgico ";"-";"2010-10-15";"2009-02-13"
"40301966";"tuss-22";"Frutose - pesquisa e/ou dosagem";"-";"2010-10-15";"2009-02-13"
"30719011";"tuss-22";"Artrodese - tratamento cirúrgico ";"-";"2010-10-15";"2009-02-13"
"40301958";"tuss-22";"Frutosaminas (proteínas glicosiladas) - pesquisa e/ou dosagem";"-";"2010-10-15";"2009-02-13"
"30718104";"tuss-22";"Osteomielite de úmero - tratamento incruento";"-";"2010-10-15";"2009-02-13"
"40301940";"tuss-22";"Fósforo, prova de reabsorção tubular";"-";"2010-10-15";"2009-02-13"
"30718090";"tuss-22";"Pseudartroses, osteotomias, alongamentos/encurtamentos - tratamento cirúrgico ";"-";"2010-10-15";"2009-02-13"
"40301931";"tuss-22";"Fósforo - pesquisa e/ou dosagem";"-";"2010-10-15";"2009-02-13"
"30718082";"tuss-22";"Osteomielite de úmero - tratamento cirúrgico";"-";"2010-10-15";"2009-02-13"
"40301923";"tuss-22";"Fosfolipídios - pesquisa e/ou dosagem";"-";"2010-10-15";"2009-02-13"
"30718074";"tuss-22";"Fraturas e pseudartroses - fixador externo - tratamento cirúrgico ";"-";"2010-10-15";"2009-02-13"
"40301915";"tuss-22";"Fosfatase alcalina termo-estável - pesquisa e/ou dosagem";"-";"2010-10-15";"2009-02-13"
"30718066";"tuss-22";"Fratura de úmero - tratamento conservador";"-";"2010-10-15";"2009-02-13"
"40301907";"tuss-22";"Fosfatase alcalina fração óssea - Elisa - pesquisa e/ou dosagem";"-";"2010-10-15";"2009-02-13"
"30718058";"tuss-22";"Fratura (incluindo descolamento epifisário) - tratamento cirúrgico";"-";"2010-10-15";"2009-02-13"
"40301893";"tuss-22";"Fosfatase alcalina com fracionamento de isoenzimas - pesquisa e/ou dosagem";"-";"2010-10-15";"2009-02-13"
"30718040";"tuss-22";"Fratura (incluindo descolamento epifisário) - redução incruenta";"-";"2010-10-15";"2009-02-13"
"40301885";"tuss-22";"Fosfatase alcalina - pesquisa e/ou dosagem";"-";"2010-10-15";"2009-02-13"
"30718031";"tuss-22";"Fixador externo dinâmico com ou sem alongamento - tratamento cirúrgico";"-";"2010-10-15";"2009-02-13"
"40301877";"tuss-22";"Fosfatase ácida total - pesquisa e/ou dosagem";"-";"2010-10-15";"2009-02-13"
"30718023";"tuss-22";"Biópsia cirúrgica do úmero";"-";"2010-10-15";"2009-02-13"
"40301869";"tuss-22";"Fosfatase ácida fração prostática - pesquisa e/ou dosagem";"-";"2010-10-15";"2009-02-13"
"30718015";"tuss-22";"Amputação ao nível do braço - tratamento cirúrgico";"-";"2010-10-15";"2009-02-13"
"40301850";"tuss-22";"Formaldeído - pesquisa e/ou dosagem";"-";"2010-10-15";"2009-02-13"
"40301842";"tuss-22";"Ferro sérico - pesquisa e/ou dosagem";"-";"2010-10-15";"2009-02-13"
"30717175";"tuss-22";"Fratura de clavícula ou escápula - tratamento conservador";"-";"2010-10-15";"2009-02-13"
"40301834";"tuss-22";"Fenobarbital - pesquisa e/ou dosagem";"-";"2010-10-15";"2009-02-13"
"30717167";"tuss-22";"Transferências musculares ao nível do ombro - tratamento cirúrgico";"-";"2010-10-15";"2009-02-13"
"30717159";"tuss-22";"Revisão cirúrgica de prótese de ombro";"-";"2010-10-15";"2009-02-13"
"40301826";"tuss-22";"Fenitoína - pesquisa e/ou dosagem";"-";"2010-10-15";"2009-02-13"
"30717140";"tuss-22";"Ressecção parcial ou total de clavícula - tratamento cirúrgico";"-";"2010-10-15";"2009-02-13"
"40301818";"tuss-22";"Fenilalanina, pesquisa e/ou dosagem";"-";"2010-10-15";"2009-02-13"
"40301800";"tuss-22";"Etossuximida - pesquisa e/ou dosagem";"-";"2010-10-15";"2009-02-13"
"30717132";"tuss-22";"Pseudartroses e/ou osteotomias da cintura escapular - tratamento cirúrgico";"-";"2010-10-15";"2009-02-13"
"40301796";"tuss-22";"Enolase - pesquisa e/ou dosagem";"-";"2010-10-15";"2009-02-13"
"30717124";"tuss-22";"Osteomielite ao nível da cintura escapular - tratamento cirúrgico";"-";"2010-10-15";"2009-02-13"
"40301788";"tuss-22";"Eletroforese de lipoproteínas";"-";"2010-10-15";"2009-02-13"
"30717116";"tuss-22";"Luxações crônicas inveteradas e recidivantes - tratamento cirúrgico - em articulação escápulo-umeral e cintura escapular";"-";"2010-10-15";"2009-02-13"
"30717108";"tuss-22";"Fraturas e/ou luxações e/ou avulsões - tratamento cirúrgico - em articulação escápulo-umeral e cintura escapular";"-";"2010-10-15";"2009-02-13"
"40301770";"tuss-22";"Eletroforese de glicoproteínas";"-";"2010-10-15";"2009-02-13"
"30717094";"tuss-22";"Fraturas e/ou luxações e/ou avulsões - redução incruenta - em articulação escápulo-umeral e cintura escapular";"-";"2010-10-15";"2009-02-13"
"40301761";"tuss-22";"Eletroferese de proteínas";"-";"2010-10-15";"2009-02-13"
"30717086";"tuss-22";"Fratura de cintura escapular - tratamento conservador";"-";"2010-10-15";"2009-02-13"
"40301753";"tuss-22";"Digitoxina ou digoxina - pesquisa e/ou dosagem";"-";"2010-10-15";"2009-02-13"
"30717078";"tuss-22";"Escápula em ressalto - tratamento cirúrgico";"-";"2010-10-15";"2009-02-13"
"40301745";"tuss-22";"Benzodiazepínicos e similares (cada) - pesquisa e/ou dosagem";"-";"2010-10-15";"2009-02-13"
"30717060";"tuss-22";"Desarticulação ao nível do ombro - tratamento cirúrgico";"-";"2010-10-15";"2009-02-13"
"40301737";"tuss-22";"Desidrogenase láctica - isoenzimas fracionadas - pesquisa e/ou dosagem";"-";"2010-10-15";"2009-02-13"
"30717051";"tuss-22";"Deformidade (doença) Sprengel - tratamento cirúrgico";"-";"2010-10-15";"2009-02-13"
"40301729";"tuss-22";"Desidrogenase láctica - pesquisa e/ou dosagem";"-";"2010-10-15";"2009-02-13"
"30717043";"tuss-22";"Biópsia cirúrgica da cintura escapular";"-";"2010-10-15";"2009-02-13"
"40301710";"tuss-22";"Desidrogenase isocítrica - pesquisa e/ou dosagem";"-";"2010-10-15";"2009-02-13"
"30717035";"tuss-22";"Artrotomia glenoumeral - tratamento cirúrgico";"-";"2010-10-15";"2009-02-13"
"40301702";"tuss-22";"Desidrogenase glutâmica - pesquisa e/ou dosagem";"-";"2010-10-15";"2009-02-13"
"30717027";"tuss-22";"Artroplastia escápulo umeral com implante - tratamento cirúrgico";"-";"2010-10-15";"2009-02-13"
"40301699";"tuss-22";"Desidrogenase alfa-hidroxibutírica - pesquisa e/ou dosagem";"-";"2010-10-15";"2009-02-13"
"40301680";"tuss-22";"Curva glicêmica (4 dosagens) via oral ou endovenosa";"-";"2010-10-15";"2009-02-13"
"30717019";"tuss-22";"Artrodese ao nível do ombro - tratamento cirúrgico";"-";"2010-10-15";"2009-02-13"
"30715598";"tuss-22";"Artroplastia discal de coluna vertebral";"-";"2021-06-30";"2021-04-01"
"40301672";"tuss-22";"Cromatografia de aminoácidos (perfil qualitatitivo) - pesquisa e/ou dosagem";"-";"2010-10-15";"2009-02-13"
"30715423";"tuss-22";"Radiculotomia";"-";"2010-10-15";"2009-02-13"
"40301664";"tuss-22";"Creatino fosfoquinase - fração MB - atividade - pesquisa e/ou dosagem";"-";"2010-10-15";"2009-02-13"
"40301656";"tuss-22";"Creatino fosfoquinase - fração MB - massa - pesquisa e/ou dosagem";"-";"2010-10-15";"2009-02-13"
"30715407";"tuss-22";"Fratura de coluna com gesso - tratamento conservador";"-";"2010-10-15";"2009-02-13"
"30715393";"tuss-22";"Hérnia de disco cervical - tratamento cirúrgico";"-";"2010-10-15";"2009-02-13"
"40301648";"tuss-22";"Creatino fosfoquinase total (CK) - pesquisa e/ou dosagem";"-";"2010-10-15";"2009-02-13"
"30715385";"tuss-22";"Tumor ósseo vertebral - ressecção com substituição com ou sem instrumentação - tratamento cirúrgico";"-";"2010-10-15";"2009-02-13"
"40301630";"tuss-22";"Creatinina - pesquisa e/ou dosagem";"-";"2010-10-15";"2009-02-13"
"40301621";"tuss-22";"Creatina - pesquisa e/ou dosagem";"-";"2010-10-15";"2009-02-13"
"30715377";"tuss-22";"Tratamento pré-natal dos disrafismos espinhais";"-";"2010-10-15";"2009-02-13"
"40301613";"tuss-22";"Cotinina - pesquisa e/ou dosagem";"-";"2010-10-15";"2009-02-13"
"30715369";"tuss-22";"Tratamento microcirúrgico do canal vertebral estreito por segmento";"-";"2010-10-15";"2009-02-13"
"40301605";"tuss-22";"Colesterol total - pesquisa e/ou dosagem";"-";"2010-10-15";"2009-02-13"
"30715350";"tuss-22";"Tratamento microcirúrgico das lesões intramedulares (tumor, malformações arteriovenosas, siringomielia, parasitoses)";"-";"2010-10-15";"2009-02-13"
"40301591";"tuss-22";"Colesterol (LDL) - pesquisa e/ou dosagem";"-";"2010-10-15";"2009-02-13"
"30715342";"tuss-22";"Tratamento conservador do traumatismo raquimedular (por dia)";"-";"2010-10-15";"2009-02-13"
"40301583";"tuss-22";"Colesterol (HDL) - pesquisa e/ou dosagem";"-";"2010-10-15";"2009-02-13"
"30715334";"tuss-22";"Tratamento cirúrgico do disrafismo espinhal";"-";"2010-10-15";"2009-02-13"
"40301575";"tuss-22";"Cocaína, pesquisa e/ou dosagem";"-";"2010-10-15";"2009-02-13"
"30715326";"tuss-22";"Tratamento cirúrgico das malformações craniovertebrais";"-";"2010-10-15";"2009-02-13"
"40301567";"tuss-22";"Cobre - pesquisa e/ou dosagem";"-";"2010-10-15";"2009-02-13"
"30715318";"tuss-22";"Tratamento cirúrgico da lesão traumática raquimedular";"-";"2010-10-15";"2009-02-13"
"40301559";"tuss-22";"Cloro - pesquisa e/ou dosagem";"-";"2010-10-15";"2009-02-13"
"30715300";"tuss-22";"Tratamento cirúrgico da cifose infantil";"-";"2010-10-15";"2009-02-13"
"40301540";"tuss-22";"Clomipramina - pesquisa e/ou dosagem";"-";"2010-10-15";"2009-02-13"
"30715296";"tuss-22";"Tração cervical transesquelética";"-";"2010-10-15";"2009-02-13"
"40301532";"tuss-22";"Clearance osmolar";"-";"2010-10-15";"2009-02-13"
"30715288";"tuss-22";"Substituição de corpo vertebral";"-";"2010-10-15";"2009-02-13"
"30715270";"tuss-22";"Retirada de material de síntese - tratamento cirúrgico ";"-";"2010-10-15";"2009-02-13"
"40301524";"tuss-22";"Clearance de uréia";"-";"2010-10-15";"2009-02-13"
"30715261";"tuss-22";"Retirada de corpo estranho - tratamento cirúrgico ";"-";"2010-10-15";"2009-02-13"
"40301516";"tuss-22";"Clearance de fosfato";"-";"2010-10-15";"2009-02-13"
"40301508";"tuss-22";"Clearance de creatinina";"-";"2010-10-15";"2009-02-13"
"30715253";"tuss-22";"Punção liquórica";"-";"2010-10-15";"2009-02-13"
"30715245";"tuss-22";"Pseudartrose de coluna - tratamento cirúrgico";"-";"2010-10-15";"2009-02-13"
"40301494";"tuss-22";"Clearance de ácido úrico";"-";"2010-10-15";"2009-02-13"
"30715237";"tuss-22";"Outras afecções da coluna - tratamento incruento";"-";"2010-10-15";"2009-02-13"
"40301486";"tuss-22";"Ciclosporina, methotrexate - cada - pesquisa e/ou dosagem";"-";"2010-10-15";"2009-02-13"
"30715229";"tuss-22";"Osteotomia de coluna vertebral - tratamento cirúrgico";"-";"2010-10-15";"2009-02-13"
"40301478";"tuss-22";"Ceruloplasmina - pesquisa e/ou dosagem";"-";"2010-10-15";"2009-02-13"
"30715210";"tuss-22";"Osteomielite de coluna - tratamento cirúrgico";"-";"2010-10-15";"2009-02-13"
"40301460";"tuss-22";"Caroteno - pesquisa e/ou dosagem";"-";"2010-10-15";"2009-02-13"
"30715202";"tuss-22";"Microcirurgia para tumores extra-intradurais";"-";"2010-10-15";"2010-09-09"
"40301451";"tuss-22";"Carnitina total e frações - pesquisa e/ou dosagem";"-";"2010-10-15";"2009-02-13"
"30715199";"tuss-22";"Laminectomia ou laminotomia";"-";"2010-10-15";"2009-02-13"
"40301443";"tuss-22";"Carnitina livre - pesquisa e/ou dosagem";"-";"2010-10-15";"2009-02-13"
"30715180";"tuss-22";"Hérnia de disco tóraco-lombar - tratamento cirúrgico";"-";"2010-10-15";"2009-02-13"
"40301435";"tuss-22";"Carbamazepina - pesquisa e/ou dosagem";"-";"2010-10-15";"2009-02-13"
"30715172";"tuss-22";"Hemivértebra - ressecção via anterior ou posterior - tratamento cirúrgico";"-";"2010-10-15";"2009-02-13"
"40301427";"tuss-22";"Capacidade de fixação de ferro - pesquisa e/ou dosagem";"-";"2010-10-15";"2009-02-13"
"30715164";"tuss-22";"Fraturas ou fratura-luxação de coluna - tratamento cirúrgico";"-";"2010-10-15";"2009-02-13"
"40301419";"tuss-22";"Cálcio iônico - pesquisa e/ou dosagem";"-";"2010-10-15";"2009-02-13"
"30715156";"tuss-22";"Fratura e/ou luxação de coluna vertebral - redução incruenta";"-";"2010-10-15";"2009-02-13"
"40301400";"tuss-22";"Cálcio - pesquisa e/ou dosagem";"-";"2010-10-15";"2009-02-13"
"30715148";"tuss-22";"Fratura do cóccix - tratamento cirúrgico";"-";"2010-10-15";"2009-02-13"
"40301397";"tuss-22";"Bilirrubinas (direta, indireta e total) - pesquisa e/ou dosagem";"-";"2010-10-15";"2009-02-13"
"30715130";"tuss-22";"Fratura do cóccix - redução incruenta";"-";"2010-10-15";"2009-02-13"
"40301389";"tuss-22";"Beta-glicuronidase - pesquisa e/ou dosagem";"-";"2010-10-15";"2009-02-13"
"30715121";"tuss-22";"Fratura de coluna sem gesso - tratamento conservador";"-";"2010-10-15";"2009-02-13"
"40301370";"tuss-22";"Barbitúricos, antidepressivos tricíclicos (cada) - pesquisa e/ou dosagem";"-";"2010-10-15";"2009-02-13"
"30715113";"tuss-22";"Espondilolistese - tratamento cirúrgico";"-";"2010-10-15";"2009-02-13"
"40301362";"tuss-22";"Apolipoproteína B (Apo B) - pesquisa e/ou dosagem";"-";"2010-10-15";"2009-02-13"
"30715105";"tuss-22";"Dorso curvo / escoliose / giba costal - tratamento cirúrgico";"-";"2010-10-15";"2009-02-13"
"40301354";"tuss-22";"Apolipoproteína A (Apo A) - pesquisa e/ou dosagem";"-";"2010-10-15";"2009-02-13"
"30715091";"tuss-22";"Descompressão medular e/ou cauda equina";"-";"2010-10-15";"2009-02-13"
"30715083";"tuss-22";"Derivação lombar externa";"-";"2010-10-15";"2009-02-13"
"40301346";"tuss-22";"Antibióticos, pesquisa e/ou dosagem no soro, cada";"-";"2010-10-15";"2009-02-13"
"30715075";"tuss-22";"Costela cervical - tratamento cirúrgico";"-";"2010-10-15";"2009-02-13"
"40301338";"tuss-22";"Anfetaminas, pesquisa e/ou dosagem";"-";"2010-10-15";"2009-02-13"
"30715067";"tuss-22";"Cordotomia - mielotomia";"-";"2010-10-15";"2009-02-13"
"40301320";"tuss-22";"Amônia - pesquisa e/ou dosagem";"-";"2010-10-15";"2009-02-13"
"30715059";"tuss-22";"Cirurgia de coluna por via endoscópica";"-";"2010-10-15";"2009-02-13"
"40301311";"tuss-22";"Amitriptilina, nortriptilina (cada) - pesquisa e/ou dosagem";"-";"2010-10-15";"2009-02-13"
"30715040";"tuss-22";"Biópsia de corpo vertebral com agulha";"-";"2010-10-15";"2009-02-13"
"40301303";"tuss-22";"Amiodarona - pesquisa e/ou dosagem";"-";"2010-10-15";"2009-02-13"
"30715032";"tuss-22";"Biópsia da coluna";"-";"2010-10-15";"2009-02-13"
"40301290";"tuss-22";"Aminoácidos, fracionamento e quantificação";"-";"2010-10-15";"2009-02-13"
"30715024";"tuss-22";"Artrodese de coluna via anterior ou póstero lateral - tratamento cirúrgico";"-";"2010-10-15";"2009-02-13"
"40301281";"tuss-22";"Amilase - pesquisa e/ou dosagem";"-";"2010-10-15";"2009-02-13"
"30715016";"tuss-22";"Artrodese da coluna com instrumentação por segmento";"-";"2010-10-15";"2009-02-13"
"40301273";"tuss-22";"Alumínio, pesquisa e/ou dosagem no soro";"-";"2010-10-15";"2009-02-13"
"30714036";"tuss-22";"Corpo estranho intramuscular - tratamento cirúrgico";"-";"2010-10-15";"2009-02-13"
"40301265";"tuss-22";"Alfa-2-macroglobulina - pesquisa e/ou dosagem";"-";"2010-10-15";"2009-02-13"
"30714028";"tuss-22";"Corpo estranho intra-ósseo - tratamento cirúrgico";"-";"2010-10-15";"2009-02-13"
"40301257";"tuss-22";"Alfa-1-glicoproteína ácida - pesquisa e/ou dosagem";"-";"2010-10-15";"2009-02-13"
"30714010";"tuss-22";"Corpo estranho intra-articular - tratamento cirúrgico";"-";"2010-10-15";"2009-02-13"
"40301249";"tuss-22";"Alfa-1-antitripsina, pesquisa e/ou dosagem no soro";"-";"2010-10-15";"2009-02-13"
"30713153";"tuss-22";"Artroscopia para diagnóstico com ou sem biópsia sinovial";"-";"2010-10-15";"2009-02-13"
"40301230";"tuss-22";"Aldolase - pesquisa e/ou dosagem";"-";"2010-10-15";"2009-02-13"
"30713145";"tuss-22";"Punção extra-articular diagnóstica ou terapêutica (infiltração/agulhamento seco) - orientada ou não por método de imagem";"-";"2010-10-15";"2009-02-13"
"40301222";"tuss-22";"Albumina - pesquisa e/ou dosagem";"-";"2010-10-15";"2009-02-13"
"30713137";"tuss-22";"Punção articular diagnóstica ou terapêutica (infiltração) - orientada ou não por método de imagem";"-";"2010-10-15";"2009-02-13"
"40301214";"tuss-22";"Acilcarnitinas (perfil quantitativo)";"-";"2010-10-15";"2009-02-13"
"30713072";"tuss-22";"Retirada de enxerto ósseo";"-";"2010-10-15";"2009-02-13"
"40301206";"tuss-22";"Acilcarnitinas (perfil qualitativo)";"-";"2010-10-15";"2009-02-13"
"30713064";"tuss-22";"Manipulação articular sob anestesia geral";"-";"2010-10-15";"2009-02-13"
"40301192";"tuss-22";"Ácidos orgânicos (perfil quantitativo)";"-";"2010-10-15";"2009-02-13"
"30713048";"tuss-22";"Enxertos em outras pseudartroses";"-";"2010-10-15";"2009-02-13"
"40301184";"tuss-22";"Ácidos graxos livres - pesquisa e/ou dosagem";"-";"2010-10-15";"2009-02-13"
"30713030";"tuss-22";"Biópsias percutânea sinovial ou de tecidos moles";"-";"2010-10-15";"2009-02-13"
"40301176";"tuss-22";"Ácidos biliares - pesquisa e/ou dosagem";"-";"2010-10-15";"2009-02-13"
"30713021";"tuss-22";"Biópsia óssea";"-";"2010-10-15";"2009-02-13"
"40301168";"tuss-22";"Ácido valpróico - pesquisa e/ou dosagem";"-";"2010-10-15";"2009-02-13"
"30712149";"tuss-22";"Tóraco-braquial";"-";"2010-10-15";"2009-02-13"
"40301150";"tuss-22";"Ácido úrico - pesquisa e/ou dosagem";"-";"2010-10-15";"2009-02-13"
"30712130";"tuss-22";"Tipo Velpeau";"-";"2010-10-15";"2009-02-13"
"40301141";"tuss-22";"Ácido siálico - pesquisa e/ou dosagem";"-";"2010-10-15";"2009-02-13"
"30712122";"tuss-22";"Spica-gessada ";"-";"2010-10-15";"2009-02-13"
"40301133";"tuss-22";"Ácido pirúvico - pesquisa e/ou dosagem";"-";"2010-10-15";"2009-02-13"
"30712114";"tuss-22";"Pelvipodálico";"-";"2010-10-15";"2009-02-13"
"40301125";"tuss-22";"Ácido oxálico - pesquisa e/ou dosagem";"-";"2010-10-15";"2009-02-13"
"30712106";"tuss-22";"Minerva ou Risser para escoliose";"-";"2010-10-15";"2009-02-13"
"40301117";"tuss-22";"Ácido orótico - pesquisa e/ou dosagem";"-";"2010-10-15";"2009-02-13"
"30712092";"tuss-22";"Luva";"-";"2010-10-15";"2009-02-13"
"40301109";"tuss-22";"Ácido láctico (lactato) - pesquisa e/ou dosagem";"-";"2010-10-15";"2009-02-13"
"30712084";"tuss-22";"Inguino-maleolar";"-";"2010-10-15";"2009-02-13"
"40301095";"tuss-22";"Ácido glioxílico - pesquisa e/ou dosagem";"-";"2010-10-15";"2009-02-13"
"30712076";"tuss-22";"Halo-gesso";"-";"2010-10-15";"2009-02-13"
"40301087";"tuss-22";"Ácido fólico, pesquisa e/ou dosagem nos eritrócitos";"-";"2010-10-15";"2009-02-13"
"30712068";"tuss-22";"Dupla abdução ou Ducroquet";"-";"2010-10-15";"2009-02-13"
"40301079";"tuss-22";"Ácido beta hidroxi butírico - pesquisa e/ou dosagem";"-";"2010-10-15";"2009-02-13"
"30712050";"tuss-22";"Cruro-podálico";"-";"2010-10-15";"2009-02-13"
"40301060";"tuss-22";"Ácido ascórbico (vitamina C) - pesquisa e/ou dosagem";"-";"2010-10-15";"2009-02-13"
"30712041";"tuss-22";"Colete";"-";"2010-10-15";"2009-02-13"
"40301052";"tuss-22";"Acetona, pesquisa e/ou dosagem no soro";"-";"2010-10-15";"2009-02-13"
"30712033";"tuss-22";"Colar";"-";"2010-10-15";"2009-02-13"
"40301044";"tuss-22";"Acetilcolinesterase, em eritrócitos - pesquisa e/ou dosagem";"-";"2010-10-15";"2009-02-13"
"30712025";"tuss-22";"Bota com ou sem salto";"-";"2010-10-15";"2009-02-13"
"40301036";"tuss-22";"Acetaminofen - pesquisa e/ou dosagem";"-";"2010-10-15";"2009-02-13"
"30712017";"tuss-22";"Áxilo-palmar ou pendente";"-";"2010-10-15";"2009-02-13"
"40301028";"tuss-22";"5-nucleotidase - pesquisa e/ou dosagem";"-";"2010-10-15";"2009-02-13"
"30711037";"tuss-22";"Imobilização de membro superior ";"-";"2010-10-15";"2009-02-13"
"40301010";"tuss-22";"3-metil histidina, pesquisa e/ou dosagem no soro";"-";"2010-10-15";"2009-02-13"
"30711029";"tuss-22";"Imobilização de membro inferior ";"-";"2010-10-15";"2009-02-13"
"40202836";"tuss-22";"Retirada endoscópica de balão intragástrico";"-";"2021-10-31";"2021-08-01"
"30711010";"tuss-22";"Imobilizações não-gessadas (qualquer segmento)";"-";"2010-10-15";"2009-02-13"
"40202828";"tuss-22";"Calibração endoscópica de balão de longa permanência";"-";"2021-10-31";"2021-08-01"
"30710065";"tuss-22";"Retirada de prótese de substituição (grandes e médias articulações)";"-";"2014-08-31";"2012-10-10"
"40202810";"tuss-22";"Colocação endoscópica de balão intragástrico de longa permanência (9 - 12 meses)";"-";"2021-10-31";"2021-08-01"
"30710057";"tuss-22";"Retirada de fixadores externos ";"-";"2010-10-15";"2009-02-13"
"40202801";"tuss-22";"Colocação endoscópica de balão intragástrico de curta permanência (6 meses)";"-";"2021-10-31";"2025-02-01"
"30710049";"tuss-22";"Retirada de próteses de substituição de pequenas articulações ";"-";"2010-10-15";"2009-02-13"
"40202798";"tuss-22";"Ecobroncoscopia com punção aspirativa com agulha fina";"-";"2021-10-31";"2021-08-01"
"30710030";"tuss-22";"Retirada de placas ";"-";"2010-10-15";"2009-02-13"
"40202780";"tuss-22";"Biópsia endoscópica por órgão";"-";"2021-10-31";"2021-08-01"
"30710022";"tuss-22";"Retirada de fios, pinos, parafusos ou hastes metálicas intra-ósseas ";"-";"2010-10-15";"2009-02-13"
"40202771";"tuss-22";"Retirada de balão intragástrico por via endoscópica ";"-";"2014-08-31";"2012-10-10"
"30710014";"tuss-22";"Retirada de fios ou pinos metálicos transósseos ";"-";"2010-10-15";"2009-02-13"
"40202763";"tuss-22";"Laringoscopia/traqueoscopia com laser para exérese de papiloma/tumor";"-";"2010-10-15";"2009-02-13"
"40202755";"tuss-22";"Colonoscopia com tratamento de fístula";"-";"2010-10-15";"2009-02-13"
"30709032";"tuss-22";"Tração transesquelética (por membro)";"-";"2010-10-15";"2009-02-13"
"40202747";"tuss-22";"Endoscopia digestiva alta com cromoscopia e biópsia e/ou citologia";"-";"2010-10-15";"2009-02-13"
"30709024";"tuss-22";"Tração cutânea ";"-";"2010-10-15";"2009-02-13"
"40202739";"tuss-22";"Retossigmoidoscopia rígida com polipectomia";"-";"2010-10-15";"2009-02-13"
"30709016";"tuss-22";"Instalação de halo craniano";"-";"2010-10-15";"2009-02-13"
"40202720";"tuss-22";"Retossigmoidoscopia rígida com biópsia e/ou citologia ";"-";"2010-10-15";"2009-02-13"
"30707064";"tuss-22";"Transplante de dois pododáctilos para a mão";"-";"2010-10-15";"2009-02-13"
"40202712";"tuss-22";"Colonoscopia com mucosectomia ";"-";"2010-10-15";"2009-02-13"
"30707056";"tuss-22";"Transplante do hallux para polegar";"-";"2010-10-15";"2009-02-13"
"40202704";"tuss-22";"Colonoscopia com estenostomia ";"-";"2010-10-15";"2009-02-13"
"30707048";"tuss-22";"Transplante do 2º pododáctilo para o polegar";"-";"2010-10-15";"2009-02-13"
"40202690";"tuss-22";"Retossigmoidoscopia flexível com biópsia e/ou citologia ";"-";"2010-10-15";"2009-02-13"
"30707030";"tuss-22";"Transplante de dedos do pé para a mão";"-";"2010-10-15";"2009-02-13"
"40202682";"tuss-22";"Retossigmoidoscopia flexível com polipectomia ";"-";"2010-10-15";"2009-02-13"
"30707021";"tuss-22";"Transplante de 2º pododáctilo para mão";"-";"2010-10-15";"2009-02-13"
"40202674";"tuss-22";"Colonoscopia com dilatação segmentar ";"-";"2010-10-15";"2009-02-13"
"30707013";"tuss-22";"Transplante articular de metatarsofalângica para a mão";"-";"2010-10-15";"2009-02-13"
"40202666";"tuss-22";"Colonoscopia com biópsia e/ou citologia";"-";"2010-10-15";"2009-02-13"
"30706033";"tuss-22";"Reimplante do membro superior, do nível médio do antebraço até o ombro";"-";"2010-10-15";"2009-02-13"
"40202658";"tuss-22";"Colocação de balão intragástrico por via endoscópica para obesidade mórbida ";"-";"2014-08-31";"2012-10-10"
"30706025";"tuss-22";"Reimplante do membro inferior do pé até o terço médio da perna ";"-";"2010-10-15";"2009-02-13"
"40202640";"tuss-22";"Uretrotomia endoscópica ";"-";"2010-10-15";"2009-02-13"
"30706017";"tuss-22";"Reimplante do membro inferior do nível médio proximal da perna até a coxa";"-";"2010-10-15";"2009-02-13"
"30705100";"tuss-22";"Reimplante de segmentos distais do membro superior, com ressecção segmentar ";"-";"2010-10-15";"2009-02-13"
"40202631";"tuss-22";"Tratamento endoscópico de hemoptise ";"-";"2010-10-15";"2009-02-13"
"30705070";"tuss-22";"Autotransplante de três retalhos, um cutâneo separado, combinado a outros dois retalhos musculares isolados e associados, ligados por um único pedículo vascular";"-";"2010-10-15";"2009-02-13"
"40202623";"tuss-22";"Traqueostomia por punção percutânea";"-";"2010-10-15";"2009-02-13"
"30705061";"tuss-22";"Autotransplante de outros retalhos,  isolados  entre  si, e associados mediante um único pedículo vascular comuns aos retalhos ";"-";"2010-10-15";"2009-02-13"
"40202615";"tuss-22";"Endoscopia digestiva alta com biópsia e teste de urease (pesquisa Helicobacter pylori)";"-";"2010-10-15";"2009-02-13"
"40202607";"tuss-22";"Tamponamento de varizes do esôfago e estômago";"-";"2010-10-15";"2009-02-13"
"30705053";"tuss-22";"Autotransplante de epiplon";"-";"2010-10-15";"2009-02-13"
"40202593";"tuss-22";"Retirada de tumor ou papiloma por broncoscopia";"-";"2010-10-15";"2009-02-13"
"30705045";"tuss-22";"Autotransplante de dois retalhos, um cutâneo combinado a retalho osteomuscular, isolados e associados entre sí, ligados por um único pedículo vascular ";"-";"2010-10-15";"2009-02-13"
"40202585";"tuss-22";"Retirada de corpo estranho no brônquio ou brônquico ";"-";"2010-10-15";"2009-02-13"
"30705037";"tuss-22";"Autotransplante de dois retalhos,  um  cutâneo  combinado a um muscular,  isolados  e associados entre si, ligados por um único pedículo vascular";"-";"2010-10-15";"2009-02-13"
"40202577";"tuss-22";"Retirada de corpo estranho do esôfago, estômago ou duodeno";"-";"2010-10-15";"2009-02-13"
"30705029";"tuss-22";"Autotransplante de dois retalhos cutâneos combinados, isolados e associados entre si, ligados por um único pedículo vascular ";"-";"2010-10-15";"2009-02-13"
"40202569";"tuss-22";"Retirada de corpo estranho do cólon ";"-";"2010-10-15";"2009-02-13"
"30705010";"tuss-22";"Autotransplante de dois retalhos  musculares combinados, isolados e associados entre si, ligados por um único pedículo ";"-";"2010-10-15";"2009-02-13"
"40202550";"tuss-22";"Polipectomia do esôfago, estômago ou duodeno (independente do número de pólipos) ";"-";"2010-10-15";"2009-02-13"
"30704081";"tuss-22";"Transplante ósseo vascularizado (microanastomose)";"-";"2010-10-15";"2009-02-13"
"40202542";"tuss-22";"Polipectomia de cólon (independente do número de pólipos) ";"-";"2010-10-15";"2009-02-13"
"30704073";"tuss-22";"Perônio ou fíbula";"-";"2010-10-15";"2009-02-13"
"40202534";"tuss-22";"Passagem de sonda naso-enteral ";"-";"2010-10-15";"2009-02-13"
"30704065";"tuss-22";"Outros transplantes ósseos e osteomusculocutâneos ";"-";"2010-10-15";"2009-02-13"
"40202526";"tuss-22";"Papilotomia, dilatação e colocação de prótese ou dreno biliar ou pancreático ";"-";"2010-10-15";"2009-02-13"
"30704057";"tuss-22";"Osteomusculocutâneo de costela ";"-";"2010-10-15";"2009-02-13"
"40202518";"tuss-22";"Papilotomia endoscópica (para retirada de cálculos coledocianos ou drenagem biliar) ";"-";"2010-10-15";"2009-02-13"
"30704049";"tuss-22";"Osteocutâneos de costela ";"-";"2010-10-15";"2009-02-13"
"40202500";"tuss-22";"Papilotomia e dilatação biliar ou pancreática";"-";"2010-10-15";"2009-02-13"
"30704030";"tuss-22";"Osteocutâneo de ilíaco";"-";"2010-10-15";"2009-02-13"
"40202496";"tuss-22";"Papilotomia biópsia e/ou citologia biliar e pancreática ";"-";"2010-10-15";"2009-02-13"
"30704022";"tuss-22";"Ilíaco ";"-";"2010-10-15";"2009-02-13"
"40202488";"tuss-22";"Nasofibrolaringoscopia para dignóstico e/ou biópsia ";"-";"2010-10-15";"2009-02-13"
"30704014";"tuss-22";"Costela ";"-";"2010-10-15";"2009-02-13"
"40202470";"tuss-22";"Mucosectomia ";"-";"2010-10-15";"2009-02-13"
"30703182";"tuss-22";"Tensor da fascia lata (tensor fascia lata) - transplantes musculares com microanastomoses vasculares";"-";"2010-10-15";"2009-02-13"
"40202453";"tuss-22";"Ligadura elástica do esôfago, estômago ou duodeno ";"-";"2010-10-15";"2009-02-13"
"30703174";"tuss-22";"Supinador longo (brachioradialis)";"-";"2010-10-15";"2009-02-13"
"40202445";"tuss-22";"Laringoscopia/traqueoscopia para intubação oro ou nasotraqueal";"-";"2010-10-15";"2009-02-13"
"30703166";"tuss-22";"Serrato maior (serratus) - transplantes musculares com microanastomoses vasculares";"-";"2010-10-15";"2009-02-13"
"40202437";"tuss-22";"Laringoscopia/traqueoscopia para diagnóstico e biópsia com aparelho flexível";"-";"2010-10-15";"2009-02-13"
"30703158";"tuss-22";"Semitendinoso (semitendinosus)";"-";"2010-10-15";"2009-02-13"
"40202429";"tuss-22";"Laringoscopia/traqueoscopia para diagnóstico e biópsia (tubo rígido) ";"-";"2010-10-15";"2009-02-13"
"30703140";"tuss-22";"Semimembranoso (semimembranosus) ";"-";"2010-10-15";"2009-02-13"
"40202410";"tuss-22";"Laringoscopia/traqueoscopia com retirada de corpo estranho (tubo rígido)";"-";"2010-10-15";"2009-02-13"
"30703131";"tuss-22";"Sartório (sartorius) ";"-";"2010-10-15";"2009-02-13"
"40202399";"tuss-22";"Laringoscopia/traqueoscopia com exérese de pólipo/nódulo/papiloma ";"-";"2010-10-15";"2009-02-13"
"30703123";"tuss-22";"Reto interno (gracilis) - transplantes musculares com microanastomoses vasculares";"-";"2010-10-15";"2009-02-13"
"40202372";"tuss-22";"Laringoscopia com retirada de corpo estranho de laringe/faringe (tubo flexível) ";"-";"2010-10-15";"2009-02-13"
"30703115";"tuss-22";"Reto anterior (rectus femoris) ";"-";"2010-10-15";"2009-02-13"
"40202364";"tuss-22";"Laringoscopia com microscopia para exérese de pólipo/nódulo/papiloma";"-";"2010-10-15";"2009-02-13"
"30703107";"tuss-22";"Primeiro radial externo (extensor carpi radialis longus) ";"-";"2010-10-15";"2009-02-13"
"40202356";"tuss-22";"Jejunostomia endoscópica ";"-";"2010-10-15";"2009-02-13"
"30703093";"tuss-22";"Outros transplantes musculares";"-";"2010-10-15";"2009-02-13"
"40202348";"tuss-22";"Introdução de prótese no esôfago ";"-";"2010-10-15";"2009-02-13"
"30703085";"tuss-22";"Os músculos latissimus dorsi, gracilis, rectus femoris, tensor fascia lata, flexor digitorum brevis, quando transplantados com sua inervação e praticada a microneurorrafia com finalidade de restaurar função e sensibilidade, serão considerados retalhos neurovasculares livres e terão acréscimo do porte.";"-";"2010-10-15";"2019-03-01"
"40202330";"tuss-22";"Injeção de substância medicamentosa por endoscopia ";"-";"2010-10-15";"2009-02-13"
"30703077";"tuss-22";"Músculo pédio (extensor digitorum brevis) ";"-";"2010-10-15";"2009-02-13"
"40202313";"tuss-22";"Hemostasias de cólon ";"-";"2010-10-15";"2009-02-13"
"30703069";"tuss-22";"Grande peitoral (pectoralis major)";"-";"2010-10-15";"2009-02-13"
"40202305";"tuss-22";"Hemostasia térmica do esôfago, estômago ou duodeno";"-";"2010-10-15";"2024-06-01"
"30703050";"tuss-22";"Grande dorsal (latissimus dorsi) - transplantes musculares com microanastomoses vasculares";"-";"2010-10-15";"2009-02-13"
"40202291";"tuss-22";"Hemostasia mecânica do esôfago, estômago ou duodeno ";"-";"2010-10-15";"2009-02-13"
"30703042";"tuss-22";"Flexor curto plantar (flexor digitorum brevis) ";"-";"2010-10-15";"2009-02-13"
"40202283";"tuss-22";"Gastrostomia endoscópica ";"-";"2010-10-15";"2009-02-13"
"30703034";"tuss-22";"Extensor próprio do dedo gordo (extensor hallucis longus) ";"-";"2010-10-15";"2009-02-13"
"40202267";"tuss-22";"Estenostomia endoscópica ";"-";"2010-10-15";"2009-02-13"
"30703026";"tuss-22";"Extensor comum dos dedos (extensor digitorum longus) ";"-";"2010-10-15";"2009-02-13"
"40202259";"tuss-22";"Esclerose ou hemostasia química de varizes ou outras patologias hemorrágicas de esôfago, estômago ou duodeno";"-";"2010-10-15";"2024-04-01"
"30703018";"tuss-22";"Bíceps femoral (biceps femoris)";"-";"2010-10-15";"2009-02-13"
"40202240";"tuss-22";"Ecoendoscopia com punção por agulha ";"-";"2010-10-15";"2009-02-13"
"30702089";"tuss-22";"Trapézio (trapezius) ";"-";"2010-10-15";"2009-02-13"
"40202232";"tuss-22";"Ecoendoscopia com neurólise de plexo celíaco";"-";"2010-10-15";"2009-02-13"
"30702070";"tuss-22";"Tensor da fascia lata (tensor fascia lata) - transplantes músculo-cutâneos com microanastomoses vasculares";"-";"2010-10-15";"2009-02-13"
"40202224";"tuss-22";"Ecoendoscopia com cistoenterostomia ";"-";"2010-10-15";"2009-02-13"
"30702062";"tuss-22";"Serrato maior (serratus) - transplantes músculo-cutâneos com microanastomoses vasculares";"-";"2010-10-15";"2009-02-13"
"40202216";"tuss-22";"Drenagem cavitária por laparoscopia";"-";"2010-10-15";"2009-02-13"
"30702054";"tuss-22";"Reto interno (gracilis) - transplantes músculo-cutâneos com microanastomoses vasculares";"-";"2010-10-15";"2009-02-13"
"40202208";"tuss-22";"Diverticulotomia - aparelho digestivo ";"-";"2010-10-15";"2009-02-13"
"30702046";"tuss-22";"Reto abdominal (rectus abdominis) ";"-";"2010-10-15";"2009-02-13"
"40202194";"tuss-22";"Dilatação instrumental e injeção de substância medicamentosa por endoscopia";"-";"2010-10-15";"2009-02-13"
"40202186";"tuss-22";"Dilatação instrumental do esôfago, estômago ou duodeno ";"-";"2010-10-15";"2009-02-13"
"30702038";"tuss-22";"Outros transplantes músculo-cutâneos";"-";"2010-10-15";"2009-02-13"
"40202178";"tuss-22";"Dilatação de estenose laringo-traqueo-brônquica ";"-";"2010-10-15";"2009-02-13"
"30702020";"tuss-22";"Grande glúteo (gluteus maximus) ";"-";"2010-10-15";"2009-02-13"
"40202160";"tuss-22";"Desobstrução brônquica por broncoaspiração ";"-";"2010-10-15";"2009-02-13"
"30702011";"tuss-22";"Grande dorsal (latissimus dorsi) - transplantes músculo-cutâneos com microanastomoses vasculares";"-";"2010-10-15";"2009-02-13"
"40202151";"tuss-22";"Desobstrução brônquica com laser ou eletrocautério ";"-";"2010-10-15";"2009-02-13"
"30701210";"tuss-22";"Transplante miocutâneo com microanastomose";"-";"2010-10-15";"2009-02-13"
"40202143";"tuss-22";"Descompressão colônica por colonoscopia ";"-";"2010-10-15";"2009-02-13"
"30701201";"tuss-22";"Transplante cutâneo sem microanastomose, ilha neurovascular ";"-";"2010-10-15";"2009-02-13"
"40202135";"tuss-22";"Colonoscopia com magnificação e tatuagem ";"-";"2010-10-15";"2009-02-13"
"30701198";"tuss-22";"Transplante cutâneo com microanastomose";"-";"2010-10-15";"2009-02-13"
"40202127";"tuss-22";"Colocação de prótese traqueal ou brônquica ";"-";"2010-10-15";"2009-02-13"
"30701180";"tuss-22";"Temporal ";"-";"2010-10-15";"2009-02-13"
"40202119";"tuss-22";"Colocação de prótese coledociana por via endoscópica ";"-";"2010-10-15";"2009-02-13"
"30701171";"tuss-22";"Retroauricular";"-";"2010-10-15";"2009-02-13"
"40202100";"tuss-22";"Colocação de cateter para braquiterapia endobrônquica";"-";"2010-10-15";"2009-02-13"
"30701163";"tuss-22";"Paraescapular";"-";"2010-10-15";"2009-02-13"
"40202097";"tuss-22";"Colocação de cânula sob orientação endoscópica";"-";"2010-10-15";"2009-02-13"
"30701155";"tuss-22";"Outros transplantes cutâneos";"-";"2010-10-15";"2009-02-13"
"40202089";"tuss-22";"Colagem de fístula por via endoscópica";"-";"2010-10-15";"2009-02-13"
"30701147";"tuss-22";"Interdigital da 1ª comissura dos dedos do pé - transplantes cutâneos ";"-";"2010-10-15";"2009-02-13"
"40202070";"tuss-22";"Cistoenterostomia com colocação de prótese ou dreno ";"-";"2010-10-15";"2009-02-13"
"30701139";"tuss-22";"Intercostal - transplantes cutâneos ";"-";"2010-10-15";"2009-02-13"
"40202062";"tuss-22";"Cecostomia ";"-";"2010-10-15";"2009-02-13"
"40202054";"tuss-22";"Broncoscopia com biópsia transbrônquica com acompanhamento radioscópico ";"-";"2010-10-15";"2009-02-13"
"30701120";"tuss-22";"Inguino-cural - transplantes cutâneos ";"-";"2010-10-15";"2009-02-13"
"30701112";"tuss-22";"Fossa poplítea - transplantes cutâneos ";"-";"2010-10-15";"2009-02-13"
"40202046";"tuss-22";"Biópsias por laparoscopia";"-";"2010-10-15";"2009-02-13"
"40202038";"tuss-22";"Endoscopia digestiva alta com biópsia e/ou citologia ";"-";"2010-10-15";"2009-02-13"
"30701104";"tuss-22";"Femoral - transplantes cutâneos ";"-";"2010-10-15";"2009-02-13"
"30701090";"tuss-22";"Escapular - transplantes cutâneos ";"-";"2010-10-15";"2009-02-13"
"40202011";"tuss-22";"Aritenoidectomia microcirúrgica endoscópica";"-";"2010-10-15";"2009-02-13"
"30701082";"tuss-22";"Dorsal do pé - transplantes cutâneos ";"-";"2010-10-15";"2009-02-13"
"40201406";"tuss-22";"Aplicação de plasma de argônio por sigmoidoscopia";"-";"2014-08-31";"2012-10-10"
"40201392";"tuss-22";"Aplicação de plasma de argônio por colonoscopia";"-";"2014-08-31";"2012-10-10"
"30701074";"tuss-22";"Digital do hallux - transplantes cutâneos ";"-";"2010-10-15";"2009-02-13"
"40201384";"tuss-22";"Aplicação de plasma de argônio por broncoscopia";"-";"2014-08-31";"2012-10-10"
"30701066";"tuss-22";"Digitais (da face volar e látero-cubital dos dedos médio e anular da mão) - transplantes cutâneos ";"-";"2010-10-15";"2009-02-13"
"40201376";"tuss-22";"Aplicação de plasma de argônio por endoscopia digestiva alta";"-";"2014-08-31";"2012-10-10"
"30701058";"tuss-22";"Deltopeitoral - transplantes cutâneos ";"-";"2010-10-15";"2009-02-13"
"40201368";"tuss-22";"Broncoscopia com cromoscopia";"-";"2014-08-31";"2012-10-10"
"30701040";"tuss-22";"Couro cabeludo - transplantes cutâneos ";"-";"2010-10-15";"2009-02-13"
"40201350";"tuss-22";"Colonoscopia com cromoscopia";"-";"2014-08-31";"2012-10-10"
"30701031";"tuss-22";"Axilar - transplantes cutâneos ";"-";"2010-10-15";"2009-02-13"
"30701023";"tuss-22";"Antebraço  - transplantes cutâneos ";"-";"2010-10-15";"2009-02-13"
"40201341";"tuss-22";"Enteroscopia do intestino delgado com cápsula endoscópica";"-";"2010-10-15";"2010-09-09"
"40201333";"tuss-22";"Endoscopia digestiva alta com cromoscopia";"-";"2010-10-15";"2009-02-13"
"30701015";"tuss-22";"Abdominal ou hipogástrico - transplantes cutâneos ";"-";"2010-10-15";"2009-02-13"
"40201325";"tuss-22";"Videoquimografia laríngea";"-";"2010-10-15";"2009-02-13"
"40201317";"tuss-22";"Medida de pressão de varizes de esôfago endoscópica";"-";"2010-10-15";"2009-02-13"
"40201309";"tuss-22";"Avaliação endoscópica da deglutição (FEES)";"-";"2010-10-15";"2009-02-13"
"40201287";"tuss-22";"Ureteroscopia rígida unilateral";"-";"2010-10-15";"2009-02-13"
"40201279";"tuss-22";"Ureteroscopia flexível unilateral";"-";"2010-10-15";"2009-02-13"
"40201260";"tuss-22";"Vídeo-faringo-laringoscopia com endoscópio rígido";"-";"2010-10-15";"2009-02-13"
"40201252";"tuss-22";"Vídeo-faringo-laringoscopia com endoscópio flexível";"-";"2010-10-15";"2009-02-13"
"40201244";"tuss-22";"Vídeo-laringo-estroboscopia com endoscópio rígido";"-";"2010-10-15";"2009-02-13"
"40201236";"tuss-22";"Vídeo-laringo-estroboscopia com endoscópio flexível";"-";"2010-10-15";"2009-02-13"
"40201228";"tuss-22";"Vídeo-endoscopia naso-sinusal com ótica rígida";"-";"2010-10-15";"2009-02-13"
"30602467";"tuss-22";"Reconstrução mamária com retalho miocutâneo de grande dorsal ";"-";"2021-10-31";"2021-08-01"
"40201210";"tuss-22";"Vídeo-endoscopia naso-sinusal com ótica flexível";"-";"2010-10-15";"2009-02-13"
"30602459";"tuss-22";"Retirada de prótese de mama - unilateral";"-";"2021-10-31";"2021-08-01"
"40201201";"tuss-22";"Vídeo-endoscopia do esfíncter velo-palatino com ótica rígida";"-";"2010-10-15";"2009-02-13"
"30602440";"tuss-22";"Reposicionamento com complexo aréolo-papilar - unilateral";"-";"2021-10-31";"2021-08-01"
"40201198";"tuss-22";"Vídeo-endoscopia do esfíncter velo-palatino com ótica flexível";"-";"2010-10-15";"2009-02-13"
"30602432";"tuss-22";"Reconstrução mamária com retalho livre microcirúrgico";"-";"2021-10-31";"2021-08-01"
"40201180";"tuss-22";"Retossigmoidoscopia rígida";"-";"2010-10-15";"2009-02-13"
"30602424";"tuss-22";"Papilectomia de mama - unilateral ";"-";"2021-10-31";"2021-08-01"
"40201171";"tuss-22";"Retossigmoidoscopia flexível";"-";"2010-10-15";"2009-02-13"
"30602416";"tuss-22";"Mastectomia preservadora de pele";"-";"2021-10-31";"2021-08-01"
"40201163";"tuss-22";"Laparoscopia";"-";"2010-10-15";"2009-02-13"
"30602408";"tuss-22";"Capsulectomia - ressecção de cápsula da prótese unilateral";"-";"2021-10-31";"2021-08-01"
"40201155";"tuss-22";"Histeroscopia diagnóstica com biópsia";"-";"2010-10-15";"2009-02-13"
"30602394";"tuss-22";"Adenomastectomia com redução de excesso de pele";"-";"2021-10-31";"2021-08-01"
"40201147";"tuss-22";"Enteroscopia (push enteroscopia)";"-";"2010-10-15";"2024-04-01"
"30602386";"tuss-22";"Adenomastectomia / mastectomia preservadora de pele, aréola e papila";"-";"2021-10-31";"2021-08-01"
"40201139";"tuss-22";"Endoscopia digestiva alta com magnificação";"-";"2010-10-15";"2009-02-13"
"30602378";"tuss-22";"Mamoplastia masculina pós-bariátrica";"-";"2021-10-31";"2021-08-01"
"40201120";"tuss-22";"Endoscopia digestiva alta";"-";"2010-10-15";"2009-02-13"
"30602360";"tuss-22";"Mamoplastia feminina (com ou sem uso de implantes mamários) pós-bariátrica";"-";"2021-10-31";"2021-08-01"
"30602351";"tuss-22";"Mamoplastia";"-";"2014-08-31";"2012-10-10"
"40201112";"tuss-22";"Ecoendoscopia baixa";"-";"2010-10-15";"2009-02-13"
"30602343";"tuss-22";"Linfadenectomia por incisão extra-axilar";"-";"2010-10-15";"2010-09-09"
"40201104";"tuss-22";"Ecoendoscopia alta";"-";"2010-10-15";"2009-02-13"
"30602335";"tuss-22";"Biópsia percutânea com agulha grossa, em consultório";"-";"2010-10-15";"2010-09-09"
"40201090";"tuss-22";"Colonoscopia com magnificação";"-";"2010-10-15";"2009-02-13"
"40201082";"tuss-22";"Colonoscopia (inclui a retossigmoidoscopia)";"-";"2010-10-15";"2009-02-13"
"30602327";"tuss-22";"Substituição de prótese - em mama";"-";"2010-10-15";"2022-08-01"
"40201074";"tuss-22";"Colangiopancreatografia retrógrada endoscópica";"-";"2010-10-15";"2009-02-13"
"30602319";"tuss-22";"Retirada da válvula após colocação de expansor permanente - em mama";"-";"2010-10-15";"2022-08-01"
"40201066";"tuss-22";"Cistoscopia e/ou uretroscopia";"-";"2010-10-15";"2009-02-13"
"30602300";"tuss-22";"Ressecção dos ductos principais da mama - unilateral";"-";"2010-10-15";"2009-02-13"
"40201058";"tuss-22";"Broncoscopia com ou sem aspirado ou lavado brônquico bilateral";"-";"2010-10-15";"2009-02-13"
"30602297";"tuss-22";"Ressecção do linfonodo sentinela / torácica medial";"-";"2010-10-15";"2009-02-13"
"40201031";"tuss-22";"Broncoscopia com biópsia transbrônquica";"-";"2010-10-15";"2009-02-13"
"30602289";"tuss-22";"Ressecção do linfonodo sentinela / torácica lateral - em mama";"-";"2010-10-15";"2022-08-01"
"40201023";"tuss-22";"Anuscopia (interna e externa)";"-";"2010-10-15";"2009-02-13"
"30602262";"tuss-22";"Reconstrução da mama com prótese e/ou expansor";"-";"2010-10-15";"2009-02-13"
"30602254";"tuss-22";"Reconstrução parcial da mama pós-quadrantectomia";"-";"2010-10-15";"2009-02-13"
"40201015";"tuss-22";"Amnioscopia";"-";"2010-10-15";"2009-02-13"
"30602246";"tuss-22";"Reconstrução mamária com retalhos cutâneos regionais";"-";"2010-10-15";"2009-02-13"
"40105148";"tuss-22";"Espirometria";"-";"2014-08-31";"2012-10-10"
"30602238";"tuss-22";"Reconstrução mamária com retalho muscular ou miocutâneo - unilateral";"-";"2010-10-15";"2009-02-13"
"40105130";"tuss-22";"Regulação ventilatória - 3) resposta a hipoxia e hipercapnia";"-";"2010-10-15";"2009-02-13"
"30602211";"tuss-22";"Reconstrução da placa aréolo mamilar - unilateral";"-";"2010-10-15";"2009-02-13"
"40105121";"tuss-22";"Regulação ventilatória - 2) determinação da pressão de oclusão";"-";"2010-10-15";"2009-02-13"
"30602203";"tuss-22";"Quadrantectomia - ressecção segmentar - em mama";"-";"2010-10-15";"2022-08-01"
"40105113";"tuss-22";"Regulação ventilatória - 1) medida de ventilação e do padrão ventilatório";"-";"2010-10-15";"2009-02-13"
"30602190";"tuss-22";"Quadrantectomia e linfadenectomia axilar - em mama";"-";"2010-10-15";"2022-08-01"
"40105105";"tuss-22";"Espirografia Simples - capacidade vital lenta";"-";"2010-10-15";"2009-02-13"
"30602181";"tuss-22";"Punção ou biópsia percutânea de agulha fina - por nódulo (máximo de 3 nódulos por mama) ";"-";"2010-10-15";"2009-02-13"
"40105091";"tuss-22";"Resistência das vias aéreas por pletismografia";"-";"2010-10-15";"2009-02-13"
"40105083";"tuss-22";"Resistência das vias aéreas por oscilometria";"-";"2010-10-15";"2009-02-13"
"30602173";"tuss-22";"Mastoplastia em mama oposta após reconstrução da contralateral";"-";"2010-10-15";"2009-02-13"
"40105075";"tuss-22";"Prova de função pulmonar completa (ou espirometria)";"-";"2010-10-15";"2009-02-13"
"30602165";"tuss-22";"Mastectomia subcutânea e inclusão da prótese";"-";"2010-10-15";"2009-02-13"
"40105067";"tuss-22";"Medida seriada por 3 semanas do pico de fluxo expiratório";"-";"2010-10-15";"2009-02-13"
"30602157";"tuss-22";"Mastectomia simples";"-";"2010-10-15";"2009-02-13"
"40105059";"tuss-22";"Medida de pico de fluxo expiratório";"-";"2010-10-15";"2009-02-13"
"30602149";"tuss-22";"Mastectomia radical ou radical modificada - qualquer técnica";"-";"2010-10-15";"2009-02-13"
"40105040";"tuss-22";"Medida da difusão do monóxido de carbono";"-";"2010-10-15";"2009-02-13"
"30602130";"tuss-22";"Linfadenectomia axilar";"-";"2010-10-15";"2009-02-13"
"40105032";"tuss-22";"Determinação dos volumes pulmonares por pletismografia";"-";"2010-10-15";"2009-02-13"
"30602122";"tuss-22";"Correção da hipertrofia mamária - unilateral";"-";"2010-10-15";"2009-02-13"
"40105024";"tuss-22";"Determinação dos volumes pulmonares por diluição de gases";"-";"2010-10-15";"2009-02-13"
"30602114";"tuss-22";"Ginecomastia - unilateral - correção cirúrgica";"-";"2010-10-15";"2022-08-01"
"40105016";"tuss-22";"Determinação das pressões respiratórias máximas";"-";"2010-10-15";"2009-02-13"
"30602106";"tuss-22";"Fistulectomia de mama";"-";"2010-10-15";"2009-02-13"
"40104125";"tuss-22";"Sistema tridimensional de avaliação do movimento que inclui vídeo acoplado à plataforma da força e eletromiografia";"-";"2010-10-15";"2009-02-13"
"30602092";"tuss-22";"Exérese de nódulo - em mama";"-";"2010-10-15";"2022-08-01"
"40104044";"tuss-22";"Ergotonometria músculo-esquelético (tetra, paraparesia e hemiparesia)";"-";"2010-10-15";"2009-02-13"
"30602084";"tuss-22";"Exérese de mama supra-numerária - unilateral";"-";"2010-10-15";"2009-02-13"
"40104036";"tuss-22";"Curva  I/T - medida de latência de nervo periférico";"-";"2010-10-15";"2009-02-13"
"30602076";"tuss-22";"Exérese de lesão da mama por marcação estereotáxica ou roll";"-";"2010-10-15";"2009-02-13"
"40104028";"tuss-22";"Cronaximetria";"-";"2010-10-15";"2009-02-13"
"30602068";"tuss-22";"Drenagem e/ou aspiração de seroma - em mama";"-";"2010-10-15";"2022-08-01"
"40104010";"tuss-22";"Avaliação muscular por dinamometria computadorizada (isocinética) - por articulação";"-";"2010-10-15";"2009-02-13"
"30602050";"tuss-22";"Drenagem de abscesso de mama";"-";"2010-10-15";"2009-02-13"
"40103927";"tuss-22";"Teste de impulso cefálico ou vHIT (Vídeo Head Impulse Teste (Vídeo HT))";"-";"2021-10-31";"2021-08-01"
"30602041";"tuss-22";"Correção de inversão papilar - unilateral ";"-";"2010-10-15";"2009-02-13"
"40103919";"tuss-22";"Vídeoeletroencefalograma contínua invasiva para avaliação de tratamento cirúrgico de epilepsia - a cada 12 horas";"-";"2021-10-31";"2021-08-01"
"30602033";"tuss-22";"Correção cirúrgica da assimetria mamária";"-";"2010-10-15";"2009-02-13"
"40103897";"tuss-22";"Processamento auditivo central (a partir dos 7 anos e adulto)";"-";"2014-08-31";"2012-10-10"
"40103889";"tuss-22";"Processamento auditivo central infantil (de 3 a 7 anos)";"-";"2014-08-31";"2012-10-10"
"30602025";"tuss-22";"Coleta de fluxo papilar de mama";"-";"2010-10-15";"2009-02-13"
"40103870";"tuss-22";"Potencial evocado do nervo trigêmeo";"-";"2014-08-31";"2012-10-10"
"30602017";"tuss-22";"Biópsia incisional de mama";"-";"2010-10-15";"2009-02-13"
"40103862";"tuss-22";"Eletroencefalograma com eletrodos especiais";"-";"2014-08-31";"2012-10-10"
"30601312";"tuss-22";"Osteomielite de costela ou esterno - tratamento conservador";"-";"2010-10-15";"2009-02-13"
"40103854";"tuss-22";"Teste de Fowler";"-";"2010-10-15";"2009-02-13"
"30601304";"tuss-22";"Fratura de costela ou esterno - tratamento conservador";"-";"2010-10-15";"2009-02-13"
"40103846";"tuss-22";"Prova de Stenger";"-";"2010-10-15";"2009-02-13"
"30601290";"tuss-22";"Ressutura de parede torácica";"-";"2010-10-15";"2009-02-13"
"40103838";"tuss-22";"Prova de Doerfler-Stewart";"-";"2010-10-15";"2009-02-13"
"30601282";"tuss-22";"Vídeo para procedimentos sobre a coluna vertebral";"-";"2010-10-15";"2009-02-13"
"30601274";"tuss-22";"Correção de deformidades da parede torácica por vídeo";"-";"2010-10-15";"2009-02-13"
"40103820";"tuss-22";"Pesquisa do nistagmo optocinético";"-";"2010-10-15";"2009-02-13"
"40103811";"tuss-22";"Eletrodiagnóstico";"-";"2010-10-15";"2009-02-13"
"30601266";"tuss-22";"Punção biópsia de costela ou esterno";"-";"2010-10-15";"2009-02-13"
"40103803";"tuss-22";"Avaliação da função auditiva central";"-";"2010-10-15";"2009-02-13"
"30601258";"tuss-22";"Osteomielite de costela ou esterno - tratamento cirúrgico";"-";"2010-10-15";"2009-02-13"
"40103790";"tuss-22";"Audiometrias de altas frequências";"-";"2010-10-15";"2009-02-13"
"30601240";"tuss-22";"Fratura luxação de esterno ou costela - tratamento cirúrgico";"-";"2010-10-15";"2009-02-13"
"40103781";"tuss-22";"Audiometria ocupacional ou de seleção";"-";"2010-10-15";"2009-02-13"
"30601231";"tuss-22";"Fratura luxação de esterno ou costela - redução incruenta";"-";"2010-10-15";"2009-02-13"
"40103765";"tuss-22";"Videonistagmografia infravermelha";"-";"2010-10-15";"2009-02-13"
"30601223";"tuss-22";"Biópsia cirúrgica de costela ou esterno";"-";"2010-10-15";"2009-02-13"
"40103757";"tuss-22";"Vídeo-EEG contínua não invasiva - a cada 12 horas";"-";"2010-10-15";"2022-08-01"
"30601215";"tuss-22";"Tratamento cirúrgico de fraturas do gradil costal";"-";"2010-10-15";"2009-02-13"
"40103749";"tuss-22";"Vectoeletronistagmografia - computadorizada";"-";"2010-10-15";"2009-02-13"
"30601207";"tuss-22";"Tração esquelética do gradil costo-esternal (traumatismo)";"-";"2010-10-15";"2009-02-13"
"40103730";"tuss-22";"Teste de latências múltiplas de sono (TLMS) diurno pós PSG";"-";"2010-10-15";"2009-02-13"
"30601193";"tuss-22";"Toracotomia para procedimentos ortopédicos sobre a coluna vertebral";"-";"2010-10-15";"2009-02-13"
"40103722";"tuss-22";"Teste de fístula perilinfática com eletronistagmografia";"-";"2010-10-15";"2009-02-13"
"30601185";"tuss-22";"Toracotomia exploradora (excluídos os procedimentos intratorácicos)";"-";"2010-10-15";"2009-02-13"
"40103714";"tuss-22";"Teste de estimulação repetitiva (um ou mais músculos)";"-";"2010-10-15";"2009-02-13"
"30601177";"tuss-22";"Toracotomia com biópsia";"-";"2010-10-15";"2009-02-13"
"40103684";"tuss-22";"Reflexo cutâneo-simpático";"-";"2010-10-15";"2009-02-13"
"30601169";"tuss-22";"Toracoplastia (qualquer técnica)";"-";"2010-10-15";"2009-02-13"
"40103676";"tuss-22";"Rinometria acústica";"-";"2010-10-15";"2009-02-13"
"30601150";"tuss-22";"Toracectomia";"-";"2010-10-15";"2009-02-13"
"40103668";"tuss-22";"Rinomanometria computadorizada";"-";"2010-10-15";"2009-02-13"
"30601142";"tuss-22";"Retirada de corpo estranho da parede torácica";"-";"2010-10-15";"2009-02-13"
"40103650";"tuss-22";"Registro do nistagmo pendular e optocinético";"-";"2010-10-15";"2024-04-01"
"30601134";"tuss-22";"Ressecção de tumor do diafragma e reconstrução (qualquer técnica)";"-";"2010-10-15";"2009-02-13"
"40103641";"tuss-22";"Provas de função tubária";"-";"2010-10-15";"2009-02-13"
"30601126";"tuss-22";"Reconstrução da região esternal com retalhos musculares bilaterais";"-";"2010-10-15";"2009-02-13"
"40103633";"tuss-22";"Potencial evocado visual (PEV)";"-";"2010-10-15";"2009-02-13"
"30601118";"tuss-22";"Reconstrução da parede torácica com retalhos musculares ou miocutâneos";"-";"2010-10-15";"2009-02-13"
"40103625";"tuss-22";"Potencial evocado somato-sensitivo - membros superiores (PESS)";"-";"2010-10-15";"2009-02-13"
"30601100";"tuss-22";"Reconstrução da parede torácica com retalhos cutâneos";"-";"2010-10-15";"2009-02-13"
"40103617";"tuss-22";"Potencial evocado somato-sensitivo - membros inferiores (PESS)";"-";"2010-10-15";"2009-02-13"
"30601096";"tuss-22";"Reconstrução da parede torácica (com ou sem prótese)";"-";"2010-10-15";"2009-02-13"
"40103609";"tuss-22";"Potencial evocado motor - PEM (bilateral)";"-";"2010-10-15";"2009-02-13"
"30601088";"tuss-22";"Plumbagem extrafascial";"-";"2010-10-15";"2009-02-13"
"40103595";"tuss-22";"Potencial evocado gênito-cortical (PEGC)";"-";"2010-10-15";"2009-02-13"
"30601070";"tuss-22";"Mobilização de retalhos musculares ou do omento ";"-";"2010-10-15";"2009-02-13"
"40103587";"tuss-22";"Potencial somato-sensitivo para localização funcional da área central (monitorização por hora) até 3 horas";"-";"2010-10-15";"2009-02-13"
"30601053";"tuss-22";"Fechamento de pleurostomia";"-";"2010-10-15";"2009-02-13"
"40103579";"tuss-22";"Potencial evocado auditivo de média latência (PEA-ML) bilateral";"-";"2010-10-15";"2009-02-13"
"30601045";"tuss-22";"Esternectomia total";"-";"2010-10-15";"2009-02-13"
"40103560";"tuss-22";"Potencial evocado - P300";"-";"2010-10-15";"2009-02-13"
"30601037";"tuss-22";"Esternectomia subtotal";"-";"2010-10-15";"2009-02-13"
"40103552";"tuss-22";"Posturografia";"-";"2010-10-15";"2009-02-13"
"30601029";"tuss-22";"Costectomia";"-";"2010-10-15";"2009-02-13"
"40103544";"tuss-22";"Polissonograma com teste de CPAP/BIPAP nasal";"-";"2016-03-31";"2016-01-01"
"30601010";"tuss-22";"Correção de deformidades da parede torácica";"-";"2010-10-15";"2009-02-13"
"40103536";"tuss-22";"Polissonograma com EEG de noite inteira";"-";"2010-10-15";"2009-02-13"
"40103528";"tuss-22";"Polissonografia de noite inteira (PSG) (inclui polissonogramas)";"-";"2010-10-15";"2009-02-13"
"40103510";"tuss-22";"Poligrafia de recém-nascido (maior ou igual 2 horas) (PG/RN)";"-";"2010-10-15";"2009-02-13"
"40103501";"tuss-22";"Pesquisa do fenômeno de Tullio";"-";"2010-10-15";"2009-02-13"
"40103498";"tuss-22";"Potencial evocado auditivo de tronco cerebral (PEA-TC)";"-";"2010-10-15";"2009-02-13"
"40103480";"tuss-22";"Pesquisa de pares cranianos relacionados com o VIII PAR";"-";"2010-10-15";"2009-02-13"
"40103471";"tuss-22";"Perimetria com scanning laser ophthalmoscope - monocular";"-";"2010-10-15";"2009-02-13"
"30502365";"tuss-22";"Sinusotomia frontal intranasal com balão por videoendoscopia";"-";"2014-08-31";"2012-10-10"
"40103463";"tuss-22";"Otoemissões evocadas transientes";"-";"2010-10-15";"2009-02-13"
"30502357";"tuss-22";"Sinusotomia frontal intranasal por videoendoscopia";"-";"2010-10-15";"2009-02-13"
"40103455";"tuss-22";"Otoemissões acústicas produto de distorção";"-";"2010-10-15";"2009-02-13"
"30502349";"tuss-22";"Sinusotomia esfenoidal por videoendoscopia";"-";"2010-10-15";"2009-02-13"
"40103447";"tuss-22";"Método de Proetz (por sessão)";"-";"2010-10-15";"2009-02-13"
"30502322";"tuss-22";"Sinusectomia maxilar - via endonasal por videoendoscopia";"-";"2010-10-15";"2009-02-13"
"40103439";"tuss-22";"Impedanciometria - timpanometria";"-";"2017-07-09";"2017-04-10"
"30502314";"tuss-22";"Etmoidectomia intranasal por videoendoscopia";"-";"2010-10-15";"2009-02-13"
"40103420";"tuss-22";"Imitanciometria de alta frequência";"-";"2010-10-15";"2009-02-13"
"30502306";"tuss-22";"Artéria maxilar interna - ligadura transmaxilar por videoendoscopia";"-";"2010-10-15";"2009-02-13"
"40103412";"tuss-22";"Gustometria";"-";"2010-10-15";"2009-02-13"
"30502292";"tuss-22";"Antrostomia maxilar intranasal por videoendoscopia";"-";"2010-10-15";"2009-02-13"
"40103404";"tuss-22";"Espectrografia vocal";"-";"2010-10-15";"2009-02-13"
"30502276";"tuss-22";"Sinusotomia frontal via externa";"-";"2010-10-15";"2009-02-13"
"40103390";"tuss-22";"EMG quantitativa ou EMG de fibra única";"-";"2010-10-15";"2009-02-13"
"30502268";"tuss-22";"Sinusotomia frontal intranasal";"-";"2010-10-15";"2009-02-13"
"40103382";"tuss-22";"EMG para monitoração de quimodenervação (por sessão)";"-";"2010-10-15";"2009-02-13"
"30502250";"tuss-22";"Sinusotomia esfenoidal";"-";"2010-10-15";"2009-02-13"
"40103374";"tuss-22";"EMG com registro de movimento involuntário (teste dinâmico de escrita; estudo funcional de tremores)";"-";"2010-10-15";"2009-02-13"
"30502241";"tuss-22";"Sinusectomia transmaxilar (Ermiro de Lima)";"-";"2010-10-15";"2009-02-13"
"40103366";"tuss-22";"Eletroneuromiografia genitoperineal";"-";"2010-10-15";"2009-02-13"
"30502233";"tuss-22";"Sinusectomia maxilar - via oral (Caldwell-Luc)";"-";"2010-10-15";"2009-02-13"
"40103358";"tuss-22";"Eletroneuromiografia de segmento especial";"-";"2010-10-15";"2009-02-13"
"30502225";"tuss-22";"Sinusectomia fronto-etmoidal por via externa";"-";"2010-10-15";"2009-02-13"
"40103340";"tuss-22";"Eletroneuromiografia de segmento complementar";"-";"2010-10-15";"2009-02-13"
"30502217";"tuss-22";"Sinusectomia frontal com retalho osteoplástico ou via coronal";"-";"2010-10-15";"2009-02-13"
"40103331";"tuss-22";"Eletroneuromiografia de MMSS e MMII";"-";"2010-10-15";"2009-02-13"
"30502209";"tuss-22";"Sinusectomia maxilar - via endonasal";"-";"2010-10-15";"2009-02-13"
"40103323";"tuss-22";"Eletroneuromiografia de MMSS";"-";"2010-10-15";"2009-02-13"
"30502195";"tuss-22";"Biópsia de seios paranasais - qualquer via";"-";"2010-10-15";"2009-02-13"
"40103315";"tuss-22";"Eletroneuromiografia de MMII";"-";"2010-10-15";"2009-02-13"
"30502187";"tuss-22";"Ressecção de tumor benigno ";"-";"2010-10-15";"2009-02-13"
"40103307";"tuss-22";"Eletroneuromiografia (velocidade de condução) testes de estímulos para paralisia facial";"-";"2010-10-15";"2009-02-13"
"30502179";"tuss-22";"Punção maxilar transmeática ou via fossa canina";"-";"2010-10-15";"2009-02-13"
"40103285";"tuss-22";"Eletroglotografia";"-";"2010-10-15";"2009-02-13"
"30502160";"tuss-22";"Pólipo antro-coanal de Killiam - exérese";"-";"2010-10-15";"2009-02-13"
"40103277";"tuss-22";"Eletrocorticografia intra-operatória (ECOG) - por hora de monitorização";"-";"2010-10-15";"2009-02-13"
"30502152";"tuss-22";"Maxilectomia total";"-";"2010-10-15";"2009-02-13"
"40103269";"tuss-22";"Eletrococleografia (Ecochg)";"-";"2010-10-15";"2009-02-13"
"30502144";"tuss-22";"Maxilectomia parcial";"-";"2010-10-15";"2009-02-13"
"40103250";"tuss-22";"Eletro-retinografia - monocular";"-";"2010-10-15";"2009-02-13"
"30502136";"tuss-22";"Maxilectomia incluindo exenteração de órbita";"-";"2010-10-15";"2009-02-13"
"40103242";"tuss-22";"Eletro-oculografia - monocular";"-";"2010-10-15";"2009-02-13"
"30502128";"tuss-22";"Fístula oronasal - tratamento cirúrgico";"-";"2010-10-15";"2009-02-13"
"40103234";"tuss-22";"Eletrencefalograma em vigília, e sono espontâneo ou induzido";"-";"2010-10-15";"2009-02-13"
"30502110";"tuss-22";"Fístula oro-antral - tratamento cirúrgico";"-";"2010-10-15";"2009-02-13"
"40103200";"tuss-22";"Eletrencefalograma especial: terapia intensiva, morte encefálica, EEG prolongado (até 2 horas)";"-";"2010-10-15";"2009-02-13"
"30502101";"tuss-22";"Exérese de tumor de seios paranasais por via endoscopica";"-";"2010-10-15";"2009-02-13"
"40103196";"tuss-22";"EEGQ quantitativo (mapeamento cerebral)";"-";"2010-10-15";"2009-02-13"
"30502098";"tuss-22";"Exérese de tumor com abordagem craniofacial oncológica seios...(tempo facial)";"-";"2010-10-15";"2009-02-13"
"40103188";"tuss-22";"EEG intra-operatório para monitorização cirúrgica (EEG/IO) - por hora de monitorização";"-";"2010-10-15";"2009-02-13"
"30502080";"tuss-22";"Etmoidectomia intranasal";"-";"2010-10-15";"2009-02-13"
"40103170";"tuss-22";"EEG de rotina";"-";"2010-10-15";"2009-02-13"
"30502071";"tuss-22";"Etmoidectomia externa";"-";"2010-10-15";"2009-02-13"
"40103161";"tuss-22";"Decay do reflexo estapédico";"-";"2010-10-15";"2009-02-13"
"30502063";"tuss-22";"Descompressão transetmoidal do canal óptico";"-";"2010-10-15";"2009-02-13"
"40103153";"tuss-22";"Craniocorporografia";"-";"2010-10-15";"2009-02-13"
"30502047";"tuss-22";"Cisto naso-alveolar e globular - exérese ";"-";"2010-10-15";"2009-02-13"
"40103145";"tuss-22";"Variação de contingente negativo (PE/Tardio)";"-";"2010-10-15";"2009-02-13"
"30502039";"tuss-22";"Artéria maxilar interna - ligadura transmaxilar";"-";"2010-10-15";"2009-02-13"
"40103137";"tuss-22";"Campimetria computadorizada - monocular";"-";"2010-10-15";"2009-02-13"
"30502020";"tuss-22";"Antrostomia maxilar intranasal";"-";"2010-10-15";"2009-02-13"
"40103110";"tuss-22";"Audiometria vocal com mensagem competitiva (SSI, SSW)";"-";"2010-10-15";"2009-02-13"
"30502012";"tuss-22";"Angiofibroma - ressecção transmaxilar e/ou transpalatina ";"-";"2010-10-15";"2009-02-13"
"40103102";"tuss-22";"Audiometria vocal - pesquisa de limiar de inteligibilidade";"-";"2010-10-15";"2009-02-13"
"30501547";"tuss-22";"Fratura de osso próprio de nariz - tratamento conservador";"-";"2010-10-15";"2009-02-13"
"40103099";"tuss-22";"Audiometria vocal - pesquisa de limiar de discriminação";"-";"2010-10-15";"2009-02-13"
"30501539";"tuss-22";"Septoplastia por videoendoscopia";"-";"2010-10-15";"2009-02-13"
"40103080";"tuss-22";"Audiometria tonal limiar infantil condicionada (qualquer técnica) - Peep-show";"-";"2010-10-15";"2009-02-13"
"30501520";"tuss-22";"Rinosseptoplastia funcional por videoendoscopia";"-";"2010-10-15";"2009-02-13"
"40103072";"tuss-22";"Audiometria tonal limiar com testes de discriminação";"-";"2010-10-15";"2009-02-13"
"30501512";"tuss-22";"Perfuração do septo nasal - correção cirúrgica por videoendoscopia";"-";"2010-10-15";"2009-02-13"
"40103064";"tuss-22";"Audiometria de tronco cerebral (PEA) BERA";"-";"2010-10-15";"2009-02-13"
"30501504";"tuss-22";"Ozena - tratamento cirúrgico por videoendoscopia";"-";"2010-10-15";"2009-02-13"
"40103056";"tuss-22";"Potencial evocado auditivo Steady State (ASSR)";"-";"2010-10-15";"2022-08-01"
"30501490";"tuss-22";"Imperfuração coanal - correção cirúrgica intranasal por videoendoscopia";"-";"2010-10-15";"2009-02-13"
"40103048";"tuss-22";"Audiometria (tipo Von Bekesy)";"-";"2010-10-15";"2009-02-13"
"30501482";"tuss-22";"Epistaxe - cauterização da artéria esfenopalatina com microscopia - unilateral por videoendoscopia";"-";"2010-10-15";"2009-02-13"
"40103030";"tuss-22";"Análise computadorizada do segmento anterior - monocular ";"-";"2010-10-15";"2009-02-13"
"30501474";"tuss-22";"Corpos estranhos - retirada sob anestesia geral / hospital (nariz) - por videoendoscopia";"-";"2010-10-15";"2009-02-13"
"40103021";"tuss-22";"Análise computadorizada de papila e/ou fibras nervosas - monocular (GDX)";"-";"2010-10-15";"2009-02-13"
"30501466";"tuss-22";"Turbinoplastia por radiofrequência";"-";"2010-10-15";"2009-02-13"
"40103013";"tuss-22";"Análise computadorizada da voz";"-";"2010-10-15";"2009-02-13"
"30501458";"tuss-22";"Turbinectomia ou turbinoplastia - unilateral";"-";"2010-10-15";"2009-02-13"
"40102149";"tuss-22";"Manometria Biliar";"-";"2014-08-31";"2012-10-10"
"30501440";"tuss-22";"Tumor intranasal - exérese por via transnasal";"-";"2010-10-15";"2009-02-13"
"40102130";"tuss-22";"pH-metria esofágica de 24 horas com quatro canais";"-";"2014-08-31";"2012-10-10"
"30501431";"tuss-22";"Tumor intranasal - exérese por rinotomia lateral";"-";"2010-10-15";"2009-02-13"
"40102122";"tuss-22";"pH-metria gástrica de 24 horas com quatro canais";"-";"2014-08-31";"2012-10-10"
"30501423";"tuss-22";"Tratamento de deformidade traumática nasal";"-";"2010-10-15";"2009-02-13"
"40102114";"tuss-22";"Impedâncio pH-metria esofágica";"-";"2014-08-31";"2012-10-10"
"30501415";"tuss-22";"Tratamento cirúrgico reparador do nariz em sela";"-";"2010-10-15";"2009-02-13"
"40102106";"tuss-22";"pH-metria esofágica computadorizada com três canais";"-";"2010-10-15";"2009-02-13"
"30501407";"tuss-22";"Tratamento cirúrgico do rinofima";"-";"2010-10-15";"2009-02-13"
"40102092";"tuss-22";"pH-metria esofágica computadorizada com dois canais";"-";"2010-10-15";"2009-02-13"
"30501393";"tuss-22";"Tratamento cirúrgico de deformidade nasal congênita";"-";"2010-10-15";"2009-02-13"
"40102084";"tuss-22";"pH-metria esofágica computadorizada com um canal";"-";"2010-10-15";"2009-02-13"
"30501385";"tuss-22";"Tratamento cirúrgico da atresia narinária";"-";"2010-10-15";"2009-02-13"
"40102076";"tuss-22";"Manometria esofágica para localização dos esfíncteres pré-pH-metria";"-";"2010-10-15";"2009-02-13"
"30501377";"tuss-22";"Sinéquia nasal - ressecção unilateral - qualquer técnica";"-";"2010-10-15";"2009-02-13"
"40102068";"tuss-22";"Manometria esofágica computadorizada sem teste provocativo";"-";"2010-10-15";"2009-02-13"
"30501369";"tuss-22";"Septoplastia (qualquer técnica sem vídeo)";"-";"2010-10-15";"2009-02-13"
"40102050";"tuss-22";"Manometria esofágica computadorizada com teste provocativo";"-";"2010-10-15";"2009-02-13"
"30501350";"tuss-22";"Rinosseptoplastia funcional";"-";"2010-10-15";"2009-02-13"
"40102041";"tuss-22";"Manometria computadorizada anorretal para biofeedback - demais sessões";"-";"2010-10-15";"2009-02-13"
"30501342";"tuss-22";"Rinoplastia reparadora";"-";"2010-10-15";"2009-02-13"
"40102033";"tuss-22";"Manometria computadorizada anorretal para biofeedback - 1ª sessão";"-";"2010-10-15";"2009-02-13"
"30501334";"tuss-22";"Rinectomia total";"-";"2010-10-15";"2009-02-13"
"40102025";"tuss-22";"Manometria computadorizada anorretal";"-";"2010-10-15";"2009-02-13"
"30501326";"tuss-22";"Rinectomia parcial";"-";"2010-10-15";"2009-02-13"
"40102017";"tuss-22";"Bilimetria gástrica ou esofágica de 24 horas";"-";"2010-10-15";"2009-02-13"
"30501318";"tuss-22";"Ressecção de tumores malignos transnasais";"-";"2010-10-15";"2009-02-13"
"40101061";"tuss-22";"Ergoespirometria ou teste cardiopulmonar de exercício completo (espirometria forçada, consumo de O2, produção de CO2 e derivados, ECG, oximetria)";"-";"2010-10-15";"2009-02-13"
"30501300";"tuss-22";"Reconstrução total de nariz - por estágio";"-";"2010-10-15";"2009-02-13"
"30501296";"tuss-22";"Reconstrução de unidade anatômica do nariz - por estágio";"-";"2010-10-15";"2009-02-13"
"40101053";"tuss-22";"Variabilidade da frequência cardíaca";"-";"2010-10-15";"2009-02-13"
"30501288";"tuss-22";"Polipectomia - unilateral (nariz)";"-";"2010-10-15";"2009-02-13"
"40101045";"tuss-22";"Teste ergométrico convencional - 3 ou mais derivações simultâneas (inclui ECG basal convencional)";"-";"2010-10-15";"2009-02-13"
"30501270";"tuss-22";"Perfuração do septo nasal - correção cirúrgica";"-";"2010-10-15";"2009-02-13"
"40101037";"tuss-22";"Teste ergométrico computadorizado (inclui ECG basal convencional)";"-";"2010-10-15";"2009-02-13"
"30501261";"tuss-22";"Ozena - tratamento cirúrgico";"-";"2010-10-15";"2009-02-13"
"40101029";"tuss-22";"ECG de alta resolução";"-";"2010-10-15";"2009-02-13"
"30501253";"tuss-22";"Imperfuração coanal - correção cirúrgica transpalatina";"-";"2010-10-15";"2009-02-13"
"40101010";"tuss-22";"ECG convencional de até 12 derivações";"-";"2010-10-15";"2009-02-13"
"30501245";"tuss-22";"Imperfuração coanal - correção cirúrgica intranasal";"-";"2010-10-15";"2009-02-13"
"30501237";"tuss-22";"Fraturas dos ossos nasais - redução incruenta e gesso";"-";"2010-10-15";"2009-02-13"
"30501229";"tuss-22";"Fraturas dos ossos nasais - redução cirúrgica e gesso";"-";"2010-10-15";"2009-02-13"
"30501210";"tuss-22";"Fístula liquórica - tratamento cirúrgico por vídeo-endoscópico intranasal";"-";"2010-10-15";"2022-08-01"
"30501202";"tuss-22";"Fechamento de fístula liquórica transnasal";"-";"2010-10-15";"2009-02-13"
"30501199";"tuss-22";"Exérese de tumor nasal por vídeo-endoscópico";"-";"2010-10-15";"2022-08-01"
"30501180";"tuss-22";"Exérese de tumor com abordagem craniofacial oncológica (tempo facial) pirâmide nasal";"-";"2010-10-15";"2009-02-13"
"30501172";"tuss-22";"Epistaxe - tamponamento antero-posterior sob anestesia geral";"-";"2010-10-15";"2009-02-13"
"30501164";"tuss-22";"Epistaxe - tamponamento anterior";"-";"2010-10-15";"2009-02-13"
"30501156";"tuss-22";"Epistaxe - tamponamento  antero-posterior";"-";"2010-10-15";"2009-02-13"
"30501148";"tuss-22";"Epistaxe - ligadura das artérias etmoidais - acesso transorbitário - unilateral";"-";"2010-10-15";"2009-02-13"
"30501130";"tuss-22";"Epistaxe - cauterização das artérias etmoidais com microscopia - unilateral";"-";"2010-10-15";"2009-02-13"
"30501121";"tuss-22";"Epistaxe - cauterização da artéria esfenopalatina com microscopia - unilateral";"-";"2010-10-15";"2009-02-13"
"30501113";"tuss-22";"Epistaxe - cauterização (qualquer técnica)";"-";"2010-10-15";"2009-02-13"
"30501091";"tuss-22";"Corpos estranhos - retirada sob anestesia geral / hospital (nariz)";"-";"2010-10-15";"2009-02-13"
"30501083";"tuss-22";"Corpos estranhos - retirada em consultório (nariz)";"-";"2010-10-15";"2009-02-13"
"30501075";"tuss-22";"Corneto inferior - infiltração medicamentosa (unilateral)";"-";"2010-10-15";"2009-02-13"
"30501067";"tuss-22";"Corneto inferior - cauterização linear - unilateral";"-";"2010-10-15";"2009-02-13"
"30501059";"tuss-22";"Biópsia de nariz";"-";"2010-10-15";"2009-02-13"
"30501040";"tuss-22";"Alongamento de columela";"-";"2010-10-15";"2009-02-13"
"30501024";"tuss-22";"Abscesso ou hematoma de septo nasal - drenagem sob anestesia geral";"-";"2010-10-15";"2009-02-13"
"30501016";"tuss-22";"Abscesso ou hematoma de septo nasal - drenagem";"-";"2010-10-15";"2009-02-13"
"30404185";"tuss-22";"Neurotelemetria transoperatória do implante coclear unilateral";"-";"2021-10-31";"2021-08-01"
"30404177";"tuss-22";"Cirurgia para prótese auditiva percutânea ancorada no osso unilateral (primeira implantação ou substituição)";"-";"2016-03-31";"2016-01-01"
"30404169";"tuss-22";"Substituição do ímã do implante coclear unilateral";"-";"2021-10-31";"2021-08-01"
"30404150";"tuss-22";"Procedimento cirúrgico de implante coclear unilateral (primeira implantação ou substituição)";"-";"2021-10-31";"2021-08-01"
"30404142";"tuss-22";"Doença de Meniere - tratamento cirúrgico com ultrassom";"-";"2010-10-15";"2009-02-13"
"30404134";"tuss-22";"Tumor do nervo acústico - ressecção via translabiríntica ou fossa média";"-";"2010-10-15";"2009-02-13"
"30404126";"tuss-22";"Ressecção do osso temporal";"-";"2010-10-15";"2009-02-13"
"30404100";"tuss-22";"Neurectomia vestibular translabiríntica - sem audição";"-";"2010-10-15";"2009-02-13"
"30404096";"tuss-22";"Neurectomia vestibular para fossa média ou posterior";"-";"2010-10-15";"2009-02-13"
"30404088";"tuss-22";"Labirintectomia (membranosa ou óssea) - sem audição";"-";"2010-10-15";"2009-02-13"
"30404070";"tuss-22";"Injeção de drogas intratimpânicas";"-";"2010-10-15";"2009-02-13"
"30404061";"tuss-22";"Implante coclear (exceto a prótese)";"-";"2010-10-15";"2009-02-13"
"30404053";"tuss-22";"Exploração e descompressão total do nervo facial (transmastóideo, translabiríntico, fossa média)";"-";"2010-10-15";"2009-02-13"
"30404045";"tuss-22";"Enxerto total do nervo facial intratemporal";"-";"2010-10-15";"2009-02-13"
"30404037";"tuss-22";"Enxerto parcial intratemporal do nervo facial - do gânglio geniculado ao meato acústico interno";"-";"2010-10-15";"2009-02-13"
"30404029";"tuss-22";"Enxerto parcial intratemporal do nervo facial - do foramem estilo-mastóideo ao gânglio geniculado";"-";"2010-10-15";"2009-02-13"
"30404010";"tuss-22";"Doença de Meniere - tratamento cirúrgico - descompressão do saco endolinfático ou \"shunt\"";"-";"2010-10-15";"2009-02-13"
"30403162";"tuss-22";"Paracentese do tímpano, unilateral, em hospital - anestesia geral";"-";"2010-10-15";"2009-02-13"
"30403154";"tuss-22";"Timpanotomia para tubo de ventilação - unilateral";"-";"2010-10-15";"2009-02-13"
"30403146";"tuss-22";"Timpanotomia exploradora - unilateral";"-";"2010-10-15";"2009-02-13"
"30403138";"tuss-22";"Timpanoplastia tipo I - miringoplastia - unilateral";"-";"2010-10-15";"2009-02-13"
"30403120";"tuss-22";"Timpanoplastia com reconstrução da cadeia ossicular";"-";"2010-10-15";"2009-02-13"
"30403111";"tuss-22";"Tímpano-mastoidectomia";"-";"2010-10-15";"2009-02-13"
"30403103";"tuss-22";"Paracentese do tímpano - miringotomia, unilateral - em consultório";"-";"2010-10-15";"2009-02-13"
"30403090";"tuss-22";"Ouvido congênito - tratamento cirúrgico";"-";"2010-10-15";"2009-02-13"
"30403081";"tuss-22";"Mastoidectomia simples ou radical modificada";"-";"2010-10-15";"2009-02-13"
"30403073";"tuss-22";"Glomus timpânicus - ressecção";"-";"2010-10-15";"2009-02-13"
"30403065";"tuss-22";"Glomus jugular - ressecção";"-";"2010-10-15";"2009-02-13"
"30403057";"tuss-22";"Fístula perilinfática - fechamento cirúrgico ";"-";"2010-10-15";"2009-02-13"
"30403049";"tuss-22";"Exploração e descompressão parcial do nervo facial intratemporal";"-";"2010-10-15";"2009-02-13"
"30403030";"tuss-22";"Estapedectomia ou estapedotomia";"-";"2010-10-15";"2009-02-13"
"30403014";"tuss-22";"Cauterização de membrana timpânica";"-";"2010-10-15";"2009-02-13"
"30402093";"tuss-22";"Tumor benigno de conduto auditivo externo - exérese";"-";"2010-10-15";"2009-02-13"
"30402085";"tuss-22";"Pericondrite de pavilhão - tratamento cirúrgico com desbridamento ";"-";"2010-10-15";"2009-02-13"
"30402077";"tuss-22";"Furúnculo - drenagem (ouvido)";"-";"2010-10-15";"2009-02-13"
"30402069";"tuss-22";"Estenose de conduto auditivo externo - correção";"-";"2010-10-15";"2009-02-13"
"30402050";"tuss-22";"Corpos estranhos, pólipos ou biópsia - em hospital sob anestesia geral";"-";"2010-10-15";"2009-02-13"
"30402042";"tuss-22";"Corpos estranhos, pólipos ou biópsia - em consultório ";"-";"2010-10-15";"2009-02-13"
"30402034";"tuss-22";"Cisto pré-auricular (coloboma auris) - exérese-unilateral";"-";"2010-10-15";"2009-02-13"
"30402026";"tuss-22";"Biópsia (orelha externa)";"-";"2010-10-15";"2009-02-13"
"30402018";"tuss-22";"Aspiração auricular";"-";"2010-10-15";"2009-02-13"
"30401100";"tuss-22";"Tratamento cirúrgico de sinus pré-auricular";"-";"2010-10-15";"2009-02-13"
"30401097";"tuss-22";"Ressecção subtotal ou total de orelha";"-";"2010-10-15";"2009-02-13"
"30401089";"tuss-22";"Ressecção de tumor de pavilhão auricular, incluindo parte do osso temporal";"-";"2010-10-15";"2009-02-13"
"30401070";"tuss-22";"Reconstrução total de orelha - único estágio";"-";"2010-10-15";"2009-02-13"
"30401062";"tuss-22";"Reconstrução de unidade anatômica do pavilhão auricular - por estágio";"-";"2010-10-15";"2009-02-13"
"30401054";"tuss-22";"Reconstrução  de orelha - retoques";"-";"2010-10-15";"2009-02-13"
"30401046";"tuss-22";"Outros defeitos congênitos que não a microtia";"-";"2010-10-15";"2009-02-13"
"30401038";"tuss-22";"Exérese de tumor com fechamento primário ";"-";"2010-10-15";"2009-02-13"
"30401020";"tuss-22";"Exérese de tumor com abordagem craniofacial oncológica pavilhão auricular (tempo facial)";"-";"2010-10-15";"2009-02-13"
"30401011";"tuss-22";"Biópsia de pavilhão auricular";"-";"2010-10-15";"2009-02-13"
"30313074";"tuss-22";"Reconstituição de pontos lacrimais";"-";"2010-10-15";"2009-02-13"
"30313066";"tuss-22";"Sondagem das vias lacrimais - com ou sem lavagem";"-";"2010-10-15";"2009-02-13"
"30313058";"tuss-22";"Reconstituição de vias lacrimais com silicone ou outro material";"-";"2010-10-15";"2009-02-13"
"30313040";"tuss-22";"Fechamento dos pontos lacrimais";"-";"2010-10-15";"2009-02-13"
"30313031";"tuss-22";"Dacriocistorrinostomia com ou sem intubação - unilateral";"-";"2010-10-15";"2009-02-13"
"30313023";"tuss-22";"Dacriocistectomia - unilateral";"-";"2010-10-15";"2009-02-13"
"30313015";"tuss-22";"Cirurgia da glândula lacrimal";"-";"2010-10-15";"2009-02-13"
"30312159";"tuss-22";"Termoterapia transpupilar";"-";"2016-03-31";"2016-01-01"
"30312140";"tuss-22";"Fármaco modulação com anti-angiogênico para retinopatia diabética e obstrução venosa retiniana";"-";"2021-10-31";"2021-08-01"
"30312132";"tuss-22";"Implante intravítreo de polímero farmacológico de liberação controlada";"-";"2016-03-31";"2016-01-01"
"30312124";"tuss-22";"Panfotocoagulação na retinopatia da prematuridade - binocular";"-";"2016-03-31";"2016-01-01"
"30312116";"tuss-22";"Retinotomia relaxante";"-";"2010-10-15";"2009-02-13"
"30312108";"tuss-22";"Retinopexia profilática (criopexia)";"-";"2010-10-15";"2009-02-13"
"30312094";"tuss-22";"Retinopexia pneumática";"-";"2010-10-15";"2009-02-13"
"30312086";"tuss-22";"Retinopexia com introflexão escleral";"-";"2010-10-15";"2009-02-13"
"30312078";"tuss-22";"Remoção de implante episcleral ";"-";"2010-10-15";"2009-02-13"
"30312060";"tuss-22";"Pancrioterapia periférica ";"-";"2010-10-15";"2009-02-13"
"30312051";"tuss-22";"Infusão de gás expansor ";"-";"2010-10-15";"2009-02-13"
"30312043";"tuss-22";"Fotocoagulação (laser) - por sessão  - monocular ";"-";"2010-10-15";"2009-02-13"
"30312035";"tuss-22";"Exérese de tumor de coróide e/ou corpo ciliar";"-";"2010-10-15";"2009-02-13"
"30312027";"tuss-22";"Biópsia de retina";"-";"2010-10-15";"2009-02-13"
"30312019";"tuss-22";"Aplicação de placa radiativa episcleral ";"-";"2010-10-15";"2009-02-13"
"30311063";"tuss-22";"Cirurgia de nistagmo";"-";"2021-09-30";"2021-07-01"
"30311055";"tuss-22";"Injeção de toxina botulínica - monocular ";"-";"2010-10-15";"2009-02-13"
"30311047";"tuss-22";"Estrabismo horizontal - monocular - tratamento ciúrgico";"-";"2010-10-15";"2009-02-13"
"30311039";"tuss-22";"Estrabismo ciclo vertical/transposição - monocular - tratamento cirúrgico";"-";"2010-10-15";"2009-02-13"
"30311020";"tuss-22";"Cirurgia com sutura ajustável";"-";"2010-10-15";"2009-02-13"
"30311012";"tuss-22";"Biópsia de músculos ";"-";"2010-10-15";"2009-02-13"
"30310172";"tuss-22";"Cirurgia antiglaucomatosa via angular, com implante de drenagem, por técnica minimamente invasiva";"-";"2022-02-28";"2021-12-01"
"30310156";"tuss-22";"Revisão de cirurgia fistulizante antiglaucomatosa";"-";"2021-09-30";"2021-07-01"
"30310148";"tuss-22";"Sutura de íris - pupiloplastia";"-";"2021-09-30";"2021-07-01"
"30310130";"tuss-22";"Iridoplastia periférica a laser";"-";"2021-10-31";"2021-08-01"
"30310121";"tuss-22";"Cirurgia antiglaucomatosa via angular sem implante de drenagem";"-";"2022-02-28";"2021-12-01"
"30310113";"tuss-22";"Sinequiotomia (laser)";"-";"2010-10-15";"2009-02-13"
"30310105";"tuss-22";"Sinequiotomia (cirúrgica) ";"-";"2010-10-15";"2009-02-13"
"30310091";"tuss-22";"Iridociclectomia";"-";"2010-10-15";"2009-02-13"
"30310083";"tuss-22";"Iridectomia (laser ou cirúrgica)";"-";"2010-10-15";"2009-02-13"
"30310075";"tuss-22";"Goniotomia ou trabeculotomia";"-";"2010-10-15";"2009-02-13"
"30310067";"tuss-22";"Fototrabeculoplastia (laser) ";"-";"2010-10-15";"2009-02-13"
"30310059";"tuss-22";"Drenagem de descolamento de coróide ";"-";"2010-10-15";"2009-02-13"
"30310040";"tuss-22";"Cirurgia fistulizante com implante de drenagem";"-";"2010-10-15";"2024-10-01"
"30310032";"tuss-22";"Cirurgias fistulizantes antiglaucomatosas";"-";"2010-10-15";"2009-02-13"
"30310024";"tuss-22";"Cicloterapia - qualquer técnica ";"-";"2010-10-15";"2009-02-13"
"30310016";"tuss-22";"Biópsia de íris e corpo ciliar";"-";"2010-10-15";"2009-02-13"
"30309034";"tuss-22";"Reconstituição de globo ocular com lesão de estruturas intra-oculares";"-";"2010-10-15";"2009-02-13"
"30309026";"tuss-22";"Injeção retrobulbar";"-";"2010-10-15";"2009-02-13"
"30309018";"tuss-22";"Enucleação ou evisceração com ou sem implante ";"-";"2010-10-15";"2009-02-13"
"30308046";"tuss-22";"Exérese de tumor de esclera";"-";"2010-10-15";"2009-02-13"
"30308038";"tuss-22";"Sutura de esclera";"-";"2010-10-15";"2009-02-13"
"30308020";"tuss-22";"Enxerto de esclera (qualquer técnica)";"-";"2010-10-15";"2009-02-13"
"30308011";"tuss-22";"Biópsia de esclera";"-";"2010-10-15";"2009-02-13"
"30307147";"tuss-22";"Tratamento ocular quimioterápico com anti-angiogênico (por sessão)";"-";"2014-08-31";"2021-08-01"
"30307139";"tuss-22";"Infusão intravítrea de medicação anti-inflamatória";"-";"2014-08-31";"2012-10-10"
"30307120";"tuss-22";"Vitrectomia vias pars plana";"-";"2010-10-15";"2009-02-13"
"30307112";"tuss-22";"Vitrectomia anterior";"-";"2010-10-15";"2009-02-13"
"30307104";"tuss-22";"Vitrectomia a céu aberto - ceratoprótese";"-";"2010-10-15";"2009-02-13"
"30307090";"tuss-22";"Troca fluido gasosa ";"-";"2010-10-15";"2009-02-13"
"30307082";"tuss-22";"Retirada de óleo de silicone via pars plana";"-";"2010-10-15";"2009-02-13"
"30307074";"tuss-22";"Retirada de corpo estranho do corpo vítreo";"-";"2010-10-15";"2009-02-13"
"30307066";"tuss-22";"Membranectomia EPI ou sub-retiniana";"-";"2010-10-15";"2009-02-13"
"30307058";"tuss-22";"Infusão de perfluocarbono ";"-";"2010-10-15";"2009-02-13"
"30307040";"tuss-22";"Implante de silicone intravítreo";"-";"2010-10-15";"2009-02-13"
"30307031";"tuss-22";"Endolaser/Endodiatermia ";"-";"2010-10-15";"2009-02-13"
"30307023";"tuss-22";"Biópsia de vítreo via pars plana";"-";"2010-10-15";"2009-02-13"
"30307015";"tuss-22";"Biópsia de tumor via pars plana";"-";"2010-10-15";"2009-02-13"
"30306116";"tuss-22";"Reposicionamento de lentes intraoculares";"-";"2021-09-30";"2021-07-01"
"30306086";"tuss-22";"Implante refrativo de lente intraocular fácica";"-";"2021-10-31";"2021-08-01"
"30306078";"tuss-22";"Remoção de pigmentos da lente intra-ocular com yag-laser";"-";"2010-10-15";"2009-02-13"
"30306060";"tuss-22";"Implante secundário / explante / fixação escleral ou iriana";"-";"2010-10-15";"2009-02-13"
"30306051";"tuss-22";"Fixação iriana de lente intra-ocular";"-";"2010-10-15";"2009-02-13"
"30306043";"tuss-22";"Facectomia sem implante";"-";"2010-10-15";"2009-02-13"
"30306035";"tuss-22";"Facectomia com lente intra-ocular sem facoemulsificação";"-";"2010-10-15";"2009-02-13"
"30306027";"tuss-22";"Facectomia com lente intra-ocular com facoemulsificação";"-";"2010-10-15";"2009-02-13"
"30306019";"tuss-22";"Capsulotomia YAG ou cirúrgica";"-";"2010-10-15";"2009-02-13"
"30305047";"tuss-22";"Retirada de corpo estranho da câmara anterior ";"-";"2010-10-15";"2009-02-13"
"30305039";"tuss-22";"Remoção de hifema ";"-";"2010-10-15";"2009-02-13"
"30305020";"tuss-22";"Reconstrução da câmara anterior ";"-";"2010-10-15";"2009-02-13"
"30305012";"tuss-22";"Paracentese da câmara anterior ";"-";"2010-10-15";"2009-02-13"
"30304156";"tuss-22";"Cross-linking (CXL) de colágeno corneano";"-";"2018-03-31";"2019-03-01"
"30304148";"tuss-22";"Planejamento personalizado da ablação refrativa com base na análise da frente de onda ocular total ou da córnea (monocular)";"-";"2021-10-31";"2021-08-01"
"30304130";"tuss-22";"Preparo da membrana amniótica para procedimentos oftalmológicos";"-";"2021-10-31";"2021-08-01"
"30304121";"tuss-22";"Transplante lamelar posterior de córnea";"-";"2017-07-09";"2017-04-10"
"30304113";"tuss-22";"Transplante lamelar anterior de córnea";"-";"2017-07-09";"2017-04-10"
"30304105";"tuss-22";"Delaminação corneana com fotoablação estromal - LASIK";"-";"2010-10-15";"2009-02-13"
"30304091";"tuss-22";"Fotoablação de superfície convencional - PRK ";"-";"2010-10-15";"2009-02-13"
"30304083";"tuss-22";"Implante de anel intra-estromal ";"-";"2010-10-15";"2009-02-13"
"30304075";"tuss-22";"Tarsoconjuntivoceratoplastia";"-";"2010-10-15";"2009-02-13"
"30304067";"tuss-22";"Sutura de córnea (com ou sem hérnia de íris)";"-";"2010-10-15";"2009-02-13"
"30304059";"tuss-22";"Recobrimento conjuntival ";"-";"2010-10-15";"2009-02-13"
"30304040";"tuss-22";"PTK ceratectomia fototerapêutica - monocular ";"-";"2010-10-15";"2009-02-13"
"30304032";"tuss-22";"Corpo estranho da córnea - retirada";"-";"2010-10-15";"2009-02-13"
"30304024";"tuss-22";"Ceratectomia superficial - monocular";"-";"2010-10-15";"2009-02-13"
"30304016";"tuss-22";"Cauterização de córnea";"-";"2010-10-15";"2009-02-13"
"30303125";"tuss-22";"Reconstrução de superfície ocular com membrana amniótica";"-";"2021-10-31";"2021-08-01"
"30303117";"tuss-22";"Crioterapia conjuntival";"-";"2021-10-31";"2021-08-01"
"30303109";"tuss-22";"Tumor de conjuntiva - exérese ";"-";"2010-10-15";"2009-02-13"
"30303095";"tuss-22";"Transplante de limbo ";"-";"2010-10-15";"2009-02-13"
"30303087";"tuss-22";"Sutura de conjuntiva";"-";"2010-10-15";"2009-02-13"
"30303079";"tuss-22";"Reconstituição de fundo de saco ";"-";"2010-10-15";"2009-02-13"
"30303060";"tuss-22";"Pterígio - exérese";"-";"2010-10-15";"2009-02-13"
"30303052";"tuss-22";"Plástica de conjuntiva ";"-";"2010-10-15";"2009-02-13"
"30303044";"tuss-22";"Infiltração subconjuntival ";"-";"2010-10-15";"2009-02-13"
"30303036";"tuss-22";"Enxerto de membrana amniótica ";"-";"2010-10-15";"2009-02-13"
"30303028";"tuss-22";"Biópsia de conjuntiva";"-";"2010-10-15";"2009-02-13"
"30303010";"tuss-22";"Autotransplante conjuntival";"-";"2010-10-15";"2009-02-13"
"30302137";"tuss-22";"Tumor de órbita - exérese ";"-";"2010-10-15";"2009-02-13"
"30302129";"tuss-22";"Reconstrução total da cavidade orbital - por estágio";"-";"2010-10-15";"2009-02-13"
"30302110";"tuss-22";"Reconstrução parcial da cavidade orbital - por estágio";"-";"2010-10-15";"2009-02-13"
"30302102";"tuss-22";"Reconstituição de paredes orbitárias";"-";"2010-10-15";"2009-02-13"
"30302099";"tuss-22";"Microcirurgia para tumores orbitários";"-";"2010-10-15";"2009-02-13"
"30302080";"tuss-22";"Implante secundário de órbita";"-";"2010-10-15";"2009-02-13"
"30302072";"tuss-22";"Fratura de órbita - redução cirúrgica e enxerto ósseo ";"-";"2010-10-15";"2009-02-13"
"30302064";"tuss-22";"Fratura de órbita - redução cirúrgica ";"-";"2010-10-15";"2009-02-13"
"30302056";"tuss-22";"Exérese de tumor com abordagem craniofacial oncológica (tempo facial) pálpebra, cavidade orbitária e olhos";"-";"2010-10-15";"2009-02-13"
"30302048";"tuss-22";"Exenteração de órbita";"-";"2010-10-15";"2009-02-13"
"30302030";"tuss-22";"Exenteração com osteotomia ";"-";"2010-10-15";"2009-02-13"
"30302021";"tuss-22";"Descompressão de órbita ou nervo ótico ";"-";"2010-10-15";"2009-02-13"
"30302013";"tuss-22";"Correção da enoftalmia";"-";"2010-10-15";"2009-02-13"
"30301270";"tuss-22";"Xantelasma palpebral - exérese - unilateral";"-";"2010-10-15";"2009-02-13"
"30301262";"tuss-22";"Triquíase com ou sem enxerto ";"-";"2010-10-15";"2009-02-13"
"30301254";"tuss-22";"Telecanto - correção cirúrgica - unilateral ";"-";"2010-10-15";"2009-02-13"
"30301246";"tuss-22";"Tarsorrafia ";"-";"2010-10-15";"2009-02-13"
"30301238";"tuss-22";"Sutura de pálpebra";"-";"2010-10-15";"2009-02-13"
"30301220";"tuss-22";"Supercílio - reconstrução total";"-";"2010-10-15";"2009-02-13"
"30301211";"tuss-22";"Simbléfaro com ou sem enxerto - correção cirúrgica";"-";"2010-10-15";"2009-02-13"
"30301203";"tuss-22";"Retração palpebral - correção cirúrgica";"-";"2010-10-15";"2009-02-13"
"30301190";"tuss-22";"Ressecção de tumores palpebrais";"-";"2010-10-15";"2009-02-13"
"30301181";"tuss-22";"Ptose palpebral - correção cirúrgica - unilateral";"-";"2010-10-15";"2009-02-13"
"30301173";"tuss-22";"Pálpebra - reconstrução total (com ou sem ressecção de tumor) - por estágio";"-";"2010-10-15";"2009-02-13"
"30301165";"tuss-22";"Pálpebra - reconstrução parcial (com ou sem ressecção de tumor)";"-";"2010-10-15";"2009-02-13"
"30301157";"tuss-22";"Lagoftalmo - correção cirúrgica";"-";"2010-10-15";"2009-02-13"
"30301149";"tuss-22";"Fissura palpebral - correção cirúrgica";"-";"2010-10-15";"2009-02-13"
"31603017";"tuss-22";"Atendimento médico do plantonista em sala de recuperação pós-anestésica geral ou pediátrica, por paciente, por hora (até 6 horas)";"-";"2021-10-31";"2021-08-01"
"30301130";"tuss-22";"Epilação de cílios (diatermo-coagulação)";"-";"2010-10-15";"2009-02-13"
"31602355";"tuss-22";"Anestesia realizada pelo anestesiologista para as situações de imperativo clínico.";"-";"2024-08-31";"2024-06-01"
"30301122";"tuss-22";"Epilação ";"-";"2010-10-15";"2009-02-13"
"31602347";"tuss-22";"Anestesia realizada pelo anestesiologista em atos médicos que não tenham seus portes especialmente previstos.";"-";"2024-08-31";"2024-06-01"
"30301114";"tuss-22";"Epicanto - correção cirúrgica - unilateral";"-";"2010-10-15";"2009-02-13"
"31602339";"tuss-22";"Bloqueio anestésico de plexos nervosos (lombossacro, braquial, cervical) para tratamento de dor";"-";"2014-08-31";"2012-10-10"
"31602320";"tuss-22";"Anestesia para procedimentos de medicina nuclear";"-";"2014-08-31";"2012-10-10"
"30301106";"tuss-22";"Dermatocalaze ou blefarocalaze exérese - unilateral ";"-";"2010-10-15";"2009-02-13"
"31602312";"tuss-22";"Anestesia para procedimentos clínicos ambulatoriais e hospitalares ";"-";"2010-10-15";"2009-02-13"
"30301092";"tuss-22";"Correção de bolsas palpebrais - unilateral";"-";"2010-10-15";"2009-02-13"
"30301084";"tuss-22";"Correção cirúrgica de ectrópio ou entrópio";"-";"2010-10-15";"2009-02-13"
"31602304";"tuss-22";"Anestesia para exames específicos, teste para diagnóstico e outros procedimentos diagnósticos ";"-";"2010-10-15";"2009-02-13"
"30301076";"tuss-22";"Coloboma - com plástica";"-";"2010-10-15";"2009-02-13"
"31602290";"tuss-22";"Anestesia para procedimentos de radioterapia ";"-";"2010-10-15";"2009-02-13"
"30301068";"tuss-22";"Cantoplastia medial ";"-";"2010-10-15";"2009-02-13"
"31602282";"tuss-22";"Anestesia para exames de ressonância magnética ";"-";"2010-10-15";"2009-02-13"
"31602274";"tuss-22";"Anestesia para exames de tomografia computadorizada ";"-";"2010-10-15";"2009-02-13"
"30301050";"tuss-22";"Cantoplastia lateral ";"-";"2010-10-15";"2009-02-13"
"31602266";"tuss-22";"Anestesia para exames de ultrassonografia ";"-";"2010-10-15";"2009-02-13"
"30301041";"tuss-22";"Calázio - exérese";"-";"2010-10-15";"2009-02-13"
"31602258";"tuss-22";"Anestesia para exames radiológicos de angiorradiologia ";"-";"2010-10-15";"2009-02-13"
"30301033";"tuss-22";"Blefarorrafia";"-";"2010-10-15";"2009-02-13"
"31602240";"tuss-22";"Anestesia para endoscopia intervencionista ";"-";"2010-10-15";"2009-02-13"
"30301025";"tuss-22";"Biópsia de pálpebra";"-";"2010-10-15";"2009-02-13"
"31602231";"tuss-22";"Anestesia para endoscopia diagnóstica";"-";"2010-10-15";"2009-02-13"
"30301017";"tuss-22";"Abscesso de pálpebra - drenagem";"-";"2010-10-15";"2009-02-13"
"31602223";"tuss-22";"Passagem de catéter peridural ou subaracnóideo com bloqueio de prova";"-";"2010-10-15";"2009-02-13"
"31602215";"tuss-22";"Laser - por sessão";"-";"2010-10-15";"2009-02-13"
"31602207";"tuss-22";"Instalação de bomba de infusão para analgesia em dor aguda ou crônica, por qualquer via";"-";"2010-10-15";"2009-02-13"
"31602185";"tuss-22";"Estimulação elétrica transcutânea ";"-";"2010-10-15";"2009-02-13"
"31602177";"tuss-22";"Bloqueio simpático por via venosa";"-";"2010-10-15";"2009-02-13"
"31602169";"tuss-22";"Bloqueio peridural ou subaracnóideo com corticóide";"-";"2010-10-15";"2009-02-13"
"31602150";"tuss-22";"Bloqueio neurolítico peridural ou subaracnóideo";"-";"2010-10-15";"2009-02-13"
"31602142";"tuss-22";"Bloqueio neurolítico do plexo celíaco, simpático lombar ou torácico";"-";"2010-10-15";"2009-02-13"
"31602134";"tuss-22";"Bloqueio neurolítico de nervos cranianos ou cérvico-torácico";"-";"2010-10-15";"2009-02-13"
"30215099";"tuss-22";"Tratamento cirúrgico da osteomielite de crânio";"-";"2010-10-15";"2009-02-13"
"31602126";"tuss-22";"Bloqueio facetário para-espinhoso";"-";"2010-10-15";"2009-02-13"
"30215080";"tuss-22";"Tratamento cirúrgico da fratura do crânio - afundamento";"-";"2010-10-15";"2009-02-13"
"31602118";"tuss-22";"Bloqueio de nervo periférico - bloqueios anestésicos de nervos e estímulos neurovasculares";"-";"2010-10-15";"2009-02-13"
"30215072";"tuss-22";"Tratamento cirúrgico da craniossinostose";"-";"2010-10-15";"2009-02-13"
"31602100";"tuss-22";"Bloqueio de gânglio estrelado com neurolítico";"-";"2010-10-15";"2009-02-13"
"30215056";"tuss-22";"Retirada de cranioplastia";"-";"2010-10-15";"2009-02-13"
"31602096";"tuss-22";"Bloqueio de gânglio estrelado com anestésico local";"-";"2010-10-15";"2009-02-13"
"31602088";"tuss-22";"Bloqueio de articulação têmporo-mandibular ";"-";"2010-10-15";"2009-02-13"
"30215048";"tuss-22";"Reconstrução craniana ou craniofacial";"-";"2010-10-15";"2009-02-13"
"31602070";"tuss-22";"Bloqueio anestésico simpático";"-";"2010-10-15";"2009-02-13"
"30215030";"tuss-22";"Craniotomia para tumores ósseos";"-";"2010-10-15";"2009-02-13"
"31602061";"tuss-22";"Bloqueio anestésico de simpático lombar";"-";"2010-10-15";"2009-02-13"
"30215021";"tuss-22";"Craniotomia descompressiva";"-";"2010-10-15";"2009-02-13"
"31602053";"tuss-22";"Bloqueio anestésico de plexo celíaco";"-";"2010-10-15";"2009-02-13"
"30215013";"tuss-22";"Cranioplastia";"-";"2010-10-15";"2009-02-13"
"30214068";"tuss-22";"Paratireoidectomia total com reimplante primário de paratireóide";"-";"2021-09-30";"2021-07-01"
"31602045";"tuss-22";"Bloqueio anestésico de nervos cranianos";"-";"2010-10-15";"2009-02-13"
"30214050";"tuss-22";"Tratamento cirúrgico do hiperparatireoidismo secundário";"-";"2010-10-15";"2009-02-13"
"31602037";"tuss-22";"Anestesia geral ou condutiva para realização de bloqueio neurolítico";"-";"2010-10-15";"2009-02-13"
"30214041";"tuss-22";"Tratamento cirúrgico do hiperparatireoidismo primário";"-";"2010-10-15";"2009-02-13"
"31602029";"tuss-22";"Analgesia por dia subsequente. Acompanhamento de analgesia por cateter peridural";"-";"2010-10-15";"2009-02-13"
"30214033";"tuss-22";"Reimplante de paratireóide previamente preservada";"-";"2010-10-15";"2009-02-13"
"31602010";"tuss-22";"Analgesia controlada pelo paciente - por dia subsequente";"-";"2010-10-15";"2009-02-13"
"30214025";"tuss-22";"Paratireoidectomia com toracotomia";"-";"2010-10-15";"2009-02-13"
"31601014";"tuss-22";"Acupuntura por sessão";"-";"2010-10-15";"2009-02-13"
"30214017";"tuss-22";"Biópsia de paratireóide";"-";"2010-10-15";"2009-02-13"
"30213053";"tuss-22";"Tireoidectomia total";"-";"2010-10-15";"2009-02-13"
"30213045";"tuss-22";"Tireoidectomia parcial";"-";"2010-10-15";"2009-02-13"
"30213037";"tuss-22";"Istmectomia ou nodulectomia ";"-";"2010-10-15";"2009-02-13"
"30213029";"tuss-22";"Bócio mergulhante: extirpação por acesso cérvico-torácico";"-";"2010-10-15";"2009-02-13"
"30213010";"tuss-22";"Biópsia de tireóide";"-";"2010-10-15";"2009-02-13"
"30212197";"tuss-22";"Tratamento cirúrgico de fístula com retalho cutâneo";"-";"2010-10-15";"2009-02-13"
"31507026";"tuss-22";"Transplante pancreático (doador)";"-";"2010-10-15";"2009-02-13"
"30212189";"tuss-22";"Tratamento cirúrgico da lipomatose cervical";"-";"2010-10-15";"2009-02-13"
"31507018";"tuss-22";"Transplante pancreático (receptor)";"-";"2010-10-15";"2009-02-13"
"31506046";"tuss-22";"Nefrectomia laparoscópica em doador vivo - para transplante";"-";"2010-10-15";"2009-02-13"
"30212170";"tuss-22";"Torcicolo congênito - tratamento cirúrgico";"-";"2010-10-15";"2009-02-13"
"31506038";"tuss-22";"Nefrectomia em doador vivo - para transplante";"-";"2010-10-15";"2009-02-13"
"30212162";"tuss-22";"Retração cicatricial cervical com emprego de expansores de tecido - por estágio";"-";"2010-10-15";"2009-02-13"
"31506011";"tuss-22";"Transplante renal (receptor e doador vivo ou doador falecido)";"-";"2010-10-15";"2021-04-01"
"30212154";"tuss-22";"Retração cicatricial cervical - por estágio";"-";"2010-10-15";"2009-02-13"
"30212146";"tuss-22";"Ressecção de tumor de corpo carotídeo ";"-";"2010-10-15";"2009-02-13"
"31505023";"tuss-22";"Transplante hepático (doador)";"-";"2010-10-15";"2009-02-13"
"30212138";"tuss-22";"Reconstrução de esôfago cervical";"-";"2010-10-15";"2009-02-13"
"31505015";"tuss-22";"Transplante hepático (receptor)";"-";"2010-10-15";"2009-02-13"
"30212120";"tuss-22";"Punção-biópsia de pescoço";"-";"2010-10-15";"2009-02-13"
"31504027";"tuss-22";"Transplante pulmonar unilateral (receptor)";"-";"2010-10-15";"2009-02-13"
"30212111";"tuss-22";"Neuroblastoma cervical - exérese";"-";"2010-10-15";"2009-02-13"
"31504019";"tuss-22";"Transplante pulmonar (doador)";"-";"2010-10-15";"2009-02-13"
"30212103";"tuss-22";"Linfadenectomia superficial ";"-";"2010-10-15";"2009-02-13"
"31503020";"tuss-22";"Transplante cardiopulmonar (receptor)";"-";"2010-10-15";"2009-02-13"
"30212090";"tuss-22";"Linfadenectomia profunda ";"-";"2010-10-15";"2009-02-13"
"31503012";"tuss-22";"Transplante cardiopulmonar (doador)";"-";"2010-10-15";"2009-02-13"
"30212081";"tuss-22";"Exérese de tumor benigno, cisto ou fístula cervical";"-";"2010-10-15";"2009-02-13"
"31502024";"tuss-22";"Transplante cardíaco (receptor)";"-";"2010-10-15";"2009-02-13"
"30212073";"tuss-22";"Exérese de cisto tireoglosso";"-";"2010-10-15";"2009-02-13"
"31502016";"tuss-22";"Transplante cardíaco (doador)";"-";"2010-10-15";"2009-02-13"
"30212065";"tuss-22";"Exérese de cisto branquial";"-";"2010-10-15";"2009-02-13"
"31501028";"tuss-22";"Retirada para transplante - córnea";"-";"2010-10-15";"2009-02-13"
"30212057";"tuss-22";"Esvaziamento cervical seletivo (especificar o lado)";"-";"2010-10-15";"2009-02-13"
"31501010";"tuss-22";"Transplante penetrante da córnea";"-";"2017-07-09";"2017-04-10"
"30212049";"tuss-22";"Esvaziamento cervical radical ampliado";"-";"2010-10-15";"2009-02-13"
"30212030";"tuss-22";"Esvaziamento cervical radical (especificar o lado)";"-";"2010-10-15";"2009-02-13"
"30212022";"tuss-22";"Drenagem de abscesso cervical profundo";"-";"2010-10-15";"2009-02-13"
"30212014";"tuss-22";"Cervicotomia exploradora";"-";"2010-10-15";"2009-02-13"
"30211069";"tuss-22";"Mandibulectomia com ou sem esvaziamento orbitário e rinotomia lateral";"-";"2010-10-15";"2010-09-09"
"30211050";"tuss-22";"Mandibulectomia total";"-";"2010-10-15";"2009-02-13"
"30211042";"tuss-22";"Hemimandibulectomia ou ressecção segmentar ou seccional da mandíbula";"-";"2010-10-15";"2009-02-13"
"30211034";"tuss-22";"Ressecção de tumor de mandíbula com desarticulação de ATM";"-";"2010-10-15";"2009-02-13"
"30211018";"tuss-22";"Biópsia de mandíbula";"-";"2010-10-15";"2009-02-13"
"30210127";"tuss-22";"Exérese de tumor benigno, cisto ou fístula";"-";"2010-10-15";"2009-02-13"
"31405037";"tuss-22";"Tratamento cirúrgico da síndrome do desfiladeiro cérvico torácico";"-";"2010-10-15";"2009-02-13"
"30210119";"tuss-22";"Exérese de tumor maligno de pele ";"-";"2010-10-15";"2009-02-13"
"31405029";"tuss-22";"Tratamento cirúrgico de lesão do sistema nervoso autônomo - qualquer método";"-";"2010-10-15";"2009-02-13"
"30210100";"tuss-22";"Reconstrução com rotação do músculo temporal ";"-";"2010-10-15";"2009-02-13"
"31405010";"tuss-22";"Bloqueio do sistema nervoso autônomo";"-";"2010-10-15";"2009-02-13"
"30210097";"tuss-22";"Reconstrução com retalhos em VY de pedículo subarterial ";"-";"2010-10-15";"2009-02-13"
"31404030";"tuss-22";"Tratamento de nevralgia do trigêmio por técnica cirúrgica percutânea - qualquer método (quando orientado por imagem, cobrar código correspondente)";"-";"2010-10-15";"2010-09-09"
"30210089";"tuss-22";"Reconstrução com retalho axial da artéria temporal superficial";"-";"2010-10-15";"2009-02-13"
"31404022";"tuss-22";"Neurotomia seletiva do trigêmio";"-";"2010-10-15";"2009-02-13"
"30210070";"tuss-22";"Reconstrução com retalhos axiais supra-orbitais e supratrocleares ";"-";"2010-10-15";"2009-02-13"
"31404014";"tuss-22";"Descompressão vascular de nervos cranianos";"-";"2010-10-15";"2009-02-13"
"30210062";"tuss-22";"Paralisia facial - reanimação com o músculo temporal (região orbital e oral) com neurotização";"-";"2010-10-15";"2009-02-13"
"31403387";"tuss-22";"Neurotomia";"-";"2010-10-15";"2009-02-13"
"30210054";"tuss-22";"Paralisia facial - reanimação com o músculo temporal (região oral) com neurotização";"-";"2010-10-15";"2009-02-13"
"31403379";"tuss-22";"Simpatectomia por videotoracoscopia";"-";"2010-10-15";"2009-02-13"
"30210046";"tuss-22";"Paralisia facial - reanimação com o músculo temporal (região orbital), sem neurotização";"-";"2010-10-15";"2009-02-13"
"31403360";"tuss-22";"Tratamento microcirúrgico das neuropatias compressivas (tumoral, inflamatório, etc)";"-";"2010-10-15";"2009-02-13"
"30210038";"tuss-22";"Paralisia facial - reanimação com o músculo temporal (região oral), sem neurotização";"-";"2010-10-15";"2009-02-13"
"31403352";"tuss-22";"Transposição de nervo";"-";"2010-10-15";"2009-02-13"
"30210020";"tuss-22";"Correção de tumores, cicatrizes ou ferimentos com o auxílio de expansores de tecidos - por estágio ";"-";"2010-10-15";"2009-02-13"
"31403344";"tuss-22";"Simpatectomia";"-";"2010-10-15";"2009-02-13"
"30210011";"tuss-22";"Hemiatrofia facial, correção com enxerto de gordura ou implante";"-";"2010-10-15";"2009-02-13"
"31403336";"tuss-22";"Rizotomia percutânea por segmento - qualquer método";"-";"2010-10-15";"2009-02-13"
"31403328";"tuss-22";"Revisão de sistema implantados para infusão de fármacos";"-";"2010-10-15";"2009-02-13"
"30209056";"tuss-22";"Correção cirúrgica de depressão (afundamento) da região frontal";"-";"2010-10-15";"2009-02-13"
"31403310";"tuss-22";"Ressecção de neuroma";"-";"2010-10-15";"2009-02-13"
"30209048";"tuss-22";"Osteoplastias da órbita ";"-";"2010-10-15";"2009-02-13"
"31403301";"tuss-22";"Reposição de fármaco(s) em bombas implantadas ";"-";"2010-10-15";"2009-02-13"
"30209030";"tuss-22";"Osteoplastias do arco zigomático";"-";"2010-10-15";"2009-02-13"
"31403298";"tuss-22";"Neurotripsia (cada extremidade)";"-";"2010-10-15";"2009-02-13"
"30209021";"tuss-22";"Osteoplastias de mandíbula";"-";"2010-10-15";"2009-02-13"
"31403280";"tuss-22";"Neurólise das síndromes compressivas";"-";"2010-10-15";"2009-02-13"
"30209013";"tuss-22";"Osteoplastias etmóido orbitais";"-";"2010-10-15";"2009-02-13"
"31403271";"tuss-22";"Microneurorrafia única ";"-";"2010-10-15";"2009-02-13"
"30208157";"tuss-22";"Osteotomia da mandíbula e/ou maxila com aplicação de osteodistrator";"-";"2021-06-30";"2021-04-01"
"31403263";"tuss-22";"Microneurorrafia múltipla (plexo nervoso)";"-";"2010-10-15";"2009-02-13"
"30208149";"tuss-22";"TRATAMENTO CIRÚRGICO OU ARTROPLASTIA PARA LUXAÇÃO DA ARTICULAÇÃO TÊMPORO MANDIBULAR POR ARTROSCOPIA";"-";"2018-03-31";"2018-01-01"
"31403255";"tuss-22";"Microneurorrafia de dedos da mão";"-";"2010-10-15";"2009-02-13"
"30208130";"tuss-22";"Translocação etmóido orbital para tratamento do hipertelorismo    miocutâneo associado a expansor de tecido - por lado";"-";"2010-10-15";"2009-02-13"
"31403239";"tuss-22";"Microneurólise única";"-";"2010-10-15";"2009-02-13"
"30208122";"tuss-22";"Tratamento cirúrgico de anquilose da articulação têmporo-mandibular";"-";"2010-10-15";"2009-02-13"
"31403220";"tuss-22";"Microneurólise múltiplas";"-";"2010-10-15";"2009-02-13"
"30208114";"tuss-22";"Reconstrução total de mandíbula com prótese e ou enxerto ósseo";"-";"2010-10-15";"2009-02-13"
"31403212";"tuss-22";"Microneurólise intraneural ou intrafascicular de dois ou mais nervos";"-";"2010-10-15";"2009-02-13"
"30208106";"tuss-22";"Reconstrução parcial da mandíbula com enxerto ósseo";"-";"2010-10-15";"2009-02-13"
"31403204";"tuss-22";"Microneurólise intraneural ou intrafascicular de um nervo";"-";"2010-10-15";"2009-02-13"
"30208092";"tuss-22";"Redução simples da luxação da articulação têmporo-mandibular com fixação intermaxilar";"-";"2010-10-15";"2009-02-13"
"31403182";"tuss-22";"Microcirurgia do plexo braquial com exploração e neurólise";"-";"2010-10-15";"2009-02-13"
"30208084";"tuss-22";"Osteotomia crânio-maxilares complexas";"-";"2010-10-15";"2009-02-13"
"31403174";"tuss-22";"Microcirurgia do plexo braquial com a exploração, neurólise e enxertos interfasciculares para reparo das lesões";"-";"2010-10-15";"2009-02-13"
"30208076";"tuss-22";"Osteotomia tipo Lefort III - extracraniana";"-";"2010-10-15";"2009-02-13"
"31403166";"tuss-22";"Lesão estereotáxica de estruturas profundas para tratamento da dor ou movimento anormal";"-";"2010-10-15";"2009-02-13"
"30208068";"tuss-22";"Osteotomia tipo Lefort II";"-";"2010-10-15";"2009-02-13"
"30208050";"tuss-22";"Osteotomia tipo Lefort I";"-";"2010-10-15";"2009-02-13"
"31403158";"tuss-22";"Lesão de nervos associada à lesão óssea - tratamento cirúrgico";"-";"2010-10-15";"2009-02-13"
"30208041";"tuss-22";"Osteotomias segmentares da maxila ou malar";"-";"2010-10-15";"2009-02-13"
"31403140";"tuss-22";"Implante de gerador para neuroestimulação";"-";"2010-10-15";"2009-02-13"
"31403131";"tuss-22";"Extirpação de neuroma";"-";"2010-10-15";"2009-02-13"
"30208033";"tuss-22";"Osteotomias alvéolo palatinas";"-";"2010-10-15";"2009-02-13"
"31403123";"tuss-22";"Exploração cirúrgica de nervo (neurólise externa)";"-";"2010-10-15";"2009-02-13"
"30208025";"tuss-22";"Osteoplastia para prognatismo, micrognatismo ou laterognatismo";"-";"2010-10-15";"2009-02-13"
"31403115";"tuss-22";"Excisão de tumores dos nervos periféricos";"-";"2010-10-15";"2009-02-13"
"30208017";"tuss-22";"Artroplastia para luxação recidivante da articulação têmporo-mandibular";"-";"2010-10-15";"2009-02-13"
"31403107";"tuss-22";"Excisão de tumores de nervos periféricos com enxerto interfascicular";"-";"2010-10-15";"2009-02-13"
"30207231";"tuss-22";"Redução de luxação do ATM";"-";"2010-10-15";"2010-09-09"
"31403093";"tuss-22";"Enxerto para reparo de 2 ou mais nervos";"-";"2010-10-15";"2009-02-13"
"30207223";"tuss-22";"Tratamento conservador de fratura de ossos";"-";"2010-10-15";"2009-02-13"
"31403085";"tuss-22";"Enxerto interfascicular";"-";"2010-10-15";"2009-02-13"
"30207215";"tuss-22";"Retirada dos meios de fixação (na face) ";"-";"2010-10-15";"2009-02-13"
"31403077";"tuss-22";"Enxerto interfascicular de nervo vascularizado";"-";"2010-10-15";"2009-02-13"
"30207207";"tuss-22";"Fraturas complexas do terço médio da face, fixação cirúrgica com síntese, levantamento crânio-maxilar, enxerto ósseo, halo craniano eventual";"-";"2010-10-15";"2009-02-13"
"31403069";"tuss-22";"Enxerto de nervo interfascicular, pediculado (2º estágio)";"-";"2010-10-15";"2009-02-13"
"30207193";"tuss-22";"Fraturas múltiplas de terço médio da face:fixação cirúrgica com síntese óssea, levantamento crânio maxilar e bloqueio intermaxilar";"-";"2010-10-15";"2009-02-13"
"31403050";"tuss-22";"Enxerto de nervo interfascicular, pediculado (1º estágio)";"-";"2010-10-15";"2009-02-13"
"30207185";"tuss-22";"Fratura Lefort III - fixação cirúrgica com síntese óssea, levantamento crânio-maxilar e bloqueio intermaxilar eventual";"-";"2010-10-15";"2009-02-13"
"31403042";"tuss-22";"Enxerto de nervo";"-";"2010-10-15";"2009-02-13"
"30207177";"tuss-22";"Fratura Lefort II - fixação cirúrgica com síntese óssea, levantamento e bloqueio intermaxilar eventual";"-";"2010-10-15";"2009-02-13"
"31403034";"tuss-22";"Denervação percutânea de faceta articular - por segmento";"-";"2010-10-15";"2009-02-13"
"30207169";"tuss-22";"Fratura Lefort I - fixação cirúrgica com síntese óssea, levantamento e bloqueio intermaxilar eventual";"-";"2010-10-15";"2009-02-13"
"31403026";"tuss-22";"Bloqueio de nervo periférico - nervos periféricos";"-";"2010-10-15";"2009-02-13"
"30207150";"tuss-22";"Fratura de maxila, tipo Lefort III - redução e aplicação de levantamento crânio-maxilar com bloqueio intermaxilar eventual";"-";"2010-10-15";"2009-02-13"
"31403018";"tuss-22";"Biópsia de nervo";"-";"2010-10-15";"2009-02-13"
"30207142";"tuss-22";"Fratura de maxila, tipo Lefort I e II - redução e aplicação de levantamento zigomático-maxilar com bloqueio intermaxilar eventual";"-";"2010-10-15";"2009-02-13"
"31402038";"tuss-22";"Tampão sanguíneo peridural para tratamento de cefaléia após punção (não indicada na profilaxia da cefaléia)";"-";"2010-10-15";"2009-02-13"
"30207134";"tuss-22";"Fraturas alveolares - fixação com aparelho e contenção";"-";"2010-10-15";"2009-02-13"
"31402020";"tuss-22";"Lesão de substância gelatinosa medular (DREZ) por radiofrequência";"-";"2010-10-15";"2009-02-13"
"30207126";"tuss-22";"Fraturas complexas de mandíbula - redução cirúrgica com fixação óssea e eventual bloqueio intermaxilar";"-";"2010-10-15";"2009-02-13"
"31402011";"tuss-22";"Cordotomia-mielotomias por radiofrequência";"-";"2010-10-15";"2009-02-13"
"30207118";"tuss-22";"Fratura cominutiva de mandíbula - redução cirúrgica com fixação óssea e bloqueio intermaxilar eventual";"-";"2010-10-15";"2009-02-13"
"31401430";"tuss-22";"Implante intracerebroventricular de bomba de infusão de fármacos";"-";"2022-10-31";"2022-08-01"
"30207100";"tuss-22";"Fratura naso etmóido órbito-etmoidal ";"-";"2010-10-15";"2009-02-13"
"31401414";"tuss-22";"Localização/intervenção estereotáxica de lesões/estruturas de crânio por neuronavegação com intervenção";"-";"2021-10-31";"2021-08-01"
"30207096";"tuss-22";"Fratura simples de mandíbula - redução cirúrgica com fixação óssea e bloqueio intermaxilar eventual";"-";"2010-10-15";"2009-02-13"
"31401406";"tuss-22";"Tumores extracranianos - tratamento cirúrgico";"-";"2010-10-15";"2009-02-13"
"30207088";"tuss-22";"Fratura  simples de mandíbula com contenção e bloqueio intermaxilar eventual ";"-";"2010-10-15";"2009-02-13"
"31401392";"tuss-22";"Trepanação para propedêutica neurocirúrgica";"-";"2010-10-15";"2009-02-13"
"30207070";"tuss-22";"Fratura do arco zigomático - redução cirúrgica com fixação";"-";"2010-10-15";"2009-02-13"
"30207061";"tuss-22";"Fratura do arco zigomático - redução instrumental sem fixação";"-";"2010-10-15";"2009-02-13"
"31401384";"tuss-22";"Traumatismo cranioencefálico - tratamento cirúrgico ";"-";"2010-10-15";"2009-02-13"
"30207045";"tuss-22";"Redução de fratura de seio frontal (acesso coronal)";"-";"2010-10-15";"2009-02-13"
"31401376";"tuss-22";"Craniotomia exploradora com ou sem biópsia";"-";"2010-10-15";"2009-02-13"
"31401368";"tuss-22";"Craniectomia para tumores cerebelares";"-";"2010-10-15";"2009-02-13"
"30207037";"tuss-22";"Redução de fratura de seio frontal (acesso frontal)";"-";"2010-10-15";"2009-02-13"
"31401350";"tuss-22";"Implantação de halo para radiocirurgia";"-";"2010-10-15";"2009-02-13"
"30207029";"tuss-22";"Redução de fratura do malar (com fixação)";"-";"2010-10-15";"2009-02-13"
"31401341";"tuss-22";"Acesso endoscópico ao tratamento cirúrgico dos tumores da região selar";"-";"2010-10-15";"2009-02-13"
"30207010";"tuss-22";"Redução de fratura do malar (sem fixação)";"-";"2010-10-15";"2009-02-13"
"31401333";"tuss-22";"Tratamento pré-natal das hidrocefalias e cistos cerebrais";"-";"2010-10-15";"2009-02-13"
"30206367";"tuss-22";"Tratamento cirúrgico de trauma laríngeo (agudo)";"-";"2010-10-15";"2009-02-13"
"31401309";"tuss-22";"Tratamento cirúrgico do hematoma intracraniano";"-";"2010-10-15";"2009-02-13"
"30206359";"tuss-22";"Tratamento cirúrgico da estenose laringo-traqueal";"-";"2010-10-15";"2009-02-13"
"31401295";"tuss-22";"Tratamento cirúrgico do abscesso encefálico";"-";"2010-10-15";"2009-02-13"
"30206324";"tuss-22";"Tiroplastia tipo 2 ou 3";"-";"2010-10-15";"2009-02-13"
"31401287";"tuss-22";"Tratamento cirúrgico de tumores cerebrais sem microscopia";"-";"2010-10-15";"2009-02-13"
"30206316";"tuss-22";"Tiroplastia tipo 1 simples";"-";"2010-10-15";"2009-02-13"
"31401279";"tuss-22";"Tratamento cirúrgico da meningoencefalocele";"-";"2010-10-15";"2009-02-13"
"30206308";"tuss-22";"Tiroplastia tipo 1 com rotação de aritenóide";"-";"2010-10-15";"2009-02-13"
"31401260";"tuss-22";"Tratamento cirúrgico da fístula liquórica";"-";"2010-10-15";"2009-02-13"
"30206294";"tuss-22";"Reconstrução para fonação após laringectomia";"-";"2010-10-15";"2009-02-13"
"31401252";"tuss-22";"Tratamento cirúrgico da epilepsia";"-";"2010-10-15";"2009-02-13"
"30206278";"tuss-22";"Microcirurgia para tratamento de paralisia de prega vocal (inclui injeção de materiais)";"-";"2010-10-15";"2009-02-13"
"31401244";"tuss-22";"Terceiro ventriculostomia";"-";"2010-10-15";"2009-02-13"
"30206260";"tuss-22";"Microcirurgia para ressecção de pólipo, nódulo ou granuloma";"-";"2010-10-15";"2009-02-13"
"31401236";"tuss-22";"Sistema de derivação ventricular interna com válvulas ou revisões";"-";"2010-10-15";"2009-02-13"
"30206251";"tuss-22";"Microcirurgia para ressecção de papiloma ";"-";"2010-10-15";"2009-02-13"
"31401228";"tuss-22";"Revisão de sistema de neuroestimulação";"-";"2010-10-15";"2009-02-13"
"30206243";"tuss-22";"Microcirurgia para remoção de cisto ou lesão intracordal";"-";"2010-10-15";"2009-02-13"
"31401201";"tuss-22";"Ressecção de mucocele frontal";"-";"2010-10-15";"2009-02-13"
"30206235";"tuss-22";"Microcirurgia para decorticação ou tratamento de edema de Reinke";"-";"2010-10-15";"2009-02-13"
"31401198";"tuss-22";"Punção subdural ou ventricular transfontanela";"-";"2010-10-15";"2009-02-13"
"30206227";"tuss-22";"Microcirurgia com uso de laser para ressecção de lesões benignas ";"-";"2010-10-15";"2009-02-13"
"31401171";"tuss-22";"Microcirurgia vascular intracraniana";"-";"2010-10-15";"2009-02-13"
"30206219";"tuss-22";"Microcirurgia com laser para remoção de lesões malignas ";"-";"2010-10-15";"2009-02-13"
"31401163";"tuss-22";"Microcirurgia por via transesfenoidal";"-";"2010-10-15";"2009-02-13"
"30206200";"tuss-22";"Laringotraqueoplastia";"-";"2010-10-15";"2009-02-13"
"31401155";"tuss-22";"Microcirurgia para tumores intracranianos";"-";"2010-10-15";"2009-02-13"
"30206170";"tuss-22";"Laringofissura (inclusive com cordectomia)";"-";"2010-10-15";"2009-02-13"
"31401147";"tuss-22";"Localização estereotáxica de lesões intracranianas com remoção";"-";"2010-10-15";"2009-02-13"
"30206138";"tuss-22";"Laringectomia total";"-";"2010-10-15";"2009-02-13"
"31401139";"tuss-22";"Localização estereotáxica de corpo estranho intracraniano com remoção";"-";"2010-10-15";"2009-02-13"
"30206120";"tuss-22";"Laringectomia parcial";"-";"2010-10-15";"2009-02-13"
"31401120";"tuss-22";"Implante intratecal de bombas para infusão de fármacos";"-";"2010-10-15";"2009-02-13"
"31401112";"tuss-22";"Implante estereotáxico de cateter para braquiterapia ";"-";"2010-10-15";"2009-02-13"
"30206103";"tuss-22";"Injeção intralaríngea de toxina botulínica";"-";"2010-10-15";"2009-02-13"
"31401104";"tuss-22";"Implante de eletrodos cerebral ou medular";"-";"2010-10-15";"2009-02-13"
"30206065";"tuss-22";"Exérese de tumor por via endoscópica";"-";"2010-10-15";"2009-02-13"
"31401090";"tuss-22";"Implante de eletrodo cerebral profundo";"-";"2010-10-15";"2009-02-13"
"30206049";"tuss-22";"Confecção de fístula tráqueo-esofágica para prótese fonatória com miotomia faríngea";"-";"2010-10-15";"2009-02-13"
"31401082";"tuss-22";"Implante de cateter intracraniano";"-";"2010-10-15";"2009-02-13"
"30206030";"tuss-22";"Aritenoidectomia ou aritenopexia via externa";"-";"2010-10-15";"2009-02-13"
"31401074";"tuss-22";"Hipofisectomia por qualquer método";"-";"2010-10-15";"2009-02-13"
"30206022";"tuss-22";"Aritenoidectomia microcirúrgica";"-";"2010-10-15";"2009-02-13"
"31401066";"tuss-22";"Drenagem estereotáxica - cistos, hematomas ou abscessos";"-";"2010-10-15";"2009-02-13"
"30206014";"tuss-22";"Alargamento de traqueostomia";"-";"2010-10-15";"2009-02-13"
"31401058";"tuss-22";"Derivação ventricular externa";"-";"2010-10-15";"2009-02-13"
"30205280";"tuss-22";"Ressecção de nasoangiofibroma por videoendoscopia";"-";"2010-10-15";"2009-02-13"
"31401040";"tuss-22";"Craniotomia para remoção de corpo estranho";"-";"2010-10-15";"2009-02-13"
"30205271";"tuss-22";"Adenoidectomia por videoendoscopia";"-";"2010-10-15";"2009-02-13"
"30205263";"tuss-22";"Uvulopalatofaringoplastia por radiofrequência";"-";"2010-10-15";"2009-02-13"
"31401031";"tuss-22";"Cirurgia intracraniana por via endoscópica";"-";"2010-10-15";"2009-02-13"
"30205247";"tuss-22";"Uvulopalatofaringoplastia (qualquer técnica)";"-";"2010-10-15";"2009-02-13"
"31401023";"tuss-22";"Cingulotomia ou capsulotomia unilateral";"-";"2010-10-15";"2009-02-13"
"30205239";"tuss-22";"Tumor de boca ou faringe - ressecção";"-";"2010-10-15";"2009-02-13"
"31401015";"tuss-22";"Biópsia estereotáxica de encéfalo";"-";"2010-10-15";"2009-02-13"
"30205220";"tuss-22";"Tonsilectomia a laser";"-";"2010-10-15";"2009-02-13"
"30205212";"tuss-22";"Ressecção de tumor de nasofaringe via endoscópica";"-";"2010-10-15";"2009-02-13"
"30205204";"tuss-22";"Ressecção de tumor de faringe por mandibulotomia";"-";"2010-10-15";"2009-02-13"
"30205190";"tuss-22";"Ressecção de tumor de faringe com mandibulectomia";"-";"2010-10-15";"2009-02-13"
"30205182";"tuss-22";"Ressecção de tumor de faringe com acesso por faringotomia ou por retalho jugal";"-";"2010-10-15";"2009-02-13"
"30205174";"tuss-22";"Ressecção de tumor de faringe (via bucal ou nasal)";"-";"2010-10-15";"2009-02-13"
"30205166";"tuss-22";"Ressecção de nasoangiofibroma";"-";"2010-10-15";"2009-02-13"
"30205158";"tuss-22";"Faringolaringoesofagectomia total";"-";"2010-10-15";"2009-02-13"
"30205140";"tuss-22";"Faringolaringectomia";"-";"2010-10-15";"2009-02-13"
"30205115";"tuss-22";"Criptólise amigdaliana";"-";"2010-10-15";"2009-02-13"
"30205107";"tuss-22";"Corpo estranho de faringe - retirada sob anestesia geral";"-";"2010-10-15";"2009-02-13"
"30205093";"tuss-22";"Corpo estranho de faringe - retirada em consultório";"-";"2010-10-15";"2009-02-13"
"31309291";"tuss-22";"Cerclagem do colo uterino via laparoscópica";"-";"2021-10-31";"2021-08-01"
"30205085";"tuss-22";"Cauterização (qualquer técnica) por sessão";"-";"2010-10-15";"2009-02-13"
"31309283";"tuss-22";"Cerclagem do colo uterino via abdominal";"-";"2021-10-31";"2021-08-01"
"30205077";"tuss-22";"Biópsia do cavum, orofaringe ou hipofaringe";"-";"2010-10-15";"2009-02-13"
"31309267";"tuss-22";"Tamponamento uterino para hemorragia pós-parto (pós-cesárea ou parto vaginal) - qualquer tipo de balão intrauterino";"-";"2021-10-31";"2021-08-01"
"30205069";"tuss-22";"Amigdalectomia lingual";"-";"2010-10-15";"2009-02-13"
"31309259";"tuss-22";"Amniodrenagem ou amnioinfusão guiadas por ultrassonografia";"-";"2014-08-31";"2014-05-26"
"30205050";"tuss-22";"Amigdalectomia das palatinas";"-";"2010-10-15";"2009-02-13"
"31309240";"tuss-22";"Cordocentese guiada por ultrassonografia";"-";"2021-10-31";"2021-08-01"
"30205042";"tuss-22";"Adenoidectomia";"-";"2010-10-15";"2009-02-13"
"31309232";"tuss-22";"Intervenção do obstetra na cirurgia fetal a céu aberto";"-";"2014-08-31";"2014-05-26"
"30205034";"tuss-22";"Adeno-amigdalectomia";"-";"2010-10-15";"2009-02-13"
"31309224";"tuss-22";"Cirurgia fetal endoscópica (guiada por ultrassonografia e fetoscópio)";"-";"2014-08-31";"2014-05-26"
"30205026";"tuss-22";"Adeno tonsilectomia - revisão cirúrgica";"-";"2010-10-15";"2009-02-13"
"31309216";"tuss-22";"Cirurgia fetal guiada por ultrassonografia";"-";"2014-08-31";"2014-05-26"
"30205018";"tuss-22";"Abscesso faríngeo - qualquer área";"-";"2010-10-15";"2009-02-13"
"31309208";"tuss-22";"Cesariana com histerectomia";"-";"2010-10-15";"2009-02-13"
"30204100";"tuss-22";"Ressecção de tumor de glândula sublingual";"-";"2010-10-15";"2009-02-13"
"31309194";"tuss-22";"Inversão uterina - tratamento cirúrgico laparoscópico";"-";"2010-10-15";"2009-02-13"
"30204097";"tuss-22";"Plastia de ducto salivar ou exérese de cálculo ou de rânula salivar";"-";"2010-10-15";"2009-02-13"
"31309186";"tuss-22";"Gravidez ectópica - cirurgia laparoscópica";"-";"2010-10-15";"2009-02-13"
"30204089";"tuss-22";"Parotidectomia total com sacrificio do nervo facial, sem reconstrução";"-";"2010-10-15";"2009-02-13"
"31309178";"tuss-22";"Versão cefálica externa";"-";"2010-10-15";"2009-02-13"
"30204070";"tuss-22";"Parotidectomia total com reconstrução do nervo facial";"-";"2010-10-15";"2009-02-13"
"31309151";"tuss-22";"Revisão obstétrica de parto ocorrido fora do hospital (inclui exame, dequitação e sutura de lacerações até de 2º grau)";"-";"2010-10-15";"2009-02-13"
"30204062";"tuss-22";"Parotidectomia total com conservação do nervo facial";"-";"2010-10-15";"2009-02-13"
"31309143";"tuss-22";"Punção escalpofetal para avaliação PH fetal";"-";"2010-10-15";"2009-02-13"
"30204054";"tuss-22";"Parotidectomia total ampliada com ou sem reconstrução com retalhos locais";"-";"2010-10-15";"2009-02-13"
"31309135";"tuss-22";"Parto múltiplo (cada um subsequente ao inicial)";"-";"2010-10-15";"2009-02-13"
"30204046";"tuss-22";"Parotidectomia parcial com conservação do nervo facial";"-";"2010-10-15";"2009-02-13"
"31309127";"tuss-22";"Parto (via vaginal)";"-";"2010-10-15";"2009-02-13"
"30204038";"tuss-22";"Exérese de rânula ou mucocele ";"-";"2010-10-15";"2009-02-13"
"31309119";"tuss-22";"Inversão uterina - tratamento cirúrgico";"-";"2010-10-15";"2009-02-13"
"30204020";"tuss-22";"Excisão de glândula submandibular";"-";"2010-10-15";"2009-02-13"
"31309100";"tuss-22";"Inversão uterina aguda - redução manual ";"-";"2010-10-15";"2009-02-13"
"30204011";"tuss-22";"Biópsia de glândula salivar";"-";"2010-10-15";"2009-02-13"
"31309097";"tuss-22";"Maturação cervical para indução de abortamento ou de trabalho de parto";"-";"2010-10-15";"2009-02-13"
"30203031";"tuss-22";"Biópsia de língua";"-";"2010-10-15";"2010-09-09"
"31309089";"tuss-22";"Gravidez  ectópica - cirurgia";"-";"2010-10-15";"2009-02-13"
"30203023";"tuss-22";"Tumor de língua - tratamento cirúrgico";"-";"2010-10-15";"2009-02-13"
"31309062";"tuss-22";"Curetagem pós-abortamento";"-";"2010-10-15";"2009-02-13"
"30203015";"tuss-22";"Frenotomia lingual";"-";"2010-10-15";"2009-02-13"
"31309054";"tuss-22";"Cesariana";"-";"2010-10-15";"2009-02-13"
"31309046";"tuss-22";"Cerclagem do colo uterino via vaginal";"-";"2010-10-15";"2021-08-01"
"30202159";"tuss-22";"Laserterapia para o tratamento da mucosite oral / orofaringe, por sessão";"-";"2016-03-31";"2016-01-01"
"31309038";"tuss-22";"Assistência ao trabalho de parto, por hora (até o limite de 6 horas). Não deverá ser considerado se o parto ocorrer na primeira hora após o início da assistência. Após a primeira hora, além da assistência, remunera-se o parto (via baixa ou cesariana).";"-";"2010-10-15";"2009-02-13"
"30202140";"tuss-22";"Plástica do ducto parotídeo";"-";"2010-10-15";"2009-02-13"
"30202132";"tuss-22";"Palatoplastia total";"-";"2010-10-15";"2009-02-13"
"31309020";"tuss-22";"Aspiração manual intra-uterina (AMIU) pós-abortamento";"-";"2010-10-15";"2009-02-13"
"30202124";"tuss-22";"Palatoplastia parcial";"-";"2010-10-15";"2009-02-13"
"31309011";"tuss-22";"Amniorredução ou amnioinfusão";"-";"2010-10-15";"2009-02-13"
"30202116";"tuss-22";"Palatoplastia com retalho miomucoso";"-";"2010-10-15";"2009-02-13"
"31308040";"tuss-22";"Transferência de embrião para o útero";"-";"2010-10-15";"2009-02-13"
"31308031";"tuss-22";"Inseminação artificial";"-";"2010-10-15";"2009-02-13"
"30202108";"tuss-22";"Palatoplastia com retalho faríngeo";"-";"2010-10-15";"2009-02-13"
"31308023";"tuss-22";"GIFT (transferência de gametas para as trompas)";"-";"2010-10-15";"2009-02-13"
"30202094";"tuss-22";"Palatoplastia com enxerto ósseo";"-";"2010-10-15";"2009-02-13"
"31308015";"tuss-22";"Aspiração de folículos para fertilização";"-";"2010-10-15";"2009-02-13"
"30202086";"tuss-22";"Palato-queiloplastia unilateral";"-";"2010-10-15";"2009-02-13"
"31307299";"tuss-22";"Endometriose  profunda - tratamento cirúrgico (não inclui ureterólise e abordagem de outros órgãos pélvicos)";"-";"2021-10-31";"2021-08-01"
"30202078";"tuss-22";"Glossectomia subtotal ou total, com ou sem mandibulectomia";"-";"2010-10-15";"2009-02-13"
"31307280";"tuss-22";"Endometriose  - tratamento cirúrgico via laparoscópica";"-";"2014-08-31";"2013-12-01"
"30202060";"tuss-22";"Fístula orofacial - tratamento cirúrgico";"-";"2010-10-15";"2009-02-13"
"31307272";"tuss-22";"Secção laparoscópica de ligamentos útero-sacros";"-";"2010-10-15";"2009-02-13"
"30202051";"tuss-22";"Exérese de tumor e enxerto cutâneo ou mucoso ";"-";"2010-10-15";"2009-02-13"
"31307264";"tuss-22";"Ressecção ou ligadura laparoscópica de varizes pélvicas";"-";"2010-10-15";"2009-02-13"
"30202043";"tuss-22";"Excisão de tumor de boca com mandibulectomia";"-";"2010-10-15";"2009-02-13"
"31307256";"tuss-22";"Ressecção laparoscópica de tumor de parede abdominal";"-";"2010-10-15";"2009-02-13"
"30202035";"tuss-22";"Excisão de lesão maligna com reconstrução à custa de retalhos locais";"-";"2010-10-15";"2009-02-13"
"31307248";"tuss-22";"Omentectomia laparoscópica";"-";"2010-10-15";"2009-02-13"
"30202027";"tuss-22";"Biópsia de boca";"-";"2010-10-15";"2009-02-13"
"31307230";"tuss-22";"Neurectomia laparoscópica pré-sacral ou do nervo gênito-femoral";"-";"2010-10-15";"2009-02-13"
"30202019";"tuss-22";"Alongamento cirúrgico do palato mole";"-";"2010-10-15";"2009-02-13"
"31307221";"tuss-22";"Ligamentopexia pélvica laparoscópica";"-";"2010-10-15";"2009-02-13"
"30201128";"tuss-22";"Reconstrução parcial do lábio";"-";"2010-10-15";"2009-02-13"
"31307213";"tuss-22";"Ligadura de veia ovariana laparoscópica";"-";"2010-10-15";"2009-02-13"
"30201110";"tuss-22";"Tratamento cirúrgico da microstomia";"-";"2010-10-15";"2009-02-13"
"31307205";"tuss-22";"Liberação laparoscópica de aderências pélvicas com ou sem ressecção de cistos peritoneais ou salpingólise";"-";"2010-10-15";"2009-02-13"
"30201101";"tuss-22";"Tratamento cirúrgico da macrostomia";"-";"2010-10-15";"2009-02-13"
"31307191";"tuss-22";"Epiploplastia ou aplicação de membranas antiaderentes via laparoscópica";"-";"2010-10-15";"2009-02-13"
"30201098";"tuss-22";"Reconstrução total do lábio";"-";"2010-10-15";"2009-02-13"
"31307183";"tuss-22";"Endometriose peritoneal - tratamento cirúrgico via laparoscópica";"-";"2010-10-15";"2009-02-13"
"30201080";"tuss-22";"Reconstrução de sulco gengivo-labial";"-";"2010-10-15";"2009-02-13"
"31307175";"tuss-22";"Culdoplastia laparoscópica (Mac Call, Moschowicz, etc)";"-";"2010-10-15";"2009-02-13"
"30201071";"tuss-22";"Queiloplastia para fissura labial unilateral - por estágio";"-";"2010-10-15";"2009-02-13"
"31307167";"tuss-22";"Cirurgia laparoscópica do prolapso de cúpula vaginal (fixação sacral ou no ligamento sacro-espinhoso)";"-";"2010-10-15";"2009-02-13"
"30201063";"tuss-22";"Frenotomia labial";"-";"2010-10-15";"2009-02-13"
"31307159";"tuss-22";"Câncer de ovário (Debulking) laparoscópica";"-";"2010-10-15";"2009-02-13"
"30201055";"tuss-22";"Excisão em cunha ";"-";"2010-10-15";"2009-02-13"
"31307140";"tuss-22";"Secção de ligamentos útero-sacros";"-";"2010-10-15";"2009-02-13"
"30201047";"tuss-22";"Excisão com reconstrução total ";"-";"2010-10-15";"2009-02-13"
"31307132";"tuss-22";"Ressecção ou ligadura de varizes pélvicas";"-";"2010-10-15";"2009-02-13"
"30201039";"tuss-22";"Excisão com reconstrução à custa de retalhos ";"-";"2010-10-15";"2009-02-13"
"31307124";"tuss-22";"Ressecção de tumor de parede abdominal pélvica";"-";"2010-10-15";"2009-02-13"
"30201020";"tuss-22";"Excisão com plástica de vermelhão ";"-";"2010-10-15";"2009-02-13"
"30201012";"tuss-22";"Biópsia de lábio";"-";"2010-10-15";"2009-02-13"
"31307116";"tuss-22";"Omentectomia";"-";"2010-10-15";"2009-02-13"
"31307108";"tuss-22";"Neurectomia pré-sacral ou do nervo gênito-femoral";"-";"2010-10-15";"2009-02-13"
"31307094";"tuss-22";"Ligamentopexia pélvica";"-";"2010-10-15";"2009-02-13"
"31307086";"tuss-22";"Ligadura de veia ovariana";"-";"2010-10-15";"2009-02-13"
"30102057";"tuss-22";"Biópsia de linfonodo superficial";"-";"2024-08-31";"2024-06-01"
"31307078";"tuss-22";"Liberação de aderências pélvicas com ou sem ressecção de cistos peritoniais ou salpingólise";"-";"2010-10-15";"2009-02-13"
"30102049";"tuss-22";"Biópsia de tecido celular subcutâneo";"-";"2024-08-31";"2024-06-01"
"31307060";"tuss-22";"Laparoscopia ginecológica com ou sem biópsia (inclui a cromotubagem)";"-";"2010-10-15";"2009-02-13"
"31307051";"tuss-22";"Epiploplastia ou aplicação de membranas antiaderentes";"-";"2010-10-15";"2009-02-13"
"30102030";"tuss-22";"Biópsia de tumores superficiais";"-";"2024-08-31";"2024-06-01"
"31307043";"tuss-22";"Endometriose peritonial - tratamento cirúrgico";"-";"2010-10-15";"2009-02-13"
"30102022";"tuss-22";"Biópsia de pele";"-";"2024-08-31";"2024-06-01"
"31307035";"tuss-22";"Culdoplastia (Mac Call, Moschowicz, etc.)";"-";"2010-10-15";"2009-02-13"
"30102014";"tuss-22";"Terapia de pressão negativa - cirúrgica";"-";"2021-06-30";"2021-04-01"
"31307027";"tuss-22";"Cirurgia (via alta  ou  baixa)  do  prolápso  de  cúpula  vaginal (fixação  sacral  ou  no  ligamento sacro-espinhoso) qualquer técnica";"-";"2010-10-15";"2009-02-13"
"30101972";"tuss-22";"Abdominoplastia pós bariátrica";"-";"2021-06-30";"2021-04-01"
"31307019";"tuss-22";"Câncer de ovário (Debulking)";"-";"2010-10-15";"2009-02-13"
"30101964";"tuss-22";"Retalho expandido";"-";"2010-10-15";"2009-02-13"
"31306080";"tuss-22";"Retração cicraticial perineal";"-";"2010-10-15";"2010-09-09"
"30101956";"tuss-22";"Unha (enxerto) - tratamento cirúrgico";"-";"2010-10-15";"2009-02-13"
"31306071";"tuss-22";"Seio urogenital - plástica";"-";"2010-10-15";"2009-02-13"
"30101948";"tuss-22";"Cantoplastia ungueal";"-";"2010-10-15";"2009-02-13"
"31306063";"tuss-22";"Ressecção de tumor do septo reto-vaginal";"-";"2010-10-15";"2009-02-13"
"30101930";"tuss-22";"Abscesso de unha (drenagem) - tratamento cirúrgico";"-";"2010-10-15";"2009-02-13"
"30101921";"tuss-22";"Exérese e sutura de hemangioma, linfangioma ou nevus (por grupo de até 5 lesões) ";"-";"2010-10-15";"2009-02-13"
"31306055";"tuss-22";"Reconstrução perineal com retalhos miocutâneos";"-";"2010-10-15";"2009-02-13"
"30101913";"tuss-22";"TU partes moles - exérese ";"-";"2010-10-15";"2009-02-13"
"31306047";"tuss-22";"Perineorrafia (não obstétrica) e/ou episiotomia e/ou episiorrafia";"-";"2010-10-15";"2009-02-13"
"30101905";"tuss-22";"Tratamento de lesões cutâneas e vasculares a laser/photoderm - por sessão";"-";"2010-10-15";"2009-02-13"
"31306039";"tuss-22";"Correção de rotura perineal de III  grau  (com lesão  do  esfincter)  e  reconstituição  por  plástica - qualquer técnica";"-";"2010-10-15";"2009-02-13"
"30101891";"tuss-22";"Tratamento de fístula cutânea";"-";"2010-10-15";"2009-02-13"
"31306020";"tuss-22";"Correção de enterocele";"-";"2010-10-15";"2009-02-13"
"30101883";"tuss-22";"Tratamento de escaras ou ulcerações com retalhos miocutâneos ou musculares";"-";"2010-10-15";"2009-02-13"
"31306012";"tuss-22";"Correção de defeito lateral ";"-";"2010-10-15";"2009-02-13"
"30101875";"tuss-22";"Tratamento de escaras ou ulcerações com retalhos cutâneos locais ";"-";"2010-10-15";"2009-02-13"
"31305032";"tuss-22";"Ooforectomia laparoscópica uni ou bilateral ou ooforoplastia uni ou bilateral";"-";"2010-10-15";"2009-02-13"
"30101867";"tuss-22";"Tratamento de escaras ou ulcerações com enxerto de pele ";"-";"2010-10-15";"2009-02-13"
"31305024";"tuss-22";"Translocação de ovários";"-";"2010-10-15";"2009-02-13"
"30101859";"tuss-22";"Tratamento de anomalias pilosas a laser/photoderm - por sessão";"-";"2010-10-15";"2009-02-13"
"31305016";"tuss-22";"Ooforectomia uni ou bilateral ou ooforoplastia uni ou bilateral";"-";"2010-10-15";"2009-02-13"
"30101840";"tuss-22";"Tratamento da miiase furunculóide (por lesão) ";"-";"2010-10-15";"2009-02-13"
"31304095";"tuss-22";"Implante de dispositivo intratubário não hormonal";"-";"2014-08-31";"2014-05-26"
"30101832";"tuss-22";"Tratamento cirúrgico de grandes hemangiomas ";"-";"2010-10-15";"2009-02-13"
"31304087";"tuss-22";"Salpingectomia uni ou bilateral laparoscópica";"-";"2010-10-15";"2009-02-13"
"30101824";"tuss-22";"Tratamento cirúrgico de bridas constrictivas ";"-";"2010-10-15";"2009-02-13"
"31304079";"tuss-22";"Recanalização tubária laparoscópica uni ou bilateral";"-";"2010-10-15";"2009-02-13"
"30101816";"tuss-22";"Transferência intermediária de retalho";"-";"2010-10-15";"2009-02-13"
"31304060";"tuss-22";"Neossalpingostomia distal laparoscópica";"-";"2010-10-15";"2009-02-13"
"30101808";"tuss-22";"Transecção de retalho";"-";"2010-10-15";"2009-02-13"
"31304052";"tuss-22";"Cirurgia de esterilização feminina (laqueadura tubárica laparoscópica)";"-";"2017-07-09";"2017-04-10"
"30101794";"tuss-22";"Sutura de pequenos ferimentos com ou sem desbridamento ";"-";"2010-10-15";"2009-02-13"
"31304044";"tuss-22";"Salpingectomia uni ou bilateral";"-";"2010-10-15";"2009-02-13"
"30101786";"tuss-22";"Sutura de extensos ferimentos com ou sem desbridamento ";"-";"2010-10-15";"2009-02-13"
"31304036";"tuss-22";"Recanalização tubária (qualquer técnica), uni ou bilateral (com microscópio ou lupa)";"-";"2010-10-15";"2009-02-13"
"30101778";"tuss-22";"Retração de aponevrose palmar (Dupuytren) - tratamento cirúrgico";"-";"2010-10-15";"2009-02-13"
"31304028";"tuss-22";"Neossalpingostomia distal";"-";"2010-10-15";"2009-02-13"
"30101760";"tuss-22";"Retração cicatricial do cotovelo - tratamento cirúrgico";"-";"2010-10-15";"2009-02-13"
"31304010";"tuss-22";"Cirurgia de esterilização feminina (laqueadura tubárica convencional)";"-";"2017-07-09";"2017-04-10"
"30101751";"tuss-22";"Retração cicatricial de zona de flexão e extensão de membros superiores e inferiores - tratamento cirúrgico";"-";"2010-10-15";"2009-02-13"
"31303382";"tuss-22";"Implante de dispositivo intra-uterino (DIU) não hormonal - remoção";"-";"2021-10-31";"2021-08-01"
"30101743";"tuss-22";"Retração cicatricial de axila - tratamento cirúrgico";"-";"2010-10-15";"2009-02-13"
"31303374";"tuss-22";"Implante de dispositivo intra-uterino (DIU) hormonal - remoção";"-";"2021-10-31";"2021-08-01"
"30101735";"tuss-22";"Retirada de corpo estranho subcutâneo";"-";"2010-10-15";"2009-02-13"
"31303366";"tuss-22";"Histeroscopia com ressectoscópio para miomectomia";"-";"2021-10-31";"2021-08-01"
"30101719";"tuss-22";"Retalho muscular ou miocutâneo";"-";"2010-10-15";"2009-02-13"
"31303358";"tuss-22";"Histerectomia total - via vaginal";"-";"2021-10-31";"2021-08-01"
"30101700";"tuss-22";"Retalho local ou regional";"-";"2010-10-15";"2009-02-13"
"31303340";"tuss-22";"Implante subdérmico hormonal para contracepção - remoção";"-";"2021-10-31";"2021-08-01"
"30101697";"tuss-22";"Retalho composto (incluindo cartilagem ou osso)";"-";"2010-10-15";"2009-02-13"
"31303331";"tuss-22";"Implante subdérmico hormonal para contracepção - inserção";"-";"2021-10-31";"2021-08-01"
"30101689";"tuss-22";"Reconstrução com retalhos de gálea aponeurótica";"-";"2010-10-15";"2009-02-13"
"31303323";"tuss-22";"Histerectomia pós-parto";"-";"2014-08-31";"2012-10-10"
"30101670";"tuss-22";"Plástica em Z ou W ";"-";"2010-10-15";"2009-02-13"
"31303315";"tuss-22";"Curetagem uterina pós-parto";"-";"2014-08-31";"2012-10-10"
"30101662";"tuss-22";"Matricectomia por dobra ungueal";"-";"2010-10-15";"2009-02-13"
"31303307";"tuss-22";"Histeroscopia cirúrgica para a retirada de DIU ";"-";"2014-08-31";"2022-08-01"
"30101654";"tuss-22";"Lasercirurgia (por sessão) ";"-";"2010-10-15";"2009-02-13"
"31303293";"tuss-22";"Implante de dispositivo intra-uterino (DIU) hormonal - inserção";"-";"2010-10-15";"2022-08-01"
"30101646";"tuss-22";"Infiltração  intralesional, cicatricial / hemangiomas - por sessão";"-";"2010-10-15";"2009-02-13"
"31303285";"tuss-22";"Histerectomia puerperal";"-";"2010-10-15";"2009-02-13"
"30101638";"tuss-22";"Incisão e drenagem de flegmão";"-";"2010-10-15";"2009-02-13"
"31303269";"tuss-22";"Implante de dispositivo intra-uterino (DIU) não hormonal - inserção";"-";"2010-10-15";"2022-08-01"
"30101620";"tuss-22";"Incisão e drenagem de abscesso, hematoma ou panarício ";"-";"2010-10-15";"2009-02-13"
"31303250";"tuss-22";"Miomectomia uterina laparoscópica";"-";"2010-10-15";"2009-02-13"
"30101611";"tuss-22";"Incisão e drenagem de tenossinovites purulentas";"-";"2010-10-15";"2009-02-13"
"31303242";"tuss-22";"Metroplastia laparoscópica";"-";"2010-10-15";"2009-02-13"
"30101603";"tuss-22";"Ferimentos infectados e mordidas de animais (desbridamento)";"-";"2010-10-15";"2009-02-13"
"31303234";"tuss-22";"Histerectomia total laparoscópica com anexectomia uni ou bilateral";"-";"2010-10-15";"2009-02-13"
"30101590";"tuss-22";"Face - biópsia";"-";"2010-10-15";"2009-02-13"
"31303226";"tuss-22";"Histerectomia total laparoscópica ampliada";"-";"2010-10-15";"2009-02-13"
"30101581";"tuss-22";"Extensos ferimentos, cicatrizes, ou tumores - exérese e enxerto cutâneo";"-";"2010-10-15";"2009-02-13"
"31303218";"tuss-22";"Histerectomia total laparoscópica";"-";"2010-10-15";"2009-02-13"
"30101573";"tuss-22";"Extensos ferimentos, cicatrizes ou tumores - exérese e rotação de retalhos musculares ";"-";"2010-10-15";"2009-02-13"
"31303200";"tuss-22";"Histerectomia subtotal laparoscópica com ou sem anexectomia, uni ou bilateral - via alta";"-";"2010-10-15";"2009-02-13"
"30101565";"tuss-22";"Extensos ferimentos, cicatrizes ou tumores - exérese e rotação de retalhos miocutâneos";"-";"2010-10-15";"2009-02-13"
"31303196";"tuss-22";"Cauterização química, ou eletrocauterização, ou criocauterização de lesões de colo uterino (por sessão)";"-";"2010-10-15";"2009-02-13"
"30101557";"tuss-22";"Extensos ferimentos, cicatrizes ou tumores - exérese e rotação de retalho fasciocutâneo ou axial ";"-";"2010-10-15";"2009-02-13"
"31303188";"tuss-22";"Histeroscopia com ressectoscópio para polipectomia, metroplastia, endometrectomia e ressecção de sinéquias";"-";"2010-10-15";"2021-08-01"
"30101549";"tuss-22";"Extensos ferimentos, cicatrizes ou tumores - exérese e retalhos cutâneos à distância";"-";"2010-10-15";"2009-02-13"
"31303170";"tuss-22";"Histeroscopia cirúrgica com biópsia e/ou curetagem uterina, lise de sinéquias, retirada de corpo estranho";"-";"2010-10-15";"2009-02-13"
"30101530";"tuss-22";"Extensos ferimentos, cicatrizes ou tumores - exérese e emprego de retalhos cutâneos ou musculares  cruzados (por estágio) ";"-";"2010-10-15";"2009-02-13"
"31303161";"tuss-22";"Traquelectomia radical (não inclui a linfadenectomia)";"-";"2010-10-15";"2009-02-13"
"30101522";"tuss-22";"Extensos ferimentos, cicatrizes ou tumores - excisão e retalhos cutâneos da região";"-";"2010-10-15";"2009-02-13"
"31303153";"tuss-22";"Traquelectomia - amputação, conização - (com ou sem cirurgia de alta frequência / CAF) ";"-";"2010-10-15";"2009-02-13"
"30101514";"tuss-22";"Expansão tissular (por sessão)";"-";"2010-10-15";"2009-02-13"
"31303145";"tuss-22";"Miomectomia uterina";"-";"2010-10-15";"2009-02-13"
"30101506";"tuss-22";"Exérese tangencial (shaving) - (por grupo de até 5 lesões) ";"-";"2010-10-15";"2009-02-13"
"31303137";"tuss-22";"Metroplastia (Strassmann ou outra técnica)";"-";"2010-10-15";"2009-02-13"
"30101492";"tuss-22";"Exérese e sutura simples de pequenas lesões (por grupo de até 5 lesões)";"-";"2010-10-15";"2009-02-13"
"31303129";"tuss-22";"Histerectomia total com anexectomia uni ou bilateral - qualquer via";"-";"2010-10-15";"2009-02-13"
"30101484";"tuss-22";"Exérese de unha";"-";"2010-10-15";"2009-02-13"
"31303110";"tuss-22";"Histerectomia total ampliada - qualquer via - (não inclui a linfadenectomia pélvica)";"-";"2010-10-15";"2009-02-13"
"30101476";"tuss-22";"Exérese de tumor e rotação de retalho músculo-cutâneo";"-";"2010-10-15";"2009-02-13"
"31303102";"tuss-22";"Histerectomia total - via abdominal";"-";"2010-10-15";"2021-08-01"
"30101468";"tuss-22";"Exérese de lesão / tumor de pele e mucosas";"-";"2010-10-15";"2009-02-13"
"31303080";"tuss-22";"Histerectomia subtotal com ou sem anexectomia, uni ou bilateral - qualquer via";"-";"2010-10-15";"2009-02-13"
"30101450";"tuss-22";"Exérese e sutura de lesões (circulares ou não) com rotação de retalhos cutâneos ";"-";"2010-10-15";"2009-02-13"
"31303072";"tuss-22";"Excisão de pólipo cervical";"-";"2010-10-15";"2009-02-13"
"30101441";"tuss-22";"Exérese de lesão com auto-enxertia ";"-";"2010-10-15";"2009-02-13"
"31303064";"tuss-22";"Dilatação do colo uterino";"-";"2010-10-15";"2009-02-13"
"30101433";"tuss-22";"Exérese de higroma cístico no RN e lactente";"-";"2010-10-15";"2009-02-13"
"31303056";"tuss-22";"Curetagem ginecológica semiótica e/ou terapêutica com ou sem dilatação de colo uterino";"-";"2010-10-15";"2009-02-13"
"30101425";"tuss-22";"Exérese de higroma cístico";"-";"2010-10-15";"2009-02-13"
"31303030";"tuss-22";"Biópsia do endométrio";"-";"2010-10-15";"2009-02-13"
"30101417";"tuss-22";"Esfoliação química superficial (por sessão) ";"-";"2010-10-15";"2009-02-13"
"31303021";"tuss-22";"Biópsia do colo uterino";"-";"2010-10-15";"2009-02-13"
"30101409";"tuss-22";"Esfoliação química profunda (por sessão) ";"-";"2010-10-15";"2009-02-13"
"31303013";"tuss-22";"Aspiração manual intra-uterina (AMIU)";"-";"2010-10-15";"2009-02-13"
"30101395";"tuss-22";"Esfoliação química média (por sessão) ";"-";"2010-10-15";"2009-02-13"
"31302130";"tuss-22";"Cauterização química, ou eletrocauterização, ou criocauterização de lesões da vagina (por grupo de até 5 lesões)";"-";"2010-10-15";"2009-02-13"
"30101387";"tuss-22";"Escarectomia descompressiva (pele e estruturas profundas) - por unidade topográfica (UT)";"-";"2010-10-15";"2009-02-13"
"31302122";"tuss-22";"Neovagina (cólon, delgado, tubo de pele)";"-";"2010-10-15";"2009-02-13"
"30101379";"tuss-22";"Escalpo total - tratamento cirúrgico";"-";"2010-10-15";"2009-02-13"
"31302114";"tuss-22";"Himenotomia";"-";"2010-10-15";"2009-02-13"
"30101360";"tuss-22";"Escalpo  parcial  -  tratamento cirúrgico";"-";"2010-10-15";"2009-02-13"
"31302106";"tuss-22";"Fístula ginecológica - tratamento cirúrgico";"-";"2010-10-15";"2009-02-13"
"30101352";"tuss-22";"Epilação por eletrólise (por sessão)";"-";"2010-10-15";"2009-02-13"
"31302092";"tuss-22";"Extração de corpo estranho com anestesia geral ou bloqueio";"-";"2010-10-15";"2009-02-13"
"30101344";"tuss-22";"Enxerto de pele múltiplo - por unidade topográfica (UT)";"-";"2010-10-15";"2009-02-13"
"31302084";"tuss-22";"Exérese de cisto vaginal";"-";"2010-10-15";"2009-02-13"
"30101336";"tuss-22";"Enxerto de pele (homoenxerto inclusive)";"-";"2010-10-15";"2009-02-13"
"31302076";"tuss-22";"Colpotomia ou culdocentese";"-";"2010-10-15";"2009-02-13"
"30101328";"tuss-22";"Enxerto de mucosa";"-";"2010-10-15";"2009-02-13"
"31302068";"tuss-22";"Colporrafia ou colpoperineoplastia incluindo ressecção de septo ou ressutura de parede vaginal";"-";"2010-10-15";"2009-02-13"
"30101310";"tuss-22";"Enxerto composto ";"-";"2010-10-15";"2009-02-13"
"31302050";"tuss-22";"Colpoplastia posterior com perineorrafia";"-";"2010-10-15";"2009-02-13"
"30101301";"tuss-22";"Enxerto cartilaginoso";"-";"2010-10-15";"2009-02-13"
"31302041";"tuss-22";"Colpoplastia anterior";"-";"2010-10-15";"2009-02-13"
"30101298";"tuss-22";"Eletrocoagulação de lesões de pele e mucosas - com ou sem curetagem (por grupo de até 5 lesões)";"-";"2010-10-15";"2009-02-13"
"31302033";"tuss-22";"Colpocleise (Lefort)";"-";"2010-10-15";"2009-02-13"
"30101280";"tuss-22";"Desbridamento cirúrgico - por unidade topográfica (UT) ";"-";"2010-10-15";"2009-02-13"
"31302025";"tuss-22";"Colpectomia";"-";"2010-10-15";"2009-02-13"
"30101271";"tuss-22";"Dermolipectomia para correção de abdome em avental";"-";"2010-10-15";"2009-02-13"
"31302017";"tuss-22";"Biópsia de vagina";"-";"2010-10-15";"2009-02-13"
"30101263";"tuss-22";"Dermoabrasão de lesões cutâneas";"-";"2010-10-15";"2009-02-13"
"31301142";"tuss-22";"Laserterapia, trato gential inferior feminino";"-";"2014-08-31";"2012-10-10"
"30101255";"tuss-22";"Curetagem simples de lesões de pele (por grupo de até 5 lesões)";"-";"2010-10-15";"2009-02-13"
"31301134";"tuss-22";"Vulvectomia simples";"-";"2010-10-15";"2009-02-13"
"30101247";"tuss-22";"Curetagem e eletrocoagulação de CA de pele (por lesão)";"-";"2010-10-15";"2009-02-13"
"31301126";"tuss-22";"Vulvectomia ampliada (não inclui a linfadenectomia)";"-";"2010-10-15";"2009-02-13"
"30101239";"tuss-22";"Curativo especial sob anestesia - por unidade topográfica (UT) ";"-";"2010-10-15";"2009-02-13"
"31301118";"tuss-22";"Marsupialização da glândula de Bartholin";"-";"2010-10-15";"2009-02-13"
"30101220";"tuss-22";"Curativo de queimaduras - por unidade topográfica (UT) hospitalar";"-";"2010-10-15";"2009-02-13"
"31301100";"tuss-22";"Incisão e drenagem da glândula de Bartholin ou Skene";"-";"2010-10-15";"2009-02-13"
"30101212";"tuss-22";"Curativo de queimaduras - por unidade topográfica (UT) ambulatorial ";"-";"2010-10-15";"2009-02-13"
"31301096";"tuss-22";"Hipertrofia dos pequenos lábios - correção cirúrgica";"-";"2010-10-15";"2009-02-13"
"30101204";"tuss-22";"Criocirurgia (nitrogênio líquido) de neoplasias cutâneas";"-";"2010-10-15";"2009-02-13"
"31301088";"tuss-22";"Exérese de lesão da vulva e/ou do períneo (por grupo de até 5 lesões)";"-";"2010-10-15";"2009-02-13"
"30101190";"tuss-22";"Correção de lipodistrofia braquial, crural ou trocanteriana de membros superiores e inferiores";"-";"2010-10-15";"2009-02-13"
"31301070";"tuss-22";"Exérese de glândula de Skene";"-";"2010-10-15";"2009-02-13"
"30101182";"tuss-22";"Correção de deformidades por exérese de tumores, cicatrizes ou ferimentos, com o emprego de expansores de tecido, em retalhos cutâneos (por estágio)";"-";"2010-10-15";"2009-02-13"
"31301061";"tuss-22";"Excisão radical local da vulva (não inclui a linfadenectomia)";"-";"2010-10-15";"2009-02-13"
"30101174";"tuss-22";"Correção de deformidades por exérese de tumores, cicatrizes ou ferimentos com o emprego de expansores  em retalhos  musculares ou miocutâneos (por estágio)";"-";"2010-10-15";"2009-02-13"
"31301053";"tuss-22";"Clitoroplastia";"-";"2010-10-15";"2009-02-13"
"30101166";"tuss-22";"Correção de deformidades nos membros com utilização de implantes";"-";"2010-10-15";"2009-02-13"
"31301045";"tuss-22";"Clitorectomia (parcial ou total)";"-";"2010-10-15";"2009-02-13"
"30101158";"tuss-22";"Correção cirúrgica de sequelas de alopecia traumática com microenxertos pilosos (por região)";"-";"2010-10-15";"2009-02-13"
"31301037";"tuss-22";"Cauterização química, ou eletrocauterização, ou criocauterização de lesões da vulva (por grupo de até 5 lesões)";"-";"2010-10-15";"2009-02-13"
"30101140";"tuss-22";"Correção cirúrgica de linfedema (por estágio)";"-";"2010-10-15";"2009-02-13"
"31301029";"tuss-22";"Biópsia de vulva";"-";"2010-10-15";"2009-02-13"
"30101123";"tuss-22";"Cirurgia micrográfica de Mohs";"-";"2010-10-15";"2009-02-13"
"31301010";"tuss-22";"Bartolinectomia unilateral";"-";"2010-10-15";"2009-02-13"
"30101115";"tuss-22";"Cirurgia da hidrosadenite (por região)";"-";"2010-10-15";"2009-02-13"
"30101107";"tuss-22";"Cauterização química (por grupo de até 5 lesões) ";"-";"2010-10-15";"2009-02-13"
"30101093";"tuss-22";"Calosidade e/ou mal perfurante - desbastamento (por lesão)";"-";"2010-10-15";"2009-02-13"
"30101085";"tuss-22";"Biópsia de unha";"-";"2010-10-15";"2009-02-13"
"30101069";"tuss-22";"Autonomização de retalho - por estágio ";"-";"2010-10-15";"2009-02-13"
"30101050";"tuss-22";"Apêndice pré-auricular - ressecção";"-";"2010-10-15";"2009-02-13"
"30101042";"tuss-22";"Alopecia parcial - rotação múltipla de retalhos";"-";"2010-10-15";"2009-02-13"
"30101034";"tuss-22";"Alopecia parcial - rotação de retalho";"-";"2010-10-15";"2009-02-13"
"30101026";"tuss-22";"Alopecia parcial - exérese e sutura";"-";"2010-10-15";"2009-02-13"
"30101018";"tuss-22";"Abrasão cirúrgica (por sessão)";"-";"2010-10-15";"2009-02-13"
"31206263";"tuss-22";"Revascularização peniana";"-";"2010-10-15";"2009-02-13"
"31206255";"tuss-22";"Reimplante do pênis";"-";"2010-10-15";"2009-02-13"
"31206247";"tuss-22";"Reconstrução de pênis com enxerto - plástica total";"-";"2010-10-15";"2009-02-13"
"31206239";"tuss-22";"Priapismo - tratamento cirúrgico";"-";"2010-10-15";"2009-02-13"
"31206220";"tuss-22";"Postectomia";"-";"2010-10-15";"2009-02-13"
"31206212";"tuss-22";"Plástica do freio bálano-prepucial";"-";"2010-10-15";"2009-02-13"
"31206204";"tuss-22";"Plástica de corpo cavernoso";"-";"2010-10-15";"2009-02-13"
"31206190";"tuss-22";"Plástica - retalho cutâneo à distância";"-";"2010-10-15";"2009-02-13"
"31206182";"tuss-22";"Pênis curvo congênito - tratamento cirúrgico";"-";"2010-10-15";"2009-02-13"
"31206174";"tuss-22";"Parafimose - redução manual ou cirúrgica";"-";"2010-10-15";"2009-02-13"
"31206166";"tuss-22";"Neofaloplastia com retalho inguinal pediculado com reconstrução uretral - por estágio";"-";"2010-10-15";"2009-02-13"
"31206158";"tuss-22";"Neofaloplastia - por estágio";"-";"2010-10-15";"2009-02-13"
"31206140";"tuss-22";"Implante de prótese semi-rígida (exclui próteses infláveis)";"-";"2010-10-15";"2009-02-13"
"31206131";"tuss-22";"Implante de prótese peniana inflável";"-";"2010-10-15";"2021-07-01"
"31206123";"tuss-22";"Hipospadia proximal - tratamento em 1 tempo - tratamento cirúrgico";"-";"2010-10-15";"2009-02-13"
"31206115";"tuss-22";"Hipospadia distal - tratamento em 1 tempo - tratamento cirúrgico";"-";"2010-10-15";"2009-02-13"
"31206107";"tuss-22";"Hipospadia - por estágio - tratamento cirúrgico";"-";"2010-10-15";"2009-02-13"
"31206093";"tuss-22";"Fratura de pênis - tratamento cirúrgico";"-";"2010-10-15";"2009-02-13"
"31206085";"tuss-22";"Epispadia com incontinência - tratamento cirúrgico";"-";"2010-10-15";"2009-02-13"
"31206077";"tuss-22";"Epispadia - reconstrução por etapa";"-";"2010-10-15";"2009-02-13"
"31206069";"tuss-22";"Emasculação";"-";"2010-10-15";"2009-02-13"
"31206050";"tuss-22";"Eletrocoagulação de lesões cutâneas";"-";"2010-10-15";"2009-02-13"
"31206042";"tuss-22";"Doença de Peyronie - tratamento cirúrgico";"-";"2010-10-15";"2009-02-13"
"31206034";"tuss-22";"Biópsia peniana";"-";"2010-10-15";"2009-02-13"
"31206026";"tuss-22";"Amputação total";"-";"2010-10-15";"2009-02-13"
"31206018";"tuss-22";"Amputação parcial";"-";"2010-10-15";"2009-02-13"
"31205089";"tuss-22";"Vasostomia";"-";"2010-10-15";"2009-02-13"
"31205070";"tuss-22";"Cirurgia esterilizadora masculina";"-";"2010-10-15";"2010-09-09"
"31205046";"tuss-22";"Vasectomia unilateral";"-";"2010-10-15";"2009-02-13"
"31205038";"tuss-22";"Recanalização dos ductus deferentes (microcirurgia)";"-";"2017-07-09";"2017-04-10"
"31205020";"tuss-22";"Exploração cirúrgica do deferente unilateral";"-";"2010-10-15";"2009-02-13"
"31205011";"tuss-22";"Espermatocelectomia unilateral";"-";"2010-10-15";"2009-02-13"
"31204066";"tuss-22";"Exérese de cisto unilateral";"-";"2010-10-15";"2009-02-13"
"31204058";"tuss-22";"Epididimovasoplastia unilateral microcirúrgica";"-";"2010-10-15";"2009-02-13"
"31204040";"tuss-22";"Epididimovasoplastia unilateral";"-";"2010-10-15";"2009-02-13"
"31204031";"tuss-22";"Epididimectomia unilateral";"-";"2010-10-15";"2009-02-13"
"31204023";"tuss-22";"Drenagem de abscesso - epidídimo";"-";"2010-10-15";"2009-02-13"
"31204015";"tuss-22";"Biópsia de epidídimo";"-";"2010-10-15";"2009-02-13"
"31203167";"tuss-22";"Tumor testicular na criança";"-";"2021-10-31";"2021-08-01"
"31203159";"tuss-22";"Correção laparoscópica de varicocele unilateral";"-";"2010-10-15";"2009-02-13"
"31203140";"tuss-22";"Orquiectomia intra-abdominal laparoscópica unilateral";"-";"2010-10-15";"2009-02-13"
"31203132";"tuss-22";"Orquidopexia laparoscópica unilateral";"-";"2010-10-15";"2009-02-13"
"31203124";"tuss-22";"Varicocele unilateral - correção cirúrgica";"-";"2010-10-15";"2009-02-13"
"31203116";"tuss-22";"Tumor de testículo - ressecção";"-";"2010-10-15";"2009-02-13"
"31203108";"tuss-22";"Torção de testículo - cura cirúrgica";"-";"2010-10-15";"2009-02-13"
"31203094";"tuss-22";"Reparação plástica (trauma)";"-";"2010-10-15";"2009-02-13"
"31203086";"tuss-22";"Punção da vaginal";"-";"2010-10-15";"2009-02-13"
"31203078";"tuss-22";"Orquiectomia unilateral";"-";"2010-10-15";"2009-02-13"
"31203060";"tuss-22";"Orquidopexia unilateral";"-";"2010-10-15";"2009-02-13"
"31203051";"tuss-22";"Implante de prótese testicular unilateral";"-";"2010-10-15";"2009-02-13"
"31203043";"tuss-22";"Hidrocele unilateral - correção cirúrgica";"-";"2010-10-15";"2009-02-13"
"31203035";"tuss-22";"Escroto agudo - exploração cirúrgica";"-";"2010-10-15";"2009-02-13"
"31203027";"tuss-22";"Biópsia unilateral de testículo";"-";"2010-10-15";"2009-02-13"
"31203019";"tuss-22";"Autotransplante de um testículo";"-";"2010-10-15";"2009-02-13"
"31202071";"tuss-22";"Ressecção parcial da bolsa escrotal";"-";"2010-10-15";"2009-02-13"
"31202063";"tuss-22";"Reconstrução da bolsa escrotal com retalho inguinal pediculado - por estágio";"-";"2010-10-15";"2009-02-13"
"31202055";"tuss-22";"Plástica escrotal";"-";"2010-10-15";"2009-02-13"
"31202047";"tuss-22";"Exérese de cisto escrotal";"-";"2010-10-15";"2009-02-13"
"31202039";"tuss-22";"Elefantíase peno-escrotal - tratamento cirúrgico";"-";"2010-10-15";"2009-02-13"
"31202020";"tuss-22";"Drenagem de abscesso - escroto";"-";"2010-10-15";"2009-02-13"
"31202012";"tuss-22";"Biópsia escrotal";"-";"2010-10-15";"2009-02-13"
"31201164";"tuss-22";"Hipertrofia prostática - tratamento por diatemia";"-";"2010-10-15";"2009-02-13"
"31201156";"tuss-22";"Exérese laparoscópica de cisto de vesícula seminal unilateral";"-";"2010-10-15";"2009-02-13"
"31201148";"tuss-22";"Prostatavesiculectomia radical laparoscópica";"-";"2010-10-15";"2009-02-13"
"31201130";"tuss-22";"Ressecção endoscópica da próstata";"-";"2010-10-15";"2009-02-13"
"31201121";"tuss-22";"Prostatectomia a céu aberto";"-";"2010-10-15";"2009-02-13"
"31201113";"tuss-22";"Prostatavesiculectomia radical";"-";"2010-10-15";"2009-02-13"
"31201105";"tuss-22";"Hipertrofia prostática - tratamento por dilatação";"-";"2010-10-15";"2009-02-13"
"31201091";"tuss-22";"Hipertrofia prostática - implante de prótese";"-";"2010-10-15";"2009-02-13"
"31201083";"tuss-22";"Hipertrofia prostática - hipertermia ou termoterapia";"-";"2010-10-15";"2009-02-13"
"31201075";"tuss-22";"Hemorragia da loja prostática - revisão endoscópica";"-";"2010-10-15";"2009-02-13"
"31201067";"tuss-22";"Hemorragia da loja prostática - evacuação e irrigação";"-";"2010-10-15";"2009-02-13"
"31201059";"tuss-22";"Eletrovaporização de próstata";"-";"2010-10-15";"2009-02-13"
"31201040";"tuss-22";"Biópsia prostática - mais de 8 fragmentos";"-";"2010-10-15";"2009-02-13"
"31201032";"tuss-22";"Biópsia prostática - até 8 fragmentos";"-";"2010-10-15";"2009-02-13"
"31201024";"tuss-22";"Abscesso de próstata - drenagem";"-";"2010-10-15";"2009-02-13"
"31201016";"tuss-22";"Ablação prostática a laser por via endoscópica";"-";"2010-10-15";"2023-08-01"
"31104304";"tuss-22";"Retirada de implante no tratamento da incontinência urinária masculina - esfincter artificial";"-";"2021-10-31";"2021-08-01"
"31104290";"tuss-22";"Retirada e/ou substituição de implante no tratamento da incontinência urinária masculina - esfincter artificial";"-";"2014-08-31";"2013-12-01"
"31104282";"tuss-22";"Incontinência urinária masculina - esfincter artificial";"-";"2014-08-31";"2013-12-01"
"31104274";"tuss-22";"Incontinência urinária masculina - \"sling\"";"-";"2014-08-31";"2013-12-01"
"31104266";"tuss-22";"Uretrotomia externa para retirada de cálculo ou corpo estranho";"-";"2010-10-15";"2009-02-13"
"31104258";"tuss-22";"Ressecção de corda da uretra";"-";"2010-10-15";"2009-02-13"
"31104240";"tuss-22";"Uretrectomia total";"-";"2010-10-15";"2009-02-13"
"31104231";"tuss-22";"Uretrotomia interna com prótese endouretral";"-";"2010-10-15";"2009-02-13"
"31104223";"tuss-22";"Uretrotomia interna";"-";"2010-10-15";"2009-02-13"
"31104215";"tuss-22";"Uretrostomia";"-";"2010-10-15";"2009-02-13"
"31104207";"tuss-22";"Uretroplastia posterior";"-";"2010-10-15";"2009-02-13"
"31104193";"tuss-22";"Uretroplastia anterior";"-";"2010-10-15";"2009-02-13"
"31104185";"tuss-22";"Tumor uretral - excisão";"-";"2010-10-15";"2009-02-13"
"31104177";"tuss-22";"Ressecção de válvula uretral posterior";"-";"2010-10-15";"2009-02-13"
"31104169";"tuss-22";"Ressecção de carúncula";"-";"2010-10-15";"2009-02-13"
"31104150";"tuss-22";"Neouretra proximal (cistouretroplastia)";"-";"2010-10-15";"2009-02-13"
"31104142";"tuss-22";"Meatotomia uretral";"-";"2010-10-15";"2009-02-13"
"31104134";"tuss-22";"Meatoplastia (retalho cutâneo)";"-";"2010-10-15";"2009-02-13"
"31104126";"tuss-22";"Injeções periuretrais (incluindo uretrocistocopia) por tratamento";"-";"2010-10-15";"2009-02-13"
"31104118";"tuss-22";"Incontinência urinária masculina - tratamento cirúrgico (exclui implante de esfincter artificial)";"-";"2010-10-15";"2009-02-13"
"31104100";"tuss-22";"Fístula uretro-vaginal - correção cirúrgica";"-";"2010-10-15";"2009-02-13"
"31104096";"tuss-22";"Fístula uretro-retal - correção cirúrgica";"-";"2010-10-15";"2009-02-13"
"31104088";"tuss-22";"Fístula uretro-cutânea - correção cirúrgica";"-";"2010-10-15";"2009-02-13"
"31104070";"tuss-22";"Esfincterotomia - uretra";"-";"2010-10-15";"2009-02-13"
"31104061";"tuss-22";"Eletrocoagulação endoscópica";"-";"2010-10-15";"2009-02-13"
"31104053";"tuss-22";"Divertículo uretral - tratamento cirúrgico";"-";"2010-10-15";"2009-02-13"
"31104045";"tuss-22";"Corpo estranho ou cálculo - extração endoscópica";"-";"2010-10-15";"2009-02-13"
"31104037";"tuss-22";"Corpo estranho ou cálculo - extração cirúrgica";"-";"2010-10-15";"2009-02-13"
"31104029";"tuss-22";"Biópsia endoscópica de uretra";"-";"2010-10-15";"2009-02-13"
"31104010";"tuss-22";"Abscesso periuretral - tratamento cirúrgico";"-";"2010-10-15";"2009-02-13"
"31103596";"tuss-22";"Tratamento da hiperatividade vesical: injeção intravesical de toxina botulínica";"-";"2016-03-31";"2016-01-01"
"31103588";"tuss-22";"Tumor vesical, ressecção a céu aberto";"-";"2010-10-15";"2009-02-13"
"31103570";"tuss-22";"Colo vesical - ressecção cirúrgica";"-";"2010-10-15";"2009-02-13"
"31103561";"tuss-22";"Cistolitotripsia a laser";"-";"2010-10-15";"2009-02-13"
"31103553";"tuss-22";"Diverticulectomia vesical laparoscópica";"-";"2010-10-15";"2009-02-13"
"31103545";"tuss-22";"Neobexiga laparoscópica";"-";"2010-10-15";"2009-02-13"
"31103537";"tuss-22";"Cistectomia radical laparoscópica (inclui próstata ou útero)";"-";"2010-10-15";"2009-02-13"
"31103529";"tuss-22";"Cistectomia parcial laparoscópica";"-";"2010-10-15";"2009-02-13"
"31103510";"tuss-22";"Correção laparoscópica de incontinência urinária";"-";"2010-10-15";"2009-02-13"
"31103502";"tuss-22";"Neobexiga uretral continente";"-";"2010-10-15";"2009-02-13"
"31103499";"tuss-22";"Neobexiga retal continente";"-";"2010-10-15";"2009-02-13"
"31103480";"tuss-22";"Neobexiga cutânea continente";"-";"2010-10-15";"2009-02-13"
"31103472";"tuss-22";"Retirada endoscópica de duplo J";"-";"2010-10-15";"2009-02-13"
"31103464";"tuss-22";"Vesicostomia cutânea";"-";"2010-10-15";"2009-02-13"
"31103456";"tuss-22";"Tumor vesical - ressecção endoscópica";"-";"2010-10-15";"2009-02-13"
"31103448";"tuss-22";"Tumor vesical - fotocoagulação a laser";"-";"2010-10-15";"2009-02-13"
"31103430";"tuss-22";"Retenção por coágulo - aspiração vesical";"-";"2010-10-15";"2009-02-13"
"31103413";"tuss-22";"Reimplante uretero-vesical à Boari";"-";"2010-10-15";"2009-02-13"
"31103405";"tuss-22";"Punção e aspiração vesical";"-";"2010-10-15";"2009-02-13"
"31103391";"tuss-22";"Pólipos vesicais - ressecção endoscópica";"-";"2010-10-15";"2009-02-13"
"31103383";"tuss-22";"Pólipos vesicais - ressecção cirúrgica";"-";"2010-10-15";"2009-02-13"
"31103375";"tuss-22";"Incontinência urinária com colpoplastia anterior - tratamento cirúrgico (com ou sem uso de prótese)";"-";"2010-10-15";"2009-02-13"
"31103367";"tuss-22";"Incontinência urinária - tratamento endoscópico (injeção)";"-";"2010-10-15";"2009-02-13"
"31103359";"tuss-22";"Incontinência urinária - tratamento cirúrgico supra-púbico";"-";"2010-10-15";"2009-02-13"
"31103340";"tuss-22";"Incontinência urinária - suspensão endoscópica de colo";"-";"2010-10-15";"2009-02-13"
"31103332";"tuss-22";"Incontinência urinária - \"sling\" vaginal ou abdominal";"-";"2010-10-15";"2009-02-13"
"31103324";"tuss-22";"Fístula vésico-vaginal - tratamento cirúrgico";"-";"2010-10-15";"2009-02-13"
"31103316";"tuss-22";"Fístula vésico-uterina - tratamento cirúrgico";"-";"2010-10-15";"2009-02-13"
"31103308";"tuss-22";"Fístula vésico-retal - tratamento cirúrgico";"-";"2010-10-15";"2009-02-13"
"31103294";"tuss-22";"Fístula vésico-entérica - tratamento cirúrgico";"-";"2010-10-15";"2009-02-13"
"31103286";"tuss-22";"Fístula vésico-cutânea - tratamento cirúrgico";"-";"2010-10-15";"2009-02-13"
"31103278";"tuss-22";"Extrofia vesical - tratamento cirúrgico";"-";"2010-10-15";"2009-02-13"
"31103260";"tuss-22";"Extrofia em cloaca - tratamento cirúrgico";"-";"2010-10-15";"2009-02-13"
"31103251";"tuss-22";"Enterocistoplastia (ampliação vesical)";"-";"2010-10-15";"2009-02-13"
"31103243";"tuss-22";"Diverticulectomia vesical";"-";"2010-10-15";"2009-02-13"
"31103235";"tuss-22";"Corpo estranho - extração endoscópica";"-";"2010-10-15";"2009-02-13"
"31103227";"tuss-22";"Corpo estranho - extração cirúrgica";"-";"2010-10-15";"2009-02-13"
"31103219";"tuss-22";"Colo vesical - ressecção endoscópica";"-";"2010-10-15";"2009-02-13"
"31103200";"tuss-22";"Colo de divertículo - ressecção endoscópica";"-";"2010-10-15";"2009-02-13"
"31103197";"tuss-22";"Cistostomia por punção com trocater";"-";"2010-10-15";"2009-02-13"
"31103189";"tuss-22";"Cistostomia com procedimento endoscópico";"-";"2010-10-15";"2009-02-13"
"31103170";"tuss-22";"Cistostomia cirúrgica";"-";"2010-10-15";"2009-02-13"
"31103162";"tuss-22";"Cistorrafia (trauma)";"-";"2010-10-15";"2009-02-13"
"31103154";"tuss-22";"Cistoplastia redutora";"-";"2010-10-15";"2009-02-13"
"31103146";"tuss-22";"Cistolitotripsia transuretral (U.S., E.H., E.C.)";"-";"2010-10-15";"2009-02-13"
"31103138";"tuss-22";"Cistolitotripsia percutânea (U.S., E.H., E.C.)";"-";"2010-10-15";"2009-02-13"
"31103111";"tuss-22";"Cistolitotripsia extracorpórea - reaplicações (até 3 meses)";"-";"2010-10-15";"2009-02-13"
"31103103";"tuss-22";"Cistolitotripsia extracorpórea - 1ª sessão";"-";"2010-10-15";"2009-02-13"
"31103090";"tuss-22";"Cistolitotomia";"-";"2010-10-15";"2009-02-13"
"31103081";"tuss-22";"Cistectomia total";"-";"2010-10-15";"2009-02-13"
"31103073";"tuss-22";"Cistectomia radical (inclui próstata ou útero)";"-";"2010-10-15";"2009-02-13"
"31103065";"tuss-22";"Cistectomia parcial";"-";"2010-10-15";"2009-02-13"
"31103057";"tuss-22";"Cálculo vesical - extração endoscópica";"-";"2010-10-15";"2009-02-13"
"31103049";"tuss-22";"Biópsia vesical a céu aberto";"-";"2010-10-15";"2009-02-13"
"31103030";"tuss-22";"Biópsia endoscópica de bexiga (inclui cistoscopia)";"-";"2010-10-15";"2009-02-13"
"31103022";"tuss-22";"Bexiga psóica - tratamento cirúrgico";"-";"2010-10-15";"2009-02-13"
"31103014";"tuss-22";"Ampliação vesical";"-";"2010-10-15";"2009-02-13"
"31102590";"tuss-22";"Refluxo vésico-ureteral - tratamento endoscópico - unilateral";"-";"2017-07-09";"2017-04-10"
"31102581";"tuss-22";"Ureterolitotripsia transureteroscópica";"-";"2010-10-15";"2009-02-13"
"31102573";"tuss-22";"Ureteroenterostomia cutânea - unilateral";"-";"2010-10-15";"2009-02-13"
"31102565";"tuss-22";"Ureterorrenolitotripsia rígida unilateral a laser";"-";"2010-10-15";"2009-02-13"
"31102557";"tuss-22";"Reimplante ureterointestinal laparoscópico unilateral";"-";"2010-10-15";"2009-02-13"
"31102549";"tuss-22";"Reimplante uretero-vesical laparoscópico unilateral";"-";"2010-10-15";"2009-02-13"
"31102530";"tuss-22";"Correção laparoscópica de refluxo vesico-ureteral unilateral";"-";"2010-10-15";"2009-02-13"
"31102522";"tuss-22";"Ureteroplastia laparoscópica unilateral";"-";"2010-10-15";"2009-02-13"
"31102514";"tuss-22";"Ureteroureterostomia laparoscópica unilateral";"-";"2010-10-15";"2009-02-13"
"31102506";"tuss-22";"Ureterólise laparoscópica unilateral";"-";"2010-10-15";"2009-02-13"
"31102492";"tuss-22";"Ureterolitotomia laparoscópica unilateral";"-";"2010-10-15";"2009-02-13"
"31102476";"tuss-22";"Ureteroureterostomia unilateral";"-";"2010-10-15";"2009-02-13"
"31102468";"tuss-22";"Ureteroureterocistoneostomia";"-";"2010-10-15";"2009-02-13"
"31102450";"tuss-22";"Ureterotomia interna ureteroscópica rígida unilateral";"-";"2010-10-15";"2009-02-13"
"31102441";"tuss-22";"Ureterotomia interna ureteroscópica flexível unilateral";"-";"2010-10-15";"2009-02-13"
"31102433";"tuss-22";"Ureterotomia interna percutânea unilateral";"-";"2010-10-15";"2009-02-13"
"31102425";"tuss-22";"Ureterostomia cutânea unilateral";"-";"2010-10-15";"2009-02-13"
"31102417";"tuss-22";"Ureterossigmoidostomia unilateral";"-";"2010-10-15";"2009-02-13"
"31102409";"tuss-22";"Ureterossigmoidoplastia unilateral";"-";"2010-10-15";"2009-02-13"
"31102379";"tuss-22";"Ureterorrenolitotripsia rígida unilateral";"-";"2010-10-15";"2009-02-13"
"31102360";"tuss-22";"Ureterorrenolitotripsia flexível a laser unilateral";"-";"2010-10-15";"2009-02-13"
"31102352";"tuss-22";"Ureterorrenolitotomia unilateral";"-";"2010-10-15";"2009-02-13"
"31102344";"tuss-22";"Ureteroplastia unilateral";"-";"2010-10-15";"2009-02-13"
"31102328";"tuss-22";"Ureterolitotripsia extracorpórea - reaplicações (até 3 meses)";"-";"2010-10-15";"2009-02-13"
"31102310";"tuss-22";"Ureterolitotripsia extracorpórea - 1ª sessão";"-";"2010-10-15";"2009-02-13"
"31102301";"tuss-22";"Ureterolitotomia unilateral";"-";"2010-10-15";"2009-02-13"
"31102298";"tuss-22";"Ureterólise unilateral";"-";"2010-10-15";"2009-02-13"
"31102280";"tuss-22";"Ureteroileostomia cutânea unilateral";"-";"2010-10-15";"2009-02-13"
"31102271";"tuss-22";"Ureteroileocistostomia unilateral";"-";"2010-10-15";"2009-02-13"
"31102263";"tuss-22";"Ureterocele - tratamento endoscópico - unilateral";"-";"2017-07-09";"2022-08-01"
"31102255";"tuss-22";"Ureterocele unilateral - ressecção a céu aberto";"-";"2010-10-15";"2009-02-13"
"31102247";"tuss-22";"Ureterectomia unilateral";"-";"2010-10-15";"2009-02-13"
"31102239";"tuss-22";"Transureterostomia";"-";"2010-10-15";"2009-02-13"
"31102220";"tuss-22";"Retirada endoscópica de cálculo de ureter unilateral";"-";"2010-10-15";"2009-02-13"
"31102204";"tuss-22";"Reimplante uretero-vesical unilateral - via combinada";"-";"2010-10-15";"2009-02-13"
"31102182";"tuss-22";"Reimplante ureteral por via extra ou intravesical unilateral";"-";"2010-10-15";"2009-02-13"
"31102174";"tuss-22";"Reimplante ureterointestinal uni ou bilateral";"-";"2010-10-15";"2009-02-13"
"31102131";"tuss-22";"Meatotomia endoscópica unilateral";"-";"2010-10-15";"2009-02-13"
"31102123";"tuss-22";"Fístula uretero-vaginal unilateral (tratamento cirúrgico)";"-";"2010-10-15";"2009-02-13"
"31102115";"tuss-22";"Fístula uretero-intestinal unilateral (tratamento cirúrgico)";"-";"2010-10-15";"2009-02-13"
"31102107";"tuss-22";"Fístula uretero-cutânea unilateral (tratamento cirúrgico)";"-";"2010-10-15";"2009-02-13"
"31102093";"tuss-22";"Duplicação pieloureteral - tratamento cirúrgico - unilateral";"-";"2017-07-09";"2017-04-10"
"31102085";"tuss-22";"Dilatação endoscópica unilateral";"-";"2010-10-15";"2009-02-13"
"31102077";"tuss-22";"Colocação ureteroscópica de duplo J unilateral";"-";"2010-10-15";"2009-02-13"
"31102069";"tuss-22";"Colocação nefroscópica de duplo J unilateral";"-";"2010-10-15";"2009-02-13"
"31102050";"tuss-22";"Colocação cistoscópica de duplo J unilateral";"-";"2010-10-15";"2009-02-13"
"31102042";"tuss-22";"Colocação cirúrgica de duplo J unilateral";"-";"2010-10-15";"2009-02-13"
"31102034";"tuss-22";"Cateterismo ureteral unilateral";"-";"2010-10-15";"2009-02-13"
"31102026";"tuss-22";"Biópsia endoscópica de ureter unilateral";"-";"2010-10-15";"2009-02-13"
"31102018";"tuss-22";"Biópsia cirúrgica de ureter unilateral";"-";"2010-10-15";"2009-02-13"
"31101615";"tuss-22";"Pieloplastia laparoscópica unilateral na criança";"-";"2021-10-31";"2021-08-01"
"31101607";"tuss-22";"Pieloplastia na criança";"-";"2021-10-31";"2021-08-01"
"31101593";"tuss-22";"Cisto de supra-renal - tratamento cirúrgico";"-";"2010-10-15";"2009-02-13"
"31101585";"tuss-22";"Nefrectomia total unilateral por videolaparoscopia";"-";"2010-10-15";"2009-02-13"
"31101577";"tuss-22";"Nefrolitotripsia percutânea unilateral a laser";"-";"2010-10-15";"2009-02-13"
"31101569";"tuss-22";"Nefrectomia parcial laparoscópica unilateral";"-";"2010-10-15";"2009-02-13"
"31101550";"tuss-22";"Nefrectomia radical laparoscópica unilateral";"-";"2010-10-15";"2009-02-13"
"31101542";"tuss-22";"Nefroureterectomia com ressecção vesical laparoscópica unilateral";"-";"2010-10-15";"2009-02-13"
"31101534";"tuss-22";"Pielolitotomia laparoscópica unilateral";"-";"2010-10-15";"2009-02-13"
"31101526";"tuss-22";"Pieloplastia laparoscópica unilateral";"-";"2010-10-15";"2009-02-13"
"31101518";"tuss-22";"Nefropexia laparoscópica unilateral";"-";"2010-10-15";"2009-02-13"
"31101500";"tuss-22";"Biópsia renal laparoscópica unilateral";"-";"2010-10-15";"2009-02-13"
"31101496";"tuss-22";"Marsupialização laparoscópica de cisto renal unilateral";"-";"2010-10-15";"2009-02-13"
"31101488";"tuss-22";"Adrenalectomia laparoscópica unilateral";"-";"2010-10-15";"2009-02-13"
"31101470";"tuss-22";"Tumores retro-peritoneais  malignos unilaterais - exérese";"-";"2010-10-15";"2009-02-13"
"31101461";"tuss-22";"Tumor Wilms - tratamento cirúrgico";"-";"2010-10-15";"2009-02-13"
"31101453";"tuss-22";"Tumor renal - enucleação unilateral";"-";"2010-10-15";"2009-02-13"
"31101445";"tuss-22";"Tratamento cirúrgico da fístula pielo-intestinal";"-";"2010-10-15";"2009-02-13"
"31101437";"tuss-22";"Transuretero anastomose";"-";"2010-10-15";"2009-02-13"
"31101429";"tuss-22";"Sinfisiotomia (rim em ferradura)";"-";"2010-10-15";"2009-02-13"
"31101410";"tuss-22";"Revascularização renal - qualquer técnica";"-";"2010-10-15";"2009-02-13"
"31101402";"tuss-22";"Punção biópsia renal percutânea";"-";"2010-10-15";"2009-02-13"
"31101399";"tuss-22";"Punção aspirativa renal para diagnóstico de rejeição (ato médico)";"-";"2010-10-15";"2009-02-13"
"31101380";"tuss-22";"Pielotomia exploradora unilateral";"-";"2010-10-15";"2009-02-13"
"31101372";"tuss-22";"Pielostomia unilateral";"-";"2010-10-15";"2009-02-13"
"31101364";"tuss-22";"Pieloplastia";"-";"2010-10-15";"2009-02-13"
"31101356";"tuss-22";"Pielolitotomia unilateral";"-";"2010-10-15";"2009-02-13"
"31101348";"tuss-22";"Pielolitotomia com nefrolitotomia simples unilateral";"-";"2010-10-15";"2009-02-13"
"31101330";"tuss-22";"Pielolitotomia com nefrolitotomia anatrófica unilateral";"-";"2010-10-15";"2009-02-13"
"31101321";"tuss-22";"Nefroureterectomia com ressecção vesical unilateral";"-";"2010-10-15";"2009-02-13"
"31101313";"tuss-22";"Nefrostomia percutânea unilateral";"-";"2010-10-15";"2009-02-13"
"31101305";"tuss-22";"Nefrostomia a céu aberto unilateral";"-";"2010-10-15";"2009-02-13"
"31101291";"tuss-22";"Nefrorrafia (trauma) unilateral";"-";"2010-10-15";"2009-02-13"
"31101283";"tuss-22";"Nefropexia unilateral";"-";"2010-10-15";"2009-02-13"
"31101275";"tuss-22";"Nefrolitotripsia percutânea (pneumática ou pneumático-balística - MEC; eletrohidráulica -  E.H.; OU ultrassom - U.S.)";"-";"2010-10-15";"2021-04-01"
"31101259";"tuss-22";"Nefrolitotripsia extracorpórea - reaplicações (até 3 meses)";"-";"2010-10-15";"2009-02-13"
"31101240";"tuss-22";"Nefrolitotripsia extracorpórea - 1ª sessão";"-";"2010-10-15";"2009-02-13"
"31101232";"tuss-22";"Nefrolitotomia simples unilateral";"-";"2010-10-15";"2009-02-13"
"31101224";"tuss-22";"Nefrolitotomia percutânea unilateral";"-";"2010-10-15";"2009-02-13"
"31101216";"tuss-22";"Nefrolitotomia anatrófica unilateral";"-";"2010-10-15";"2009-02-13"
"31101208";"tuss-22";"Nefro ou pieloenterocistostomia unilateral";"-";"2010-10-15";"2009-02-13"
"31101194";"tuss-22";"Nefrectomia total unilateral";"-";"2010-10-15";"2009-02-13"
"31101186";"tuss-22";"Nefrectomia radical unilateral";"-";"2010-10-15";"2009-02-13"
"31101178";"tuss-22";"Nefrectomia parcial unilateral extracorpórea";"-";"2010-10-15";"2009-02-13"
"31101160";"tuss-22";"Nefrectomia parcial unilateral";"-";"2010-10-15";"2009-02-13"
"31101151";"tuss-22";"Nefrectomia parcial com ureterectomia";"-";"2010-10-15";"2009-02-13"
"31101135";"tuss-22";"Marsupialização de cistos renais unilateral";"-";"2010-10-15";"2009-02-13"
"31101127";"tuss-22";"Lombotomia exploradora";"-";"2010-10-15";"2009-02-13"
"31101119";"tuss-22";"Fístula pielo-cutânea - tratamento cirúrgico";"-";"2010-10-15";"2009-02-13"
"31101100";"tuss-22";"Estenose de junção pieloureteral - tratamento cirúrgico";"-";"2010-10-15";"2009-02-13"
"31101097";"tuss-22";"Endopielotomia percutânea unilateral";"-";"2010-10-15";"2009-02-13"
"31101089";"tuss-22";"Cisto renal - escleroterapia percutânea - por cisto";"-";"2010-10-15";"2009-02-13"
"31101070";"tuss-22";"Biópsia renal cirúrgica unilateral";"-";"2010-10-15";"2009-02-13"
"31101062";"tuss-22";"Autotransplante renal unilateral";"-";"2010-10-15";"2009-02-13"
"31101054";"tuss-22";"Angioplastia renal unilateral transluminal";"-";"2010-10-15";"2009-02-13"
"31101046";"tuss-22";"Angioplastia renal unilateral a céu aberto";"-";"2010-10-15";"2009-02-13"
"31101038";"tuss-22";"Adrenalectomia unilateral";"-";"2010-10-15";"2009-02-13"
"31101020";"tuss-22";"Abscesso renal ou peri-renal - drenagem percutânea";"-";"2010-10-15";"2009-02-13"
"31101011";"tuss-22";"Abscesso renal ou peri-renal - drenagem cirúrgica";"-";"2010-10-15";"2009-02-13"
"31009360";"tuss-22";"Herniorrafia inguinal em criança - unilateral";"-";"2010-10-15";"2010-09-09"
"31009352";"tuss-22";"Laparotomia exploradora, ou para biópsia, ou para drenagem de abscesso, ou para liberação de bridas em vigência de oclusão por videolaparoscopia";"-";"2010-10-15";"2009-02-13"
"31009344";"tuss-22";"Herniorrafia recidivante por videolaparoscopia";"-";"2010-10-15";"2009-02-13"
"31009336";"tuss-22";"Herniorrafia inguinal - unilateral por videolaparoscopia";"-";"2010-10-15";"2009-02-13"
"31009328";"tuss-22";"Herniorrafia crural - unilateral por videolaparoscopia";"-";"2010-10-15";"2009-02-13"
"31009310";"tuss-22";"Herniorrafia com ressecção intestinal - estrangulada - por videolaparoscopia";"-";"2010-10-15";"2009-02-13"
"31009301";"tuss-22";"Teratoma sacro-coccígeo - exérese";"-";"2010-10-15";"2009-02-13"
"31009298";"tuss-22";"Ressutura da parede abdominal (por deiscência total ou evisceração)";"-";"2010-10-15";"2009-02-13"
"31009280";"tuss-22";"Ressecção de cisto ou fístula ou restos do ducto onfalomesentérico";"-";"2010-10-15";"2009-02-13"
"31009271";"tuss-22";"Ressecção de cisto ou fístula de úraco";"-";"2010-10-15";"2009-02-13"
"31009263";"tuss-22";"Reparação de outras hérnias (inclui herniorrafia muscular)";"-";"2010-10-15";"2009-02-13"
"31009255";"tuss-22";"Reconstrução da parede abdominal com retalho muscular ou miocutâneo";"-";"2010-10-15";"2009-02-13"
"31009247";"tuss-22";"Paracentese abdominal";"-";"2010-10-15";"2009-02-13"
"31009239";"tuss-22";"Onfalocele/gastrosquise - segundo tempo - tratamento cirúrgico";"-";"2010-10-15";"2009-02-13"
"31009220";"tuss-22";"Onfalocele/gastrosquise em 1 tempo ou primeiro tempo ou prótese - tratamento cirúrgico";"-";"2010-10-15";"2009-02-13"
"31009204";"tuss-22";"Neuroblastoma abdominal - exérese";"-";"2010-10-15";"2009-02-13"
"31009174";"tuss-22";"Laparotomia exploradora, ou para biópsia, ou para drenagem de abscesso, ou para liberação de bridas em vigência de oclusão";"-";"2010-10-15";"2009-02-13"
"31009166";"tuss-22";"Herniorrafia umbilical";"-";"2010-10-15";"2009-02-13"
"31009158";"tuss-22";"Herniorrafia sem ressecção intestinal encarcerada";"-";"2010-10-15";"2009-02-13"
"31009140";"tuss-22";"Herniorrafia recidivante";"-";"2010-10-15";"2009-02-13"
"31009131";"tuss-22";"Herniorrafia lombar";"-";"2010-10-15";"2009-02-13"
"31009123";"tuss-22";"Herniorrafia inguinal no RN ou lactente";"-";"2010-10-15";"2009-02-13"
"31009115";"tuss-22";"Herniorrafia inguinal - unilateral";"-";"2010-10-15";"2009-02-13"
"31009107";"tuss-22";"Herniorrafia incisional";"-";"2010-10-15";"2009-02-13"
"31009093";"tuss-22";"Herniorrafia epigástrica";"-";"2010-10-15";"2009-02-13"
"31009085";"tuss-22";"Herniorrafia crural - unilateral";"-";"2010-10-15";"2009-02-13"
"31009077";"tuss-22";"Herniorrafia com ressecção intestinal - estrangulada";"-";"2010-10-15";"2009-02-13"
"31009069";"tuss-22";"Hérnia inguinal encarcerada em RN ou lactente - tratamento cirúrgico";"-";"2010-10-15";"2009-02-13"
"31009050";"tuss-22";"Diástase dos retos-abdominais - tratamento cirúrgico";"-";"2010-10-15";"2009-02-13"
"31009042";"tuss-22";"Cisto sacro-coccígeo - tratamento cirúrgico";"-";"2010-10-15";"2009-02-13"
"31009026";"tuss-22";"Biópsia de parede abdominal";"-";"2010-10-15";"2009-02-13"
"31009018";"tuss-22";"Abscesso perineal - drenagem cirúrgica";"-";"2010-10-15";"2009-02-13"
"31008119";"tuss-22";"Diálise peritoneal automática por mês (agudo ou crônico)";"-";"2010-10-15";"2009-02-13"
"31008100";"tuss-22";"Epiploplastia por videolaparoscopia";"-";"2010-10-15";"2009-02-13"
"31008097";"tuss-22";"Retirada de cateter Tenckhoff";"-";"2010-10-15";"2009-02-13"
"31008070";"tuss-22";"Instalação de cateter Tenckhoff";"-";"2010-10-15";"2009-02-13"
"31008062";"tuss-22";"Implante de cateter peritoneal";"-";"2010-10-15";"2009-02-13"
"31008054";"tuss-22";"Epiploplastia";"-";"2010-10-15";"2009-02-13"
"31008046";"tuss-22";"Diálise peritoneal automática (APD) - tratamento (agudo ou crônico)";"-";"2010-10-15";"2009-02-13"
"31008038";"tuss-22";"Diálise peritoneal ambulatorial contínua (CAPD) por mês/paciente";"-";"2010-10-15";"2009-02-13"
"31008020";"tuss-22";"Diálise peritoneal ambulatorial contínua (CAPD) 9 dias - treinamento";"-";"2010-10-15";"2009-02-13"
"31008011";"tuss-22";"Diálise peritoneal intermitente - agudo ou crônico (por sessão)";"-";"2010-10-15";"2009-02-13"
"31007074";"tuss-22";"Esplenorrafia por videolaparoscopia";"-";"2010-10-15";"2009-02-13"
"31007066";"tuss-22";"Esplenectomia total por videolaparoscopia";"-";"2010-10-15";"2009-02-13"
"31007058";"tuss-22";"Esplenectomia parcial por videolaparoscopia";"-";"2010-10-15";"2009-02-13"
"31007040";"tuss-22";"Esplenorrafia";"-";"2010-10-15";"2009-02-13"
"31007031";"tuss-22";"Esplenectomia total";"-";"2010-10-15";"2009-02-13"
"31007023";"tuss-22";"Esplenectomia parcial";"-";"2010-10-15";"2009-02-13"
"20204256";"tuss-22";"Terapia avançada para o tratamento da Atrofia Muscular Espinhal";"-";"2023-05-31";"2023-03-01"
"31007015";"tuss-22";"Biópsia esplênica";"-";"2010-10-15";"2009-02-13"
"20204248";"tuss-22";"Terapia com alfacerliponase para Lipofuscinose Ceroide Neuronal Tipo 2 (CLN2)";"-";"2022-10-31";"2022-08-01"
"31006183";"tuss-22";"Pseudocisto pâncreas - drenagem interna por videolaparoscopia";"-";"2010-10-15";"2009-02-13"
"20204230";"tuss-22";"Terapia imunobiológica intramuscular (por sessão) - hospitalar";"-";"2021-06-30";"2021-04-01"
"20204221";"tuss-22";"Terapia anabólica óssea subcutânea - hospitalar";"-";"2021-10-31";"2021-08-01"
"31006175";"tuss-22";"Pseudocisto pâncreas - drenagem externa por videolaparoscopia";"-";"2010-10-15";"2009-02-13"
"20204213";"tuss-22";"Terapia biológica anti-reabsortiva óssea subcutânea - hospitalar";"-";"2021-10-31";"2021-08-01"
"31006167";"tuss-22";"Enucleação de tumores pancreáticos por videolaparoscopia";"-";"2010-10-15";"2009-02-13"
"20204205";"tuss-22";"Terapia anti-reabsortiva óssea intravenosa - hospitalar";"-";"2021-06-30";"2021-04-01"
"31006159";"tuss-22";"Biópsia de pâncreas por videolaparoscopia";"-";"2010-10-15";"2009-02-13"
"20204191";"tuss-22";"TROMBÓLISE ENDOVENOSA NO ACIDENTE VASCULAR CEREBRAL AVC ISQUÊMICO AGUDO";"-";"2023-12-31";"2023-10-01"
"31006132";"tuss-22";"Cisto pancreático - gastroanastomose - tratamento cirúrgico";"-";"2010-10-15";"2009-02-13"
"20204183";"tuss-22";"Terapia imunoprofilática para o vírus sincicial respiratório (por sessão) - hospitalar";"-";"2018-03-31";"2025-06-01"
"31006124";"tuss-22";"Cisto pancreático - cistojejunoanastomose - tratamento cirúrgico";"-";"2010-10-15";"2009-02-13"
"31006116";"tuss-22";"Pseudocisto pâncreas - drenagem interna (qualquer técnica)";"-";"2010-10-15";"2009-02-13"
"20204175";"tuss-22";"Terapia imunobiológica subcutânea (por sessão) - hospitalar ";"-";"2014-08-31";"2013-12-01"
"31006108";"tuss-22";"Pseudocisto pâncreas - drenagem externa (qualquer técnica)";"-";"2010-10-15";"2009-02-13"
"20204167";"tuss-22";"Terapia imunobiológica intravenosa (por sessão) - hospitalar";"-";"2014-08-31";"2012-10-10"
"31006094";"tuss-22";"Pancreatorrafia";"-";"2010-10-15";"2009-02-13"
"20204159";"tuss-22";"Pulsoterapia intravenosa (por sessão) - hospitalar";"-";"2010-10-15";"2010-09-09"
"31006086";"tuss-22";"Pancreato-enterostomia";"-";"2010-10-15";"2009-02-13"
"20204086";"tuss-22";"Terapia oncológica com aplicação intra-arterial de medicamentos, em regime de aplicação peroperatória, por meio de cronoinfusor ou perfusor extra-corpórea ";"-";"2010-10-15";"2009-02-13"
"31006078";"tuss-22";"Pancreato-duodenectomia com linfadenectomia";"-";"2010-10-15";"2009-02-13"
"20204043";"tuss-22";"Priapismo - tratamento não cirúrgico";"-";"2010-10-15";"2009-02-13"
"31006060";"tuss-22";"Pancreatectomia parcial ou sequestrectomia";"-";"2010-10-15";"2009-02-13"
"20204035";"tuss-22";"Cardioversão química de arritmia paroxísta em emergência";"-";"2010-10-15";"2009-02-13"
"31006051";"tuss-22";"Pancreatectomia corpo caudal com preservação do baço";"-";"2010-10-15";"2009-02-13"
"20204027";"tuss-22";"Cardioversão elétrica de emergência";"-";"2010-10-15";"2009-02-13"
"31006043";"tuss-22";"Hipoglicemia - tratamento cirúrgico (pancreatotomia parcial ou total)";"-";"2010-10-15";"2009-02-13"
"20203071";"tuss-22";"Pacientes em pós-operatório de cirurgia cardíaca, hospitalizado, até 8 semanas de programa";"-";"2010-10-15";"2009-02-13"
"31006035";"tuss-22";"Enucleação de tumores pancreáticos";"-";"2010-10-15";"2009-02-13"
"20203063";"tuss-22";"Pacientes com doença isquêmica do coração, hospitalizado, até 8 semanas de programa";"-";"2010-10-15";"2009-02-13"
"31006027";"tuss-22";"Biópsia de pâncreas por punção dirigida";"-";"2010-10-15";"2009-02-13"
"20203047";"tuss-22";"Assistência fisiátrica respiratória em doente clínico internado";"-";"2010-10-15";"2009-02-13"
"31006019";"tuss-22";"Biópsia de pâncreas por laparotomia";"-";"2010-10-15";"2009-02-13"
"20203020";"tuss-22";"Eletroestimulação do assoalho pélvico e/ou outra técnica de exercícios perineais";"-";"2010-10-15";"2009-02-13"
"31005691";"tuss-22";"Biópsia hepática transparietal (acima de 3 fragmentos)";"-";"2010-10-15";"2010-09-09"
"20203012";"tuss-22";"Assistência fisiátrica respiratória em paciente internado com ventilação mecânica ";"-";"2010-10-15";"2009-02-13"
"31005683";"tuss-22";"Biópsia hepática por laparotomia (acima de 3 fragmentos)";"-";"2010-10-15";"2010-09-09"
"20202067";"tuss-22";"Monitorização da pressão intracraniana (por dia)";"-";"2010-10-15";"2009-02-13"
"31005675";"tuss-22";"Biópsia hepática por videolaparoscopia";"-";"2010-10-15";"2009-02-13"
"20202059";"tuss-22";"Potencial evocado intra-operatório - monitorização cirúrgica (PE/IO) ";"-";"2010-10-15";"2009-02-13"
"31005667";"tuss-22";"Ressecção de cisto hepático sem hepatectomia por videolaparoscopia";"-";"2010-10-15";"2009-02-13"
"20202040";"tuss-22";"Monitorização neurofisiológica intra-operatória ";"-";"2010-10-15";"2009-02-13"
"31005659";"tuss-22";"Ressecção de cisto hepático com hepatectomia por videolaparoscopia";"-";"2010-10-15";"2009-02-13"
"20202032";"tuss-22";"Monitorização hemodinâmica invasiva (por 12 horas)";"-";"2010-10-15";"2009-02-13"
"31005640";"tuss-22";"Radioablação / termoablação de tumores hepáticos por videolaparoscopia";"-";"2010-10-15";"2009-02-13"
"20202024";"tuss-22";"Cardiotocografia intraparto (por hora) até 6 horas externa";"-";"2010-10-15";"2009-02-13"
"31005632";"tuss-22";"Punção hepática para drenagem de abcessos por videolaparoscopia";"-";"2010-10-15";"2009-02-13"
"20202016";"tuss-22";"Cardiotocografia anteparto";"-";"2010-10-15";"2009-02-13"
"31005624";"tuss-22";"Lobectomia hepática esquerda por videolaparoscopia";"-";"2010-10-15";"2009-02-13"
"20201150";"tuss-22";"Acompanhamento clínico hospitalar do tabagista em síndrome de abstinência, por avaliação, com visitas pós internação e pré alta, limitada a 2";"-";"2021-10-31";"2021-08-01"
"31005616";"tuss-22";"Lobectomia hepática direita por videolaparoscopia";"-";"2010-10-15";"2009-02-13"
"20201141";"tuss-22";"Acompanhamento clínico de transplante hepático no período de internação do receptor e do doador";"-";"2023-06-30";"2023-04-01"
"31005608";"tuss-22";"Hepatorrafia por videolaparoscopia";"-";"2010-10-15";"2009-02-13"
"20201133";"tuss-22";"Acompanhamento médico na litotripsia extracorpórea";"-";"2014-08-31";"2012-10-10"
"31005594";"tuss-22";"Hepatorrafia complexa com lesão de estruturas vasculares biliares por videolaparoscopia";"-";"2010-10-15";"2009-02-13"
"20201125";"tuss-22";"Avaliação clínica diária parenteral e enteral";"-";"2010-10-15";"2009-02-13"
"31005586";"tuss-22";"Enucleação de metástase hepáticas por videolaparoscopia";"-";"2010-10-15";"2009-02-13"
"20201117";"tuss-22";"Avaliação clínica diária parenteral";"-";"2010-10-15";"2009-02-13"
"31005578";"tuss-22";"Desconexão ázigos - portal sem esplenectomia por videolaparoscopia";"-";"2010-10-15";"2009-02-13"
"20201109";"tuss-22";"Avaliação clínica diária enteral";"-";"2010-10-15";"2009-02-13"
"31005560";"tuss-22";"Desconexão ázigos - portal com esplenectomia por videolaparoscopia";"-";"2010-10-15";"2009-02-13"
"31005551";"tuss-22";"Coledocotomia ou coledocostomia sem colecistectomia por videolaparoscopia";"-";"2010-10-15";"2009-02-13"
"20201095";"tuss-22";"Assistência cardiológica no pós-operatório de cirurgia cardíaca (após a alta da UTI) ";"-";"2010-10-15";"2009-02-13"
"31005543";"tuss-22";"Coledocotomia ou coledocostomia com colecistectomia por videolaparoscopia";"-";"2010-10-15";"2009-02-13"
"20201087";"tuss-22";"Tratamento  conservador  de  traumatismo  cranioencefálico, hipertensão  intracraniana  e  hemorragia (por dia)";"-";"2010-10-15";"2009-02-13"
"31005535";"tuss-22";"Colédoco-duodenostomia por videolaparoscopia";"-";"2010-10-15";"2009-02-13"
"20201079";"tuss-22";"Transplante duplo rim-pâncreas - acompanhamento clínico (pós-operatório até 15 dias) ";"-";"2010-10-15";"2009-02-13"
"31005527";"tuss-22";"Colédoco ou hepático-jejunostomia por videolaparoscopia";"-";"2010-10-15";"2009-02-13"
"20201060";"tuss-22";"Rejeição de enxerto renal - tratamento internado - avaliação clínica diária - por visita";"-";"2010-10-15";"2009-02-13"
"31005519";"tuss-22";"Colecistostomia por videolaparoscopia";"-";"2010-10-15";"2009-02-13"
"20201052";"tuss-22";"Cardioversão elétrica eletiva (avaliação clínica, eletrocardiográfica, indispensável à desfibrilação)";"-";"2010-10-15";"2009-02-13"
"31005500";"tuss-22";"Colecistojejunostomia por videolaparoscopia";"-";"2010-10-15";"2009-02-13"
"20201044";"tuss-22";"Assistência cardiológica peroperatória em cirurgia geral e em parto (horas suplementares) - máximo de 4 horas ";"-";"2010-10-15";"2009-02-13"
"31005497";"tuss-22";"Colecistectomia sem colangiografia por videolaparoscopia";"-";"2010-10-15";"2009-02-13"
"20201036";"tuss-22";"Assistência cardiológica peroperatória em cirurgia geral e em parto (primeira hora) ";"-";"2010-10-15";"2009-02-13"
"31005489";"tuss-22";"Colecistectomia com fístula biliodigestiva por videolaparoscopia";"-";"2010-10-15";"2009-02-13"
"20201028";"tuss-22";"Acompanhamento peroperatório";"-";"2010-10-15";"2009-02-13"
"31005470";"tuss-22";"Colecistectomia com colangiografia por videolaparoscopia";"-";"2010-10-15";"2009-02-13"
"20201010";"tuss-22";"Acompanhamento clínico de transplante renal no período de internação do receptor e do doador (pós-operatório até 15 dias)";"-";"2010-10-15";"2009-02-13"
"31005462";"tuss-22";"Alcoolização percutânea dirigida de tumor hepático por videolaparoscopia";"-";"2010-10-15";"2009-02-13"
"31005454";"tuss-22";"Abscesso hepático - drenagem cirúrgica por videolaparoscopia";"-";"2010-10-15";"2009-02-13"
"20105037";"tuss-22";"Fornecimento de equipamentos coletores e adjuvantes para colostomia, ileostomia e urostomia, sonda vesical de demora e coletor de urina";"-";"2014-08-31";"2013-12-01"
"31005446";"tuss-22";"Coledocotomia ou coledocostomia com colecistectomia";"-";"2010-10-15";"2009-02-13"
"20105029";"tuss-22";"Perícia psiquiátrica administrativa";"-";"2010-10-15";"2009-02-13"
"31005438";"tuss-22";"Trissegmentectomias";"-";"2010-10-15";"2009-02-13"
"31005420";"tuss-22";"Tratamento cirúrgico de estenose cicatricial das vias biliares";"-";"2010-10-15";"2009-02-13"
"20105010";"tuss-22";"Perícia forense, por psiquiatra forense";"-";"2010-10-15";"2009-02-13"
"20104588";"tuss-22";"Terapia para Doença de Fabry Clássica";"-";"2024-06-30";"2024-04-01"
"31005403";"tuss-22";"Sequestrectomia hepática";"-";"2010-10-15";"2009-02-13"
"20104545";"tuss-22";"Terapia medicamentosa injetável ambulatorial";"-";"2023-06-30";"2023-04-01"
"31005390";"tuss-22";"Segmentectomia hepática";"-";"2010-10-15";"2009-02-13"
"31005381";"tuss-22";"Ressecção de tumor de vesícula ou da via biliar sem hepatectomia";"-";"2010-10-15";"2009-02-13"
"20104529";"tuss-22";"Aplicação de contraceptivo hormonal injetável";"-";"2022-10-31";"2022-08-01"
"31005373";"tuss-22";"Ressecção de tumor de vesícula ou da via biliar com hepatectomia";"-";"2010-10-15";"2009-02-13"
"20104510";"tuss-22";"Terapia imunobiológica intramuscular (por sessão) - ambulatorial";"-";"2021-06-30";"2021-04-01"
"31005365";"tuss-22";"Ressecção de cisto hepático sem hepatectomia";"-";"2010-10-15";"2009-02-13"
"20104502";"tuss-22";"Terapia anabólica óssea subcutânea - ambulatorial";"-";"2021-10-31";"2021-08-01"
"31005357";"tuss-22";"Ressecção de cisto hepático com hepatectomia";"-";"2010-10-15";"2009-02-13"
"20104499";"tuss-22";"Terapia biológica anti-reabsortiva óssea subcutânea - ambulatorial";"-";"2021-10-31";"2021-08-01"
"31005330";"tuss-22";"Radioablação / termoablação de tumores hepáticos";"-";"2010-10-15";"2009-02-13"
"20104480";"tuss-22";"Terapia anti-reabsortiva óssea intravenosa - ambulatorial  ";"-";"2021-06-30";"2021-04-01"
"31005322";"tuss-22";"Punção hepática para drenagem de abscessos";"-";"2010-10-15";"2009-02-13"
"20104472";"tuss-22";"Terapia subcutânea com imunoglobulina humana policlonal";"-";"2021-10-31";"2021-08-01"
"31005314";"tuss-22";"Papilotomia transduodenal";"-";"2010-10-15";"2009-02-13"
"20104464";"tuss-22";"Terapia imunoprofilática para o vírus sincicial respiratório (por sessão) - ambulatorial";"-";"2018-03-31";"2025-06-01"
"31005306";"tuss-22";"Lobectomia hepática esquerda";"-";"2010-10-15";"2009-02-13"
"20104456";"tuss-22";"Tratamento preventivo da migrânea crônica";"-";"2021-10-31";"2021-08-01"
"31005292";"tuss-22";"Lobectomia hepática direita";"-";"2010-10-15";"2009-02-13"
"20104448";"tuss-22";"Terapia de pressão negativa - ambulatorial";"-";"2021-06-30";"2021-04-01"
"31005284";"tuss-22";"Hepatorrafia complexa com lesão de estruturas vasculares biliares";"-";"2010-10-15";"2009-02-13"
"20104430";"tuss-22";"Terapia antineoplásica oral para tratamento do câncer";"-";"2014-08-31";"2013-12-01"
"31005276";"tuss-22";"Hepatorrafia";"-";"2010-10-15";"2009-02-13"
"20104421";"tuss-22";"Terapia imunobiológica subcutânea (por sessão) ambulatorial";"-";"2014-08-31";"2013-12-01"
"31005268";"tuss-22";"Enucleação de metástases, por metástase";"-";"2010-10-15";"2009-02-13"
"20104413";"tuss-22";"Estimulação magnética transcraniana superficial (repetida) - EMT";"-";"2014-08-31";"2014-05-26"
"31005250";"tuss-22";"Enucleação de metástases hepáticas";"-";"2010-10-15";"2009-02-13"
"20104405";"tuss-22";"Terapia fotodinâmica";"-";"2014-08-31";"2012-10-10"
"31005241";"tuss-22";"Drenagem biliar trans-hepática";"-";"2010-10-15";"2009-02-13"
"20104391";"tuss-22";"Terapia imunobiológica intravenosa (por sessão) - ambulatorial";"-";"2014-08-31";"2012-10-10"
"31005233";"tuss-22";"Desvascularização hepática";"-";"2010-10-15";"2009-02-13"
"20104383";"tuss-22";"Pulsoterapia intravenosa (por sessão) - ambulatorial";"-";"2010-10-15";"2010-09-09"
"31005225";"tuss-22";"Desconexão ázigos - portal sem esplenectomia";"-";"2010-10-15";"2009-02-13"
"20104375";"tuss-22";"Pneumotórax artificial";"-";"2010-10-15";"2009-02-13"
"31005217";"tuss-22";"Desconexão ázigos - portal com esplenectomia";"-";"2010-10-15";"2009-02-13"
"20104367";"tuss-22";"Pneumoperitônio (por sessão)";"-";"2010-10-15";"2009-02-13"
"31005209";"tuss-22";"Derivação porto sistêmica";"-";"2010-10-15";"2009-02-13"
"20104359";"tuss-22";"Massagem prostática";"-";"2010-10-15";"2009-02-13"
"31005195";"tuss-22";"Coledocoscopia intra-operatória";"-";"2010-10-15";"2009-02-13"
"20104340";"tuss-22";"Cateterismo de canais ejaculadores";"-";"2010-10-15";"2009-02-13"
"31005187";"tuss-22";"Coledocotomia ou coledocostomia sem colecistectomia";"-";"2010-10-15";"2009-02-13"
"20104332";"tuss-22";"Bota de Unna - confecção";"-";"2010-10-15";"2009-02-13"
"31005179";"tuss-22";"Colédoco-duodenostomia";"-";"2010-10-15";"2009-02-13"
"20104324";"tuss-22";"Curativo oftalmológico";"-";"2010-10-15";"2009-02-13"
"31005160";"tuss-22";"Colédoco ou hepaticoplastia";"-";"2010-10-15";"2009-02-13"
"20104316";"tuss-22";"Curativo de ouvido (cada) ";"-";"2010-10-15";"2009-02-13"
"31005152";"tuss-22";"Colédoco ou hepático-jejunostomia (qualquer técnica)";"-";"2010-10-15";"2009-02-13"
"31005144";"tuss-22";"Colecistostomia";"-";"2010-10-15";"2009-02-13"
"20104308";"tuss-22";"Terapia oncológica - por dia subsequente de tratamento (até o início do próximo ciclo)";"-";"2010-10-15";"2022-08-01"
"31005136";"tuss-22";"Colecistojejunostomia";"-";"2010-10-15";"2009-02-13"
"20104294";"tuss-22";"Terapia oncológica - planejamento e 1º dia de tratamento";"-";"2010-10-15";"2009-02-13"
"31005128";"tuss-22";"Colecistectomia sem colangiografia";"-";"2010-10-15";"2009-02-13"
"20104286";"tuss-22";"Terapia oncológica com aplicação intra-arterial ou intravenosa de medicamentos em infusão de duração mínima de 6 horas - por dia subsequente de tratamento (até o início do próximo ciclo)";"-";"2010-10-15";"2022-08-01"
"31005110";"tuss-22";"Colecistectomia com fístula biliodigestiva";"-";"2010-10-15";"2009-02-13"
"20104278";"tuss-22";"Terapia oncológica com aplicação intra-arterial ou intravenosa de medicamentos em infusão de duração mínima de 6 horas - planejamento e 1º dia de tratamento ";"-";"2010-10-15";"2009-02-13"
"20104260";"tuss-22";"Terapia oncológica com aplicação de medicamentos por via intracavitária ou intratecal  - por procedimento ";"-";"2010-10-15";"2009-02-13"
"31005101";"tuss-22";"Colecistectomia com colangiografia";"-";"2010-10-15";"2009-02-13"
"20104251";"tuss-22";"Terapia oncológica com altas doses - por dia subsequente de tratamento (até o início do próximo ciclo)";"-";"2010-10-15";"2022-08-01"
"31005098";"tuss-22";"Cisto de colédoco - tratamento cirúrgico";"-";"2010-10-15";"2009-02-13"
"20104243";"tuss-22";"Terapia oncológica com altas doses - planejamento e 1º dia de tratamento";"-";"2010-10-15";"2009-02-13"
"31005080";"tuss-22";"Laparotomia para implantação cirúrgica de cateter arterial visceral para quimioterapia";"-";"2010-10-15";"2009-02-13"
"20104235";"tuss-22";"Terapia inalatória - por nebulização";"-";"2010-10-15";"2009-02-13"
"31005071";"tuss-22";"Biópsia hepática transparietal (até 3 fragmentos)";"-";"2010-10-15";"2009-02-13"
"20104227";"tuss-22";"Sessão de psicoterapia infantil ";"-";"2010-10-15";"2009-02-13"
"31005063";"tuss-22";"Biópsia hepática por laparotomia (até 3 fragmentos)";"-";"2010-10-15";"2009-02-13"
"20104219";"tuss-22";"Sessão de psicoterapia individual";"-";"2010-10-15";"2009-02-13"
"31005047";"tuss-22";"Atresia de vias biliares - tratamento cirúrgico";"-";"2010-10-15";"2009-02-13"
"20104200";"tuss-22";"Sessão de psicoterapia de grupo (por paciente) ";"-";"2010-10-15";"2009-02-13"
"31005039";"tuss-22";"Anastomose biliodigestiva intra-hepática";"-";"2010-10-15";"2009-02-13"
"20104197";"tuss-22";"Sessão de psicoterapia de casal ";"-";"2010-10-15";"2009-02-13"
"31005020";"tuss-22";"Alcoolização percutânea dirigida de tumor hepático";"-";"2010-10-15";"2009-02-13"
"20104189";"tuss-22";"Sessão de oxigenoterapia hiperbárica (por sessão de 2 horas)";"-";"2010-10-15";"2009-02-13"
"31005012";"tuss-22";"Abscesso hepático - drenagem cirúrgica (até 3 fragmentos)";"-";"2010-10-15";"2009-02-13"
"20104170";"tuss-22";"Sessão de eletroconvulsoterapia (em sala com oxímetro de pulso, monitor de ECG, EEG), sob anestesia";"-";"2010-10-15";"2009-02-13"
"31004350";"tuss-22";"Desarterialização hemorroidária transanal com mucopexia guiada por doppler";"-";"2021-10-31";"2021-08-01"
"20104154";"tuss-22";"Instilação vesical ou uretral";"-";"2010-10-15";"2009-02-13"
"31004342";"tuss-22";"Anopexia mecânica com grampeador";"-";"2014-08-31";"2012-10-10"
"20104146";"tuss-22";"Imunoterapia inespecífica - 30 dias - planejamento técnico";"-";"2010-10-15";"2009-02-13"
"31004334";"tuss-22";"Esfincterotomia  - ânus";"-";"2010-10-15";"2009-02-13"
"20104138";"tuss-22";"Imunoterapia específica - 30 dias - planejamento técnico";"-";"2010-10-15";"2009-02-13"
"31004326";"tuss-22";"Prurido anal - tratamento cirúrgico";"-";"2010-10-15";"2009-02-13"
"20104120";"tuss-22";"Fototerapia com UVA (PUVA) (por sessão)";"-";"2010-10-15";"2009-02-13"
"31004318";"tuss-22";"Trombose hemorroidária - exérese";"-";"2010-10-15";"2009-02-13"
"20104111";"tuss-22";"Dilatação uretral (sessão)";"-";"2010-10-15";"2009-02-13"
"31004300";"tuss-22";"Tratamento cirúrgico de retocele (colpoperineoplastia posterior)";"-";"2010-10-15";"2009-02-13"
"20104103";"tuss-22";"Curativos em geral sem anestesia, exceto queimados ";"-";"2010-10-15";"2009-02-13"
"31004288";"tuss-22";"Reconstrução total anoperineal";"-";"2010-10-15";"2009-02-13"
"20104090";"tuss-22";"Curativo de extremidades de origem vascular ";"-";"2010-10-15";"2009-02-13"
"31004270";"tuss-22";"Reconstituição de esfincter anal por plástica muscular (qualquer técnica)";"-";"2010-10-15";"2009-02-13"
"20104081";"tuss-22";"Curativos em geral com anestesia, exceto queimados ";"-";"2010-10-15";"2009-02-13"
"31004261";"tuss-22";"Prolapso retal - tratamento cirúrgico perineal";"-";"2014-08-31";"2014-05-26"
"20104073";"tuss-22";"Crioterapia (grupo de até 5 lesões) ";"-";"2010-10-15";"2009-02-13"
"31004253";"tuss-22";"Prolapso retal - esclerose (por sessão)";"-";"2010-10-15";"2009-02-13"
"31004245";"tuss-22";"Pólipo retal - ressecção endoanal";"-";"2010-10-15";"2009-02-13"
"20104065";"tuss-22";"Cerumen - remoção - unilateral";"-";"2010-10-15";"2024-02-01"
"31004237";"tuss-22";"Papilectomia (única ou múltipla)";"-";"2010-10-15";"2009-02-13"
"20104057";"tuss-22";"Cauterização química vesical";"-";"2010-10-15";"2009-02-13"
"31004229";"tuss-22";"Lesão anal - eletrocauterização";"-";"2010-10-15";"2009-02-13"
"20104049";"tuss-22";"Cateterismo vesical em retenção urinária";"-";"2010-10-15";"2009-02-13"
"31004210";"tuss-22";"Laceração anorretal - tratamento cirúrgico por via perineal";"-";"2010-10-15";"2009-02-13"
"20104022";"tuss-22";"Aplicação de hipossensibilizante - em consultório (AHC) exclusive o alérgeno - planejamento técnico para";"-";"2010-10-15";"2009-02-13"
"20104014";"tuss-22";"Actinoterapia (por sessão) ";"-";"2010-10-15";"2009-02-13"
"31004202";"tuss-22";"Hemorroidectomia aberta ou fechada, com ou sem esfincterotomia, sem grampeador";"-";"2014-08-31";"2014-05-26"
"20103751";"tuss-22";"Leme, análise de marcha";"-";"2014-08-31";"2012-10-10"
"31004199";"tuss-22";"Hemorróidas - tratamento esclerosante (por sessão)";"-";"2010-10-15";"2009-02-13"
"20103743";"tuss-22";"Exercícios de pleóptica";"-";"2010-10-15";"2009-02-13"
"31004180";"tuss-22";"Hemorróidas - ligadura elástica (por sessão)";"-";"2010-10-15";"2009-02-13"
"20103727";"tuss-22";"Reabilitação cardiovascular supervisionada. Programa de 12 semanas. Duas a três sessões por semana (por sessão) ";"-";"2010-10-15";"2022-08-01"
"31004172";"tuss-22";"Hemorróidas - fotocoagulação com raio infravermelho (por sessão)";"-";"2010-10-15";"2009-02-13"
"20103719";"tuss-22";"Sinusites";"-";"2010-10-15";"2009-02-13"
"31004164";"tuss-22";"Fistulectomia perineal";"-";"2010-10-15";"2009-02-13"
"20103700";"tuss-22";"Sequelas em politraumatizados (em diferentes segmentos)";"-";"2010-10-15";"2009-02-13"
"31004156";"tuss-22";"Fistulectomia anorretal com abaixamento mucoso";"-";"2010-10-15";"2009-02-13"
"20103697";"tuss-22";"Sequelas de traumatismos torácicos e abdominais";"-";"2010-10-15";"2009-02-13"
"31004148";"tuss-22";"Fistulectomia anal em um tempo";"-";"2010-10-15";"2009-02-13"
"20103689";"tuss-22";"Retardo do desenvolvimento psicomotor ";"-";"2010-10-15";"2009-02-13"
"31004130";"tuss-22";"Fistulectomia anal em ferradura";"-";"2010-10-15";"2009-02-13"
"20103670";"tuss-22";"Recuperação funcional pós-operatória ou pós-imobilização gessada de  patologia  osteomioarticular  com complicações neurovasculares afetando mais de um membro ";"-";"2010-10-15";"2009-02-13"
"31004121";"tuss-22";"Fistulectomia anal em dois tempos";"-";"2010-10-15";"2009-02-13"
"20103662";"tuss-22";"Recuperação funcional pós-operatória ou pós-imobilização gessada de  patologia  osteomioarticular  com complicações neurovasculares afetando um membro ";"-";"2010-10-15";"2009-02-13"
"31004113";"tuss-22";"Fístula reto-vaginal e fístula anal em ferradura - tratamento cirúrgico via perineal";"-";"2010-10-15";"2009-02-13"
"20103654";"tuss-22";"Recuperação funcional de distúrbios crânio-faciais ";"-";"2010-10-15";"2009-02-13"
"31004105";"tuss-22";"Fissurectomia com ou sem esfincterotomia";"-";"2010-10-15";"2009-02-13"
"20103646";"tuss-22";"Reabilitação perineal com biofeedback";"-";"2010-10-15";"2009-02-13"
"31004091";"tuss-22";"Excisão de plicoma ";"-";"2010-10-15";"2009-02-13"
"20103638";"tuss-22";"Reabilitação labiríntica (por sessão) ";"-";"2010-10-15";"2009-02-13"
"31004083";"tuss-22";"Estenose anal - tratamento cirúrgico (qualquer técnica)";"-";"2010-10-15";"2009-02-13"
"20103620";"tuss-22";"Reabilitação de paciente com endoprótese ";"-";"2010-10-15";"2009-02-13"
"31004075";"tuss-22";"Esfincteroplastia anal (qualquer técnica)";"-";"2010-10-15";"2009-02-13"
"20103611";"tuss-22";"Queimados - seguimento ambulatorial para prevenção de sequelas (por segmento) ";"-";"2010-10-15";"2009-02-13"
"31004067";"tuss-22";"Dilatação digital ou instrumental do ânus e/ou do reto";"-";"2010-10-15";"2009-02-13"
"20103603";"tuss-22";"Programa de exercício supervisionado sem obtenção de eletrocardiograma e/ou saturação de O2 - sessão coletiva";"-";"2010-10-15";"2009-02-13"
"31004059";"tuss-22";"Criptectomia (única ou múltipla)";"-";"2010-10-15";"2009-02-13"
"20103590";"tuss-22";"Programa de exercício supervisionado sem obtenção de eletrocardiograma e/ou saturação de O2 - sessão individual";"-";"2010-10-15";"2009-02-13"
"31004040";"tuss-22";"Corpo estranho do reto - retirada";"-";"2010-10-15";"2009-02-13"
"20103581";"tuss-22";"Programa de exercício supervisionado com obtenção de eletrocardiograma e/ou saturação de O2 - sessão coletiva";"-";"2010-10-15";"2009-02-13"
"31004032";"tuss-22";"Cerclagem anal";"-";"2010-10-15";"2009-02-13"
"20103573";"tuss-22";"Programa de exercício supervisionado com obtenção de eletrocardiograma e/ou saturação de O2 - sessão individual";"-";"2010-10-15";"2009-02-13"
"31004024";"tuss-22";"Abscesso isquio-retal - drenagem";"-";"2010-10-15";"2009-02-13"
"20103565";"tuss-22";"Processos inflamatórios pélvicos ";"-";"2010-10-15";"2009-02-13"
"31004016";"tuss-22";"Abscesso anorretal - drenagem";"-";"2010-10-15";"2009-02-13"
"20103557";"tuss-22";"Procedimentos mesoterápicos com calcitonina (qualquer segmento) ";"-";"2010-10-15";"2009-02-13"
"31003796";"tuss-22";"Retossigmoidectomia abdominal por videolaparoscopia";"-";"2010-10-15";"2009-02-13"
"20103549";"tuss-22";"Procedimentos mesoterápicos (por região anatômica) ";"-";"2010-10-15";"2009-02-13"
"31003788";"tuss-22";"Proctocolectomia total por videolaparoscopia";"-";"2010-10-15";"2009-02-13"
"20103530";"tuss-22";"Recuperação funcional pós-operatória ou por imobilização da patologia vertebral ";"-";"2010-10-15";"2009-02-13"
"20103522";"tuss-22";"Patologias osteomioarticulares com dependência de atividades da vida diária";"-";"2010-10-15";"2009-02-13"
"31003770";"tuss-22";"Proctocolectomia total com reservatório ileal por videolaparoscopia";"-";"2010-10-15";"2009-02-13"
"20103514";"tuss-22";"Patologia osteomioarticular em diferentes segmentos da coluna ";"-";"2010-10-15";"2009-02-13"
"31003761";"tuss-22";"Piloromiotomia por videolaparoscopia";"-";"2010-10-15";"2009-02-13"
"20103506";"tuss-22";"Patologia osteomioarticular em um segmento da coluna ";"-";"2010-10-15";"2009-02-13"
"31003753";"tuss-22";"Perfuração duodenal ou delgado - tratamento cirúrgico por videolaparoscopia";"-";"2010-10-15";"2009-02-13"
"20103492";"tuss-22";"Patologia osteomioarticular em dois ou mais membros ";"-";"2010-10-15";"2009-02-13"
"31003745";"tuss-22";"Pâncreas anular - tratamento cirúrgico por videolaparoscopia";"-";"2010-10-15";"2009-02-13"
"20103484";"tuss-22";"Patologia osteomioarticular em um membro";"-";"2010-10-15";"2009-02-13"
"31003737";"tuss-22";"Megacólon congênito - tratamento cirúrgico por videolaparoscopia";"-";"2010-10-15";"2009-02-13"
"20103476";"tuss-22";"Patologia neurológica com dependência de atividades da vida diária";"-";"2010-10-15";"2009-02-13"
"31003729";"tuss-22";"Fixação do reto por via abdominal por videolaparoscopia";"-";"2010-10-15";"2009-02-13"
"31003710";"tuss-22";"Esvaziamento pélvico total por videolaparoscopia";"-";"2010-10-15";"2009-02-13"
"20103468";"tuss-22";"Parkinson";"-";"2010-10-15";"2009-02-13"
"31003702";"tuss-22";"Esvaziamento pélvico anterior ou posterior por videolaparoscopia";"-";"2010-10-15";"2009-02-13"
"20103450";"tuss-22";"Paraplegia e tetraplegia";"-";"2010-10-15";"2009-02-13"
"31003699";"tuss-22";"Enteropexia (qualquer segmento) por videolaparoscopia";"-";"2010-10-15";"2009-02-13"
"20103441";"tuss-22";"Paraparesia/tetraparesia ";"-";"2010-10-15";"2009-02-13"
"31003680";"tuss-22";"Entero-anastomose (qualque segmento) por videolaparoscopia";"-";"2010-10-15";"2009-02-13"
"20103433";"tuss-22";"Paralisia cerebral com distúrbio de comunicação";"-";"2010-10-15";"2009-02-13"
"31003672";"tuss-22";"Enterectomia segmentar por videolaparoscopia";"-";"2010-10-15";"2009-02-13"
"20103425";"tuss-22";"Paralisia cerebral";"-";"2010-10-15";"2009-02-13"
"31003664";"tuss-22";"Divertículo de Meckel - exérese por videolaparoscopia";"-";"2010-10-15";"2009-02-13"
"20103417";"tuss-22";"Pacientes sem doença coronariana clinicamente manifesta, mas considerada de alto  risco,  atendido  em ambulatório, duas a três vezes por semana ";"-";"2010-10-15";"2009-02-13"
"31003656";"tuss-22";"Distorção de volvo por videolaparoscopia";"-";"2010-10-15";"2009-02-13"
"20103409";"tuss-22";"Pacientes com doenças neuro-músculo-esqueléticas com envolvimento tegumentar";"-";"2010-10-15";"2009-02-13"
"31003648";"tuss-22";"Colectomia total com ileostomia por videolaparoscopia";"-";"2010-10-15";"2009-02-13"
"20103395";"tuss-22";"Pacientes com doença isquêmica do coração, atendido em ambulatório, até 8 semanas de programa ";"-";"2010-10-15";"2009-02-13"
"31003630";"tuss-22";"Colectomia total com íleo-reto-anastomose por videolaparoscopia";"-";"2010-10-15";"2009-02-13"
"20103387";"tuss-22";"Pacientes com doença isquêmica do coração, atendido em ambulatório de 8 a 24 semanas";"-";"2010-10-15";"2009-02-13"
"31003621";"tuss-22";"Colectomia parcial sem colostomia por videolaparoscopia";"-";"2010-10-15";"2009-02-13"
"20103379";"tuss-22";"Paciente em pós-operatório de cirurgia cardíaca, atendido em ambulatório, duas a três vezes por semana";"-";"2010-10-15";"2009-02-13"
"31003613";"tuss-22";"Colectomia parcial com colostomia por videolaparoscopia";"-";"2010-10-15";"2009-02-13"
"20103360";"tuss-22";"Paciente com D.P.O.C. em atendimento ambulatorial necessitando reeducação e reabilitação respiratória ";"-";"2010-10-15";"2009-02-13"
"31003605";"tuss-22";"Cisto mesentérico - tratamento cirúrgico por videolaparoscopia";"-";"2010-10-15";"2009-02-13"
"20103344";"tuss-22";"Miopatias ";"-";"2010-10-15";"2009-02-13"
"31003591";"tuss-22";"Cirurgia de abaixamento por videolaparoscopia ";"-";"2010-10-15";"2009-02-13"
"20103336";"tuss-22";"Manipulação vertebral ";"-";"2010-10-15";"2009-02-13"
"31003583";"tuss-22";"Apendicectomia por videolaparoscopia";"-";"2010-10-15";"2009-02-13"
"20103328";"tuss-22";"Lesão nervosa periférica afetando um nervo com alterações sensitivas e/ou motoras";"-";"2010-10-15";"2009-02-13"
"31003575";"tuss-22";"Amputação abdômino-perineal do reto (completa) por videolaparoscopia";"-";"2010-10-15";"2009-02-13"
"20103310";"tuss-22";"Lesão nervosa periférica afetando mais de um nervo com alterações sensitivas e/ou motoras";"-";"2010-10-15";"2009-02-13"
"31003567";"tuss-22";"Tumor anorretal - ressecção anorretal, tratamento cirúrgico";"-";"2014-08-31";"2014-05-26"
"20103301";"tuss-22";"Infiltração de ponto gatilho (por músculo) ou agulhamento seco (por músculo)";"-";"2010-10-15";"2009-02-13"
"31003559";"tuss-22";"Retossigmoidectomia abdominal";"-";"2010-10-15";"2009-02-13"
"20103298";"tuss-22";"Hipo ou agenesia de membros ";"-";"2010-10-15";"2009-02-13"
"31003540";"tuss-22";"Ressecção total de intestino delgado";"-";"2010-10-15";"2009-02-13"
"20103280";"tuss-22";"Hemiplegia e hemiparesia com afasia";"-";"2010-10-15";"2009-02-13"
"31003532";"tuss-22";"Proctocolectomia total com reservatório ileal";"-";"2010-10-15";"2009-02-13"
"20103271";"tuss-22";"Hemiplegia";"-";"2010-10-15";"2009-02-13"
"31003524";"tuss-22";"Proctocolectomia total";"-";"2010-10-15";"2009-02-13"
"20103263";"tuss-22";"Hemiparesia";"-";"2010-10-15";"2009-02-13"
"31003516";"tuss-22";"Procidência do reto - redução manual";"-";"2010-10-15";"2009-02-13"
"20103255";"tuss-22";"Exercícios para reabilitação do asmático (ERAI) - por sessão individual";"-";"2010-10-15";"2009-02-13"
"31003508";"tuss-22";"Piloromiotomia";"-";"2010-10-15";"2009-02-13"
"20103247";"tuss-22";"Exercícios para reabilitação do asmático (ERAC) - por sessão coletiva";"-";"2010-10-15";"2009-02-13"
"31003494";"tuss-22";"Perfuração duodenal ou delgado - tratamento cirúrgico";"-";"2010-10-15";"2009-02-13"
"20103239";"tuss-22";"Exercícios de ortóptica (por sessão)";"-";"2010-10-15";"2009-02-13"
"31003486";"tuss-22";"Pâncreas anular - tratamento cirúrgico";"-";"2010-10-15";"2009-02-13"
"20103220";"tuss-22";"Doenças pulmonares atendidas em ambulatório ";"-";"2010-10-15";"2009-02-13"
"31003478";"tuss-22";"Membrana duodenal - tratamento cirúrgico";"-";"2010-10-15";"2009-02-13"
"20103212";"tuss-22";"Distúrbios circulatórios artério-venosos e linfáticos ";"-";"2010-10-15";"2009-02-13"
"31003460";"tuss-22";"Megacólon congênito - tratamento cirúrgico";"-";"2010-10-15";"2009-02-13"
"20103204";"tuss-22";"Distrofia simpático-reflexa ";"-";"2010-10-15";"2009-02-13"
"31003451";"tuss-22";"Má-rotação intestinal - tratamento cirúrgico";"-";"2010-10-15";"2009-02-13"
"20103190";"tuss-22";"Disfunção vésico-uretral ";"-";"2010-10-15";"2009-02-13"
"31003435";"tuss-22";"Invaginação intestinal sem ressecção - tratamento cirúrgico";"-";"2010-10-15";"2009-02-13"
"20103182";"tuss-22";"Desvios posturais da coluna vertebral ";"-";"2010-10-15";"2009-02-13"
"31003427";"tuss-22";"Invaginação intestinal - ressecção";"-";"2010-10-15";"2009-02-13"
"20103174";"tuss-22";"Confecção de prótese provisória";"-";"2010-10-15";"2009-02-13"
"31003397";"tuss-22";"Íleo meconial - tratamento cirúrgico";"-";"2010-10-15";"2009-02-13"
"20103166";"tuss-22";"Confecção de prótese imediata";"-";"2010-10-15";"2009-02-13"
"31003389";"tuss-22";"Fixação do reto por via abdominal";"-";"2010-10-15";"2009-02-13"
"20103158";"tuss-22";"Confecção de órteses em material termo-sensível (por unidade)";"-";"2010-10-15";"2009-02-13"
"31003370";"tuss-22";"Fechamento de colostomia ou enterostomia";"-";"2010-10-15";"2009-02-13"
"20103140";"tuss-22";"Bloqueio fenólico, alcoólico ou com toxina botulínica por segmento corporal";"-";"2010-10-15";"2009-02-13"
"31003362";"tuss-22";"Fecaloma - remoção manual";"-";"2010-10-15";"2009-02-13"
"20103131";"tuss-22";"Biofeedback com EMG ";"-";"2010-10-15";"2009-02-13"
"31003354";"tuss-22";"Esvaziamento pélvico total - procedimento cirurgico";"-";"2010-10-15";"2009-02-13"
"20103123";"tuss-22";"Atividades em escola de postura (máximo de 10 pessoas) - por sessão";"-";"2010-10-15";"2009-02-13"
"31003346";"tuss-22";"Esvaziamento pélvico anterior ou posterior - procedimento cirúrgico";"-";"2010-10-15";"2009-02-13"
"20103115";"tuss-22";"Atividade reflexa ou aplicação de técnica cinesioterápica específica ";"-";"2010-10-15";"2009-02-13"
"31003338";"tuss-22";"Esporão retal - ressecção";"-";"2010-10-15";"2009-02-13"
"20103107";"tuss-22";"Atendimento fisiátrico no pré e pós-parto";"-";"2010-10-15";"2009-02-13"
"31003320";"tuss-22";"Enterotomia e/ou enterorrafia de qualquer segmento (por sutura ou ressecção)";"-";"2010-10-15";"2009-02-13"
"20103093";"tuss-22";"Atendimento fisiátrico no pré e pós-operatório de pacientes para prevenção de sequelas";"-";"2010-10-15";"2009-02-13"
"31003311";"tuss-22";"Enteropexia (qualquer segmento)";"-";"2010-10-15";"2009-02-13"
"20103077";"tuss-22";"Ataxias";"-";"2010-10-15";"2009-02-13"
"31003303";"tuss-22";"Enterocolite necrotizante - tratamento cirúrgico";"-";"2010-10-15";"2009-02-13"
"20103069";"tuss-22";"Assistência fisiátrica respiratória em pré e pós-operatório de condições cirúrgicas";"-";"2010-10-15";"2009-02-13"
"31003290";"tuss-22";"Entero-anastomose  (qualquer segmento)";"-";"2010-10-15";"2009-02-13"
"20103050";"tuss-22";"Amputação unilateral (treinamento protético)";"-";"2010-10-15";"2009-02-13"
"31003281";"tuss-22";"Enterectomia segmentar";"-";"2010-10-15";"2009-02-13"
"20103042";"tuss-22";"Amputação unilateral (preparação do coto) ";"-";"2010-10-15";"2009-02-13"
"31003273";"tuss-22";"Duplicação do tubo digestivo - tratamento cirúrgico";"-";"2010-10-15";"2009-02-13"
"20103034";"tuss-22";"Amputação bilateral (treinamento protético) ";"-";"2010-10-15";"2009-02-13"
"31003265";"tuss-22";"Divertículo de Meckel - exérese";"-";"2010-10-15";"2009-02-13"
"20103026";"tuss-22";"Amputação bilateral (preparação do coto) ";"-";"2010-10-15";"2009-02-13"
"31003257";"tuss-22";"Distorção de volvo por via endoscópica";"-";"2010-10-15";"2009-02-13"
"20103018";"tuss-22";"Adaptação e treinamento de recursos ópticos para visão subnormal (por sessão) - binocular";"-";"2010-10-15";"2009-02-13"
"31003249";"tuss-22";"Distorção de volvo por laparotomia";"-";"2010-10-15";"2009-02-13"
"20102178";"tuss-22";"Monitorização contínua da insuficiência respiratória em pacientes com esclerose lateral amiotrófica (ELA) que necessitam de assistência ventilatória não-invasiva";"-";"2021-10-31";"2024-10-01"
"31003230";"tuss-22";"Colotomia e colorrafia";"-";"2010-10-15";"2009-02-13"
"20102160";"tuss-22";"Monitorização ambulatorial da pressão arterial de 5 dias - MAPA 5d";"-";"2021-10-31";"2021-08-01"
"31003214";"tuss-22";"Colostomia ou enterostomia";"-";"2010-10-15";"2009-02-13"
"20102151";"tuss-22";"Gestão de pacientes com apneia obstrutiva do sono elegíveis para tratamento com pressão positiva contínua em via aérea";"-";"2021-10-31";"2021-08-01"
"31003206";"tuss-22";"Colocação de sonda enteral";"-";"2010-10-15";"2009-02-13"
"20102143";"tuss-22";"Tilt teste com provas farmacológicas";"-";"2014-08-31";"2012-10-10"
"31003192";"tuss-22";"Colectomia total com ileostomia";"-";"2010-10-15";"2009-02-13"
"20102135";"tuss-22";"Holter cerebral";"-";"2014-08-31";"2012-10-10"
"31003184";"tuss-22";"Colectomia total com íleo-reto-anastomose";"-";"2010-10-15";"2009-02-13"
"20102127";"tuss-22";"Holter 7 dias";"-";"2014-08-31";"2012-10-10"
"31003176";"tuss-22";"Colectomia parcial sem colostomia";"-";"2010-10-15";"2009-02-13"
"20102119";"tuss-22";"Monitorização eletrocardiográfica programada com transcrição - não contínua";"-";"2016-04-15";"2016-01-15"
"31003168";"tuss-22";"Colectomia parcial com colostomia";"-";"2010-10-15";"2009-02-13"
"20102100";"tuss-22";"Sistema Holter - 24 horas - 1 canal";"-";"2010-10-15";"2009-02-13"
"31003150";"tuss-22";"Cisto mesentérico - tratamento cirúrgico";"-";"2010-10-15";"2009-02-13"
"20102097";"tuss-22";"Sistema Holter - 12 horas - 2 ou mais canais";"-";"2010-10-15";"2009-02-13"
"31003141";"tuss-22";"Cirurgia de acesso posterior";"-";"2010-10-15";"2009-02-13"
"20102089";"tuss-22";"Sistema Holter - 12 horas - 1 canal";"-";"2010-10-15";"2009-02-13"
"31003133";"tuss-22";"Cirurgia de abaixamento (qualquer técnica) ";"-";"2010-10-15";"2009-02-13"
"20102070";"tuss-22";"Tilt teste";"-";"2010-10-15";"2009-02-13"
"31003125";"tuss-22";"Atresia jejunal proximal - tratamento cirúrgico";"-";"2010-10-15";"2009-02-13"
"20102062";"tuss-22";"Monitor de eventos sintomáticos por 15 a 30 dias (LOOPER)";"-";"2010-10-15";"2009-02-13"
"31003117";"tuss-22";"Atresia jejunal distal ou ileal - tratamento cirúrgico";"-";"2010-10-15";"2009-02-13"
"20102038";"tuss-22";"Monitorização ambulatorial da pressão arterial - MAPA (24 horas)";"-";"2010-10-15";"2009-02-13"
"31003109";"tuss-22";"Atresia de duodeno - tratamento cirúrgico";"-";"2010-10-15";"2009-02-13"
"20102020";"tuss-22";"Holter de 24 horas - 3 canais - digital";"-";"2010-10-15";"2009-02-13"
"31003095";"tuss-22";"Atresia de cólon - tratamento cirúrgico";"-";"2010-10-15";"2009-02-13"
"20102011";"tuss-22";"Holter de 24 horas - 2 ou mais canais - analógico";"-";"2010-10-15";"2009-02-13"
"31003087";"tuss-22";"Apple-Peel - tratamento cirúrgico";"-";"2010-10-15";"2009-02-13"
"20101465";"tuss-22";"Acompanhamento clínico ambulatorial pós-transplante hepático";"-";"2023-06-30";"2023-04-01"
"31003079";"tuss-22";"Apendicectomia";"-";"2010-10-15";"2009-02-13"
"20101457";"tuss-22";"Acompanhamento clínico ambulatorial de uveítes anteriores agudas e/ou coriorrenites focais ou disseminadas em atividade por avaliação do 1º ao 30º dia, até 5 avaliações, em consultório";"-";"2021-10-31";"2021-09-01"
"31003060";"tuss-22";"Anorretomiomectomia";"-";"2010-10-15";"2009-02-13"
"20101449";"tuss-22";"Acompanhamento clínico ambulatorial da retinopatia da prematuridade por avaliação do 1º ao 30º dia, até 5 avaliações, em consultório";"-";"2021-10-31";"2021-08-01"
"31003052";"tuss-22";"Anomalia anorretal - tratamento cirúrgico via perineal";"-";"2010-10-15";"2009-02-13"
"20101430";"tuss-22";"Acompanhamento clínico ambulatorial do pós-operatório de cirurgia de catarata congênita ou glaucoma congênito, por avaliação do 11º ao 30º dias, até 3 avaliações, em consultório";"-";"2021-10-31";"2021-08-01"
"31003044";"tuss-22";"Anomalia anorretal - tratamento cirúrgico via abdômino-perineal";"-";"2010-10-15";"2009-02-13"
"20101422";"tuss-22";"Monoximetria não invasiva (Coex)";"-";"2021-10-31";"2021-08-01"
"31003036";"tuss-22";"Anomalia anorretal - correção via sagital posterior";"-";"2010-10-15";"2009-02-13"
"20101414";"tuss-22";"Acompanhamento clínico ambulatorial do tabagista, por avaliação, do 1º ao 90º dia, até 7 avaliações clínicas";"-";"2021-10-31";"2021-08-01"
"31003028";"tuss-22";"Amputação do reto por procidência";"-";"2010-10-15";"2009-02-13"
"20101406";"tuss-22";"Acompanhamento clínico ambulatorial pós-cirurgia fistulizante antoglaucomatosa - por avaliação do 11º ao 30º dia, até três avaliações";"-";"2021-10-31";"2021-08-01"
"31003010";"tuss-22";"Amputação abdômino-perineal do reto (completa)";"-";"2010-10-15";"2009-02-13"
"20101392";"tuss-22";"Teste de provocação com medicamentos via injetável";"-";"2021-10-31";"2021-08-01"
"31002412";"tuss-22";"Vagotomia superseletiva ou vagotomia gástrica proximal por videolaparoscopia";"-";"2010-10-15";"2009-02-13"
"20101384";"tuss-22";"Teste de provocação com medicamentos via oral";"-";"2021-10-31";"2021-08-01"
"31002404";"tuss-22";"Vagotomia gástrica proximal ou superseletiva com duodenoplastia (operação de drenagem) por videolaparoscopia";"-";"2010-10-15";"2009-02-13"
"20101376";"tuss-22";"Teste cutâneo de puntura ou intradérmico com medicamentos (até 3 drogas)";"-";"2021-10-31";"2021-08-01"
"31002390";"tuss-22";"Gastroplastia para obesidade mórbida por videolaparoscopia";"-";"2010-10-15";"2009-02-13"
"20101368";"tuss-22";"Teste de provocação oral (TPO) com alimentos";"-";"2021-10-31";"2021-08-01"
"31002374";"tuss-22";"Piloroplastia por videolaparoscopia";"-";"2010-10-15";"2009-02-13"
"31002366";"tuss-22";"Gastrotomia para retirada de CE ou lesão isolada por videolaparoscopia";"-";"2010-10-15";"2009-02-13"
"20101350";"tuss-22";"Programação de dispositivos neurofuncionais";"-";"2021-10-31";"2021-08-01"
"31002358";"tuss-22";"Gastroenteroanastomose por videolaparoscopia";"-";"2010-10-15";"2009-02-13"
"20101341";"tuss-22";"Avaliação neurológica ampla - ANA";"-";"2021-10-31";"2021-08-01"
"31002340";"tuss-22";"Gastrectomia total via abdominal por videolaparoscopia";"-";"2010-10-15";"2009-02-13"
"20101333";"tuss-22";"Avaliação e diagnóstico de morte encefálica - teste de apneia que confirme ausência de movimentos respiratórios após estimulação máxima dos centros respiratórios";"-";"2021-10-31";"2021-08-01"
"20101325";"tuss-22";"Avaliação e diagnóstico de morte encefálica - exame clínico que confirme coma não perceptivo e ausência de função tronco encefálico";"-";"2021-10-31";"2021-08-01"
"31002331";"tuss-22";"Gastrectomia total com linfadenectomia por videolaparoscopia";"-";"2010-10-15";"2009-02-13"
"20101317";"tuss-22";"Avaliação clínica pós coleta de líquor no teste de punção lombar única ou repetida - TAP test";"-";"2021-10-31";"2021-08-01"
"31002323";"tuss-22";"Gastrectomia parcial sem vagotomia por videolaparoscopia";"-";"2010-10-15";"2009-02-13"
"31002315";"tuss-22";"Gastrectomia parcial com vagotomia por videolaparoscopia";"-";"2010-10-15";"2009-02-13"
"20101309";"tuss-22";"Avaliação clínica pré coleta de líquor no teste de punção lombar única ou repetida - TAP test";"-";"2021-10-31";"2021-08-01"
"20101295";"tuss-22";"Troca do processador de áudio do implante coclear unilateral";"-";"2021-10-31";"2021-08-01"
"31002307";"tuss-22";"Gastrectomia parcial com linfadenectomia por videolaparoscopia";"-";"2010-10-15";"2009-02-13"
"20101287";"tuss-22";"Reflexo estapediano eliciado eletricamente unilateral";"-";"2021-10-31";"2021-08-01"
"31002293";"tuss-22";"Conversão de anastomose gastrojejunal por videolaparoscopia";"-";"2010-10-15";"2009-02-13"
"31002285";"tuss-22";"Colocação de banda gástrica por videolaparoscopia";"-";"2010-10-15";"2009-02-13"
"20101279";"tuss-22";"Potencial evocado eletricamente no sistema auditivo central";"-";"2021-10-31";"2021-08-01"
"31002277";"tuss-22";"Vagotomia superseletiva ou vagotomia gástrica proximal";"-";"2010-10-15";"2009-02-13"
"20101260";"tuss-22";"Mapeamento e balanceamento dos eletrodos do implante coclear unilateral";"-";"2021-10-31";"2021-08-01"
"31002269";"tuss-22";"Vagotomia gástrica proximal ou superseletiva com duodenoplastia (operação de drenagem)";"-";"2010-10-15";"2009-02-13"
"20101252";"tuss-22";"Ativação do implante coclear unilateral";"-";"2021-10-31";"2021-08-01"
"31002250";"tuss-22";"Vagotomia com operação de drenagem";"-";"2010-10-15";"2009-02-13"
"20101244";"tuss-22";"Avaliação e seleção para implante coclear unilateral";"-";"2021-10-31";"2021-08-01"
"31002242";"tuss-22";"Tratamento cirúrgico das varizes gástricas";"-";"2010-10-15";"2009-02-13"
"20101236";"tuss-22";"Avaliação geriátrica ampla - AGA";"-";"2016-03-31";"2016-01-01"
"31002218";"tuss-22";"Gastroplastia para obesidade mórbida - qualquer técnica";"-";"2010-10-15";"2009-02-13"
"20101228";"tuss-22";"Acompanhamento clínico ambulatorial pós-transplante de medula óssea";"-";"2010-10-15";"2010-09-09"
"31002196";"tuss-22";"Piloroplastia";"-";"2010-10-15";"2009-02-13"
"20101210";"tuss-22";"Acompanhamento clínico ambulatorial pós-transplante de córnea -por avaliação do 11º ao 30º dia até 3 avaliações";"-";"2010-10-15";"2010-09-09"
"31002188";"tuss-22";"Membrana antral - tratamento cirúrgico ";"-";"2010-10-15";"2009-02-13"
"20101201";"tuss-22";"Avaliação clínica e eletrônica de paciente portador de dispositivo cardíaco eletrônico implantável (marca-passo, estimulador multissítio/ressincronizador, desfibrilador ou monitor de eventos)";"-";"2010-10-15";"2021-04-01"
"31002170";"tuss-22";"Gastrotomia para qualquer finalidade";"-";"2010-10-15";"2009-02-13"
"20101198";"tuss-22";"Teste e adaptação de lente de contato (sessão) - binocular";"-";"2010-10-15";"2009-02-13"
"31002161";"tuss-22";"Gastrotomia para retirada de CE ou lesão isolada";"-";"2010-10-15";"2009-02-13"
"20101171";"tuss-22";"Rejeição de enxerto renal - tratamento ambulatorial - avaliação clínica diária";"-";"2010-10-15";"2009-02-13"
"31002153";"tuss-22";"Gastrotomia com sutura de varizes";"-";"2010-10-15";"2009-02-13"
"20101155";"tuss-22";"Prestação de serviços em delegações ou competições esportivas";"-";"2010-10-15";"2009-02-13"
"31002145";"tuss-22";"Gastrorrafia";"-";"2010-10-15";"2009-02-13"
"20101139";"tuss-22";"Controle anti-doping (por período de 2 horas) - fora de competições ";"-";"2010-10-15";"2009-02-13"
"31002137";"tuss-22";"Gastroenteroanastomose";"-";"2010-10-15";"2009-02-13"
"20101120";"tuss-22";"Controle anti-doping (por período de 2 horas) - durante competições ";"-";"2010-10-15";"2009-02-13"
"31002129";"tuss-22";"Gastrectomia total via abdominal";"-";"2010-10-15";"2009-02-13"
"20101112";"tuss-22";"Avaliação da composição corporal por pesagem hidrostática";"-";"2010-10-15";"2009-02-13"
"31002110";"tuss-22";"Gastrectomia total com linfadenectomia";"-";"2010-10-15";"2009-02-13"
"20101104";"tuss-22";"Avaliação da composição corporal por bioimpedanciometria";"-";"2010-10-15";"2009-02-13"
"31002102";"tuss-22";"Gastrectomia polar superior com reconstrução jejunal sem toracotomia";"-";"2010-10-15";"2009-02-13"
"20101090";"tuss-22";"Avaliação da composição corporal por antropometria (inclui consulta)";"-";"2010-10-15";"2009-02-13"
"31002099";"tuss-22";"Gastrectomia polar superior com reconstrução jejunal com toracotomia";"-";"2010-10-15";"2009-02-13"
"20101082";"tuss-22";"Avaliação nutrológica pré e pós-cirurgia bariátrica (inclui consulta) ";"-";"2010-10-15";"2009-02-13"
"20101074";"tuss-22";"Avaliação nutrológica (inclui consulta) ";"-";"2010-10-15";"2009-02-13"
"31002080";"tuss-22";"Gastrectomia parcial sem vagotomia";"-";"2010-10-15";"2009-02-13"
"31002072";"tuss-22";"Gastrectomia parcial com vagotomia";"-";"2010-10-15";"2009-02-13"
"20101023";"tuss-22";"Análise da proporcionalidade cineantropométrica";"-";"2010-10-15";"2009-02-13"
"31002064";"tuss-22";"Gastrectomia parcial com linfadenectomia";"-";"2010-10-15";"2009-02-13"
"20101015";"tuss-22";"Acompanhamento clínico ambulatorial pós-transplante renal - por avaliação";"-";"2010-10-15";"2009-02-13"
"31002056";"tuss-22";"Gastrostomia confecção / fechamento";"-";"2010-10-15";"2009-02-13"
"31002048";"tuss-22";"Degastrogastrectomia sem vagotomia";"-";"2010-10-15";"2009-02-13"
"31002030";"tuss-22";"Degastrogastrectomia com vagotomia";"-";"2010-10-15";"2009-02-13"
"31002021";"tuss-22";"Conversão de anastomose gastrojejunal (qualquer técnica)";"-";"2010-10-15";"2009-02-13"
"31002013";"tuss-22";"Colocação de banda gástrica";"-";"2010-10-15";"2009-02-13"
"31001360";"tuss-22";"Refluxo gastroesofágico - tratamento cirúrgico (Hérnia de hiato) por videolaparoscopia";"-";"2010-10-15";"2009-02-13"
"31001351";"tuss-22";"Tratamento cirúrgico do divertículo esofágico por videotoracoscopia";"-";"2010-10-15";"2009-02-13"
"31001343";"tuss-22";"Esofagorrafia torácica por videotoracoscopia";"-";"2010-10-15";"2009-02-13"
"31001335";"tuss-22";"Tratamento cirúrgico conservador do megaesofago por videolaparoscopia";"-";"2010-10-15";"2009-02-13"
"31001327";"tuss-22";"Tratamento cirúrgico das varizes esofágicas por videolaparoscopia";"-";"2010-10-15";"2009-02-13"
"31001319";"tuss-22";"Reintervenção sobre a transição esôfago gástrica por videolaparoscopia";"-";"2010-10-15";"2009-02-13"
"31001300";"tuss-22";"Esofagectomia distal com ou sem toracotomia por videolaparoscopia";"-";"2010-10-15";"2009-02-13"
"31001297";"tuss-22";"Dissecção do esôfago torácico (qualquer técnica)";"-";"2010-10-15";"2009-02-13"
"31001289";"tuss-22";"Reconstrução do esôfago cervical ou torácico, com transplante de intestino";"-";"2010-10-15";"2009-02-13"
"31001270";"tuss-22";"Reconstrução do esôfago cervical e torácico com transplante segmentar de intestino";"-";"2010-10-15";"2009-02-13"
"31001262";"tuss-22";"Refluxo gastroesofágico - tratamento cirúrgico (Hérnia de hiato)";"-";"2010-10-15";"2009-02-13"
"31001254";"tuss-22";"Esofagectomia subtotal com linfadenectomia com ou sem toracotomia";"-";"2010-10-15";"2009-02-13"
"31001246";"tuss-22";"Tratamento cirúrgico do divertículo faringoesofágico";"-";"2010-10-15";"2009-02-13"
"31001238";"tuss-22";"Tratamento cirúrgico do divertículo esofágico";"-";"2010-10-15";"2009-02-13"
"31001220";"tuss-22";"Esofagostomia";"-";"2010-10-15";"2009-02-13"
"31001211";"tuss-22";"Esofagorrafia torácica";"-";"2010-10-15";"2009-02-13"
"31001203";"tuss-22";"Esofagorrafia cervical";"-";"2010-10-15";"2009-02-13"
"31001190";"tuss-22";"Tunelização esofágica";"-";"2010-10-15";"2009-02-13"
"31001181";"tuss-22";"Tratamento cirúrgico conservador do megaesofago";"-";"2010-10-15";"2009-02-13"
"31001173";"tuss-22";"Tratamento cirúrgico das varizes esofágicas";"-";"2010-10-15";"2009-02-13"
"31001165";"tuss-22";"Substituição esofágica - cólon ou tubo gástrico";"-";"2010-10-15";"2009-02-13"
"31001157";"tuss-22";"Ressecção do esôfago cervical e/ou torácico e transplante com microcirurgia";"-";"2010-10-15";"2009-02-13"
"31001149";"tuss-22";"Reintervenção sobre a transição esôfago gástrica";"-";"2010-10-15";"2009-02-13"
"31001114";"tuss-22";"Fístula tráqueo esofágica - tratamento cirúrgico via torácica";"-";"2010-10-15";"2009-02-13"
"31001106";"tuss-22";"Fístula tráqueo esofágica - tratamento cirúrgico via cervical";"-";"2010-10-15";"2009-02-13"
"31001092";"tuss-22";"Faringo-laringo-esofagectomia total com ou sem toracotomia";"-";"2010-10-15";"2009-02-13"
"31001084";"tuss-22";"Estenose de esôfago - tratamento cirúrgico via torácica";"-";"2010-10-15";"2009-02-13"
"31001076";"tuss-22";"Esofagoplastia (gastroplastia)";"-";"2010-10-15";"2009-02-13"
"31001068";"tuss-22";"Esofagoplastia (coloplastia)";"-";"2010-10-15";"2009-02-13"
"31001050";"tuss-22";"Esofagectomia distal sem toracotomia";"-";"2010-10-15";"2009-02-13"
"31001041";"tuss-22";"Esofagectomia distal com toracotomia";"-";"2010-10-15";"2009-02-13"
"31001033";"tuss-22";"Autotransplante com microcirurgia ";"-";"2010-10-15";"2009-02-13"
"31001025";"tuss-22";"Atresia de esôfago sem fístula (dupla estomia) - tratamento cirúrgico";"-";"2010-10-15";"2009-02-13"
"31001017";"tuss-22";"Atresia de esôfago com fístula traqueal - tratamento cirúrgico";"-";"2010-10-15";"2009-02-13"
"30918081";"tuss-22";"Ablação percutânea por cateter para tratamento de arritmias cardíacas complexas (Fibrilação atrial, Taquicardia Ventricular com modificação de cicatriz, Taquicardias Atriais Macrorreentrantes com modificação de cicatriz) por energia de radiofrequência ou crioablação";"-";"2017-07-09";"2022-08-01"
"30918073";"tuss-22";" Ablação percutânea por cateter para tratamento de arritmias cardíacas por energia de radiofrequência ou crioablação";"-";"2021-06-30";"2021-04-01"
"30918065";"tuss-22";"Punção transeptal com introdução de cateter multipolar nas câmaras esquerdas e/ou veias pulmonares ";"-";"2021-10-31";"2021-08-01"
"30918057";"tuss-22";"Punção do saco pericárdico com introdução de cateter multipolar no espaço pericárdico";"-";"2021-10-31";"2021-08-01"
"30918049";"tuss-22";"Avaliação do limiar de desfibrilação ventricular";"-";"2021-10-31";"2021-08-01"
"30918030";"tuss-22";"Mapeamento eletroanatômico tridimensional";"-";"2017-07-09";"2017-04-10"
"30918022";"tuss-22";"Mapeamento de gatilhos ou substratos arritmogênicos por técnica eletrofisiológica com ou sem provas farmacológicas";"-";"2017-07-09";"2017-04-10"
"30918014";"tuss-22";"Estudo eletrofisiológico cardíaco com ou sem sensibilização farmacológica";"-";"2017-07-09";"2017-04-10"
"30917042";"tuss-22";"Retirada de tumores intracardíacos";"-";"2010-10-15";"2009-02-13"
"30917034";"tuss-22";"Cardiotomia (ferimento, corpo estranho, exploração)";"-";"2010-10-15";"2009-02-13"
"30917026";"tuss-22";"Cardiomioplastia";"-";"2010-10-15";"2009-02-13"
"30917018";"tuss-22";"Biópsia do miocárdio";"-";"2010-10-15";"2009-02-13"
"30916011";"tuss-22";"Hipotermia profunda com ou sem parada circulatória total ";"-";"2010-10-15";"2009-02-13"
"30915066";"tuss-22";"Pericardiotomia / Pericardiectomia por vídeo";"-";"2010-10-15";"2009-02-13"
"30915058";"tuss-22";"Drenagem do pericárdio por vídeo";"-";"2010-10-15";"2009-02-13"
"30915040";"tuss-22";"Pericardiotomia / Pericardiectomia";"-";"2010-10-15";"2009-02-13"
"30915031";"tuss-22";"Pericardiocentese";"-";"2010-10-15";"2009-02-13"
"30915023";"tuss-22";"Drenagem do pericárdio";"-";"2010-10-15";"2009-02-13"
"30915015";"tuss-22";"Correção cirúrgica das arritmias";"-";"2010-10-15";"2009-02-13"
"30914167";"tuss-22";"Marsupialização laparoscópica de linfocele";"-";"2010-10-15";"2009-02-13"
"30914159";"tuss-22";"Linfadenectomia retroperitoneal laparoscópica";"-";"2010-10-15";"2009-02-13"
"30914140";"tuss-22";"Linfadenectomia pélvica laparoscópica";"-";"2010-10-15";"2009-02-13"
"30914132";"tuss-22";"Linfedema - ressecção parcial ";"-";"2010-10-15";"2009-02-13"
"30914124";"tuss-22";"Punção biópsia ganglionar ";"-";"2010-10-15";"2009-02-13"
"30914116";"tuss-22";"Marsupialização de linfocele";"-";"2010-10-15";"2009-02-13"
"30914108";"tuss-22";"Linfedema genital - ressecção";"-";"2010-10-15";"2009-02-13"
"30914094";"tuss-22";"Linfedema - ressecção total";"-";"2010-10-15";"2009-02-13"
"30914086";"tuss-22";"Linfangioplastia";"-";"2010-10-15";"2009-02-13"
"30914078";"tuss-22";"Linfadenectomia retroperitoneal";"-";"2010-10-15";"2009-02-13"
"30914060";"tuss-22";"Linfadenectomia pélvica";"-";"2010-10-15";"2009-02-13"
"30914051";"tuss-22";"Linfadenectomia cervical";"-";"2010-10-15";"2009-02-13"
"30914043";"tuss-22";"Linfadenectomia inguinal ou ilíaca";"-";"2010-10-15";"2009-02-13"
"30914027";"tuss-22";"Doenca de Hodgkin - estadiamento cirúrgico ";"-";"2010-10-15";"2009-02-13"
"30914019";"tuss-22";"Anastomose linfovenosa ";"-";"2010-10-15";"2009-02-13"
"30913152";"tuss-22";"Retirada/desativação  de fístula AV para hemodiálise";"-";"2010-10-15";"2009-02-13"
"30913144";"tuss-22";"Confecção de fístula AV para hemodiálise ";"-";"2010-10-15";"2009-02-13"
"30913128";"tuss-22";"Retirada cirúrgica de cateter de longa permanência para NPP, QT ou para Hemodepuração";"-";"2010-10-15";"2009-02-13"
"30913101";"tuss-22";"Implante cirúrgico de cateter de longa permanência para NPP, QT ou para Hemodepuração";"-";"2010-10-15";"2009-02-13"
"30913098";"tuss-22";"Dissecção de veia com colocação cateter venoso";"-";"2010-10-15";"2009-02-13"
"30913080";"tuss-22";"Dissecção de veia em RN ou lactente ";"-";"2010-10-15";"2009-02-13"
"30913071";"tuss-22";"Dissecção de vaso umbilical com colocação de cateter ";"-";"2010-10-15";"2009-02-13"
"30913055";"tuss-22";"Manutenção de circuito para assistência mecânica circulatória prolongada - período de 6 horas ";"-";"2010-10-15";"2009-02-13"
"30913047";"tuss-22";"Instalação de circuito para assistência mecânica circulatória prolongada (toracotomia) ";"-";"2010-10-15";"2009-02-13"
"30913020";"tuss-22";"Instalação de cateter para monitorização hemodinâmica à beira do leito (Swan-Ganz) ";"-";"2010-10-15";"2009-02-13"
"30913012";"tuss-22";"Implante de cateter venoso central por punção, para NPP, QT, Hemodepuração ou para infusão de soros/drogas";"-";"2010-10-15";"2009-02-13"
"30912334";"tuss-22";"Implante transcateter de válvula pulmonar (ITVP)";"-";"2021-10-31";"2021-08-01"
"30912326";"tuss-22";"Reparo transcateter valvar mitral ";"-";"2021-10-31";"2021-08-01"
"30912318";"tuss-22";"Angioplastia transluminal percutânea por balão para tratamento de oclusão coronária crônica com ou sem stent";"-";"2021-10-31";"2021-08-01"
"30912300";"tuss-22";"Oclusão do apêndice atrial esquerdo";"-";"2021-10-31";"2021-08-01"
"30912296";"tuss-22";"Implante transcateter de prótese valvar aórtica (TAVI)";"-";"2021-06-30";"2021-04-01"
"30912288";"tuss-22";"Procedimento terapêutico nas cardiopatias congênitas, exceto atriosseptostomia";"-";"2010-10-15";"2009-02-13"
"30912270";"tuss-22";"Aterectomia rotacional, direcional ou extracional, com ou sem angioplastia por balão, com ou sem implante de stent";"-";"2010-10-15";"2021-08-01"
"30912261";"tuss-22";"Angioplastia transluminal percutânea de bifurcação e de tronco com implante de stent ";"-";"2010-10-15";"2009-02-13"
"30912253";"tuss-22";"Valvoplastia percutânea por via transeptal ";"-";"2010-10-15";"2009-02-13"
"30912245";"tuss-22";"Valvoplastia percutânea por via arterial ou venosa";"-";"2010-10-15";"2009-02-13"
"30912237";"tuss-22";"Tratamento percutâneo do aneurisma/dissecção da aorta ";"-";"2010-10-15";"2009-02-13"
"30912229";"tuss-22";"Revascularização transmiocárdica percutânea";"-";"2010-10-15";"2009-02-13"
"30912210";"tuss-22";"Retirada percutânea de corpos estranhos vasculares ";"-";"2010-10-15";"2009-02-13"
"30912202";"tuss-22";"Redução miocárdica por infusão seletiva de drogas ";"-";"2010-10-15";"2009-02-13"
"30912199";"tuss-22";"Recanalização mecânica do IAM (angioplastia primária com balão) ";"-";"2010-10-15";"2009-02-13"
"30912180";"tuss-22";"Recanalização arterial no IAM - angioplastia primária - com implante de stent com ou sem suporte circulatório (balão intra-órtico) ";"-";"2010-10-15";"2009-02-13"
"30912172";"tuss-22";"Radiação ou antiproliferação intracoronária";"-";"2010-10-15";"2009-02-13"
"30912148";"tuss-22";"Oclusão percutânea do canal arterial";"-";"2010-10-15";"2009-02-13"
"30912130";"tuss-22";"Oclusão percutânea de fístula e/ou conexões sistêmico pulmonares ";"-";"2010-10-15";"2009-02-13"
"30912121";"tuss-22";"Oclusão percutânea de \"shunts\" intracardíacos";"-";"2010-10-15";"2009-02-13"
"30912113";"tuss-22";"Infusão seletiva intravascular de enzimas trombolíticas ";"-";"2010-10-15";"2009-02-13"
"30912105";"tuss-22";"Implante de stent coronário com ou sem angioplastia por balão concomitante (1 vaso)";"-";"2010-10-15";"2009-02-13"
"30912091";"tuss-22";"Implante de prótese intravascular na aorta/pulmonar ou ramos com ou sem angioplastia ";"-";"2010-10-15";"2009-02-13"
"30912083";"tuss-22";"Colocação de cateter intracavitário para monitorização hemodinâmica";"-";"2010-10-15";"2009-02-13"
"30912075";"tuss-22";"Emboloterapia ";"-";"2010-10-15";"2009-02-13"
"30912067";"tuss-22";"Atriosseptostomia por lâmina";"-";"2010-10-15";"2009-02-13"
"30912059";"tuss-22";"Atriosseptostomia por balão";"-";"2010-10-15";"2009-02-13"
"30912040";"tuss-22";"Angioplastia transluminal percutânea por balão (1 vaso) ";"-";"2010-10-15";"2009-02-13"
"30912032";"tuss-22";"Angioplastia transluminal percutânea de múltiplos vasos, com implante de stent ";"-";"2010-10-15";"2009-02-13"
"30912024";"tuss-22";"Angioplastia transluminal da aorta ou ramos ou da artéria pulmonar e ramos (por vaso)";"-";"2010-10-15";"2009-02-13"
"30912016";"tuss-22";"Ablação de circuito arritmogênico por cateter de radiofrequência ";"-";"2010-10-15";"2009-02-13"
"30911176";"tuss-22";"Mapeamento Eletrofisiológico Cardíaco Convencional";"-";"2014-08-31";"2013-12-01"
"30911150";"tuss-22";"Mapeamento de feixes anômalos e focos ectópicos por eletrofisiologia intracavitária, com provas";"-";"2010-10-15";"2009-02-13"
"30911141";"tuss-22";"Estudo ultrassonográfico intravascular ";"-";"2010-10-15";"2009-02-13"
"30911133";"tuss-22";"Estudo hemodinâmico de cardiopatias congênitas e/ou valvopatias  com  ou  sem  cinecoronariografia  ou oximetria";"-";"2010-10-15";"2009-02-13"
"30911125";"tuss-22";"Estudo hemodinâmico das cardiopatias congênitas  estruturalmente  complexas (menos: CIA, CIV, PCA, Co, AO, estenose aórtica e pulmonar isoladas)";"-";"2010-10-15";"2009-02-13"
"30911109";"tuss-22";"Cateterização cardíaca E por via transeptal";"-";"2010-10-15";"2009-02-13"
"30911095";"tuss-22";"Cateterismo E e estudo cineangiográfico da aorta e/ou seus ramos";"-";"2010-10-15";"2009-02-13"
"30911087";"tuss-22";"Cateterismo cardíaco E e/ou D com cineangiocoronariografia, ventriculografia e estudo angiográfico  da aorta e/ou ramos tóraco-abdominais e/ou membros";"-";"2010-10-15";"2009-02-13"
"30911079";"tuss-22";"Cateterismo cardíaco E e/ou D com cineangiocoronariografia e ventriculografia";"-";"2010-10-15";"2009-02-13"
"30911060";"tuss-22";"Cateterismo cardíaco direito com estudo angiográfico da artéria pulmonar";"-";"2010-10-15";"2009-02-13"
"30911052";"tuss-22";"Cateterismo cardíaco D e/ou E com estudo cineangiográfico e de revascularização cirúrgica do miocárdio";"-";"2010-10-15";"2009-02-13"
"30911044";"tuss-22";"Cateterismo cardíaco D e/ou E com  ou  sem  cinecoronariografia / cineangiografia  com  avaliação  de reatividade vascular pulmonar ou teste de sobrecarga hemodinânica";"-";"2010-10-15";"2009-02-13"
"30911036";"tuss-22";"Biópsia endomiocárdica";"-";"2010-10-15";"2009-02-13"
"30911028";"tuss-22";"Avaliação fisiológica da gravidade de obstruções (cateter ou guia)";"-";"2010-10-15";"2009-02-13"
"30911010";"tuss-22";"Avaliação da viabilidade miocárdica por cateter";"-";"2010-10-15";"2009-02-13"
"30910145";"tuss-22";"Lesões vasculares traumáticas intratorácicas";"-";"2010-10-15";"2009-02-13"
"30910137";"tuss-22";"Lesões vasculares intra-abdominais ";"-";"2010-10-15";"2009-02-13"
"30910129";"tuss-22";"Lesões vasculares de membro inferior ou superior - unilateral ";"-";"2010-10-15";"2009-02-13"
"30910110";"tuss-22";"Lesões vasculares cervicais e cérvico-torácicas";"-";"2010-10-15";"2009-02-13"
"30910102";"tuss-22";"Exploração vascular em traumas torácicos e abdominais ";"-";"2010-10-15";"2009-02-13"
"30910099";"tuss-22";"Exploração vascular em traumas de outros segmentos ";"-";"2010-10-15";"2009-02-13"
"30910080";"tuss-22";"Embolectomia ou tromboembolectomia arterial";"-";"2010-10-15";"2009-02-13"
"30910072";"tuss-22";"Aneurismas rotos ou trombosados torácicos ou tóraco-abdominais";"-";"2010-10-15";"2009-02-13"
"30910064";"tuss-22";"Aneurismas rotos ou trombosados de carótida, subclávia, ilíaca";"-";"2010-10-15";"2009-02-13"
"30910056";"tuss-22";"Aneurismas rotos ou trombosados de axilar, femoral, poplítea ";"-";"2010-10-15";"2009-02-13"
"30910048";"tuss-22";"Aneurismas rotos ou trombosados de artérias viscerais ";"-";"2010-10-15";"2009-02-13"
"30910030";"tuss-22";"Aneurismas rotos ou trombosados de aorta abdominal acima da artéria renal";"-";"2010-10-15";"2009-02-13"
"30910021";"tuss-22";"Aneurismas rotos ou trombosados - outros ";"-";"2010-10-15";"2009-02-13"
"30910013";"tuss-22";"Aneurisma roto ou trombosado de aorta abdominal abaixo da artéria renal ";"-";"2010-10-15";"2009-02-13"
"30909155";"tuss-22";"Hemodialfiltração online (HDF-OL)";"-";"2021-06-30";"2021-04-01"
"30909147";"tuss-22";"Hemodepuração de casos agudos (sessão hemodiálise, hemofiltração, hemodiafiltração isolada, plasmaferese ou hemoperfusão) - até 12 horas";"-";"2010-10-15";"2009-02-13"
"30909139";"tuss-22";"Hemodepuração de casos agudos (sessão hemodiálise, hemofiltração, hemodiafiltração isolada, plasmaferese ou hemoperfusão) - até 4 horas ou fração";"-";"2010-10-15";"2009-02-13"
"30909031";"tuss-22";"Hemodiálise crônica (por sessão)";"-";"2010-10-15";"2009-02-13"
"30909023";"tuss-22";"Hemodiálise contínua (a cada 12 horas)";"-";"2010-10-15";"2022-08-01"
"30908108";"tuss-22";"Tromboembolectomia de fístula arteriovenosa";"-";"2010-10-15";"2009-02-13"
"30908094";"tuss-22";"Fístula arteriovenosa dos membros ";"-";"2010-10-15";"2009-02-13"
"30908086";"tuss-22";"Fístula arteriovenosa dos grandes vasos intratorácicos ";"-";"2010-10-15";"2009-02-13"
"30908078";"tuss-22";"Fístula arteriovenosa direta";"-";"2010-10-15";"2009-02-13"
"30908060";"tuss-22";"Fístula arteriovenosa congênita para redução de fluxo ";"-";"2010-10-15";"2009-02-13"
"30908051";"tuss-22";"Fístula arteriovenosa congênita - correção cirúrgica radical ";"-";"2010-10-15";"2009-02-13"
"30908043";"tuss-22";"Fístula arteriovenosa congênita - reintervenção ";"-";"2010-10-15";"2009-02-13"
"30908035";"tuss-22";"Fístula arteriovenosa cervical ou cefálica extracraniana";"-";"2010-10-15";"2009-02-13"
"30908027";"tuss-22";"Fístula arteriovenosa - com enxerto ";"-";"2010-10-15";"2009-02-13"
"30908019";"tuss-22";"Fístula aorto-cava, reno-cava ou ílio-ilíaca";"-";"2010-10-15";"2009-02-13"
"30907152";"tuss-22";"Varizes - ressecção de colaterais com anestesia local em consultório / ambulatório";"-";"2010-10-15";"2009-02-13"
"30907144";"tuss-22";"Varizes - tratamento cirúrgico de um membro";"-";"2010-10-15";"2009-02-13"
"30907136";"tuss-22";"Varizes - tratamento cirúrgico de dois membros ";"-";"2010-10-15";"2009-02-13"
"30907128";"tuss-22";"Valvuloplastia ou interposição de segmento valvulado venoso";"-";"2010-10-15";"2009-02-13"
"30907110";"tuss-22";"Trombectomia venosa ";"-";"2010-10-15";"2009-02-13"
"30907101";"tuss-22";"Tratamento cirúrgico de varizes com lipodermatoesclerose ou úlcera (um membro)";"-";"2010-10-15";"2009-02-13"
"30907098";"tuss-22";"Interrupção cirúrgica veia cava inferior";"-";"2010-10-15";"2009-02-13"
"30907080";"tuss-22";"Implante de filtro de veia cava";"-";"2010-10-15";"2009-02-13"
"30907071";"tuss-22";"Fulguração de telangiectasias (por grupo) ";"-";"2010-10-15";"2009-02-13"
"30907063";"tuss-22";"Escleroterapia de veias - por sessão";"-";"2010-10-15";"2009-02-13"
"30907047";"tuss-22";"Cura cirúrgica de hipertensão portal - qualquer tipo ";"-";"2010-10-15";"2009-02-13"
"30907039";"tuss-22";"Cura cirúrgica da impotência coeundi venosa";"-";"2010-10-15";"2009-02-13"
"30907020";"tuss-22";"Cirurgia de restauração venosa com pontes nos membros";"-";"2010-10-15";"2009-02-13"
"30907012";"tuss-22";"Cirurgia de restauração venosa com pontes em cavidades";"-";"2010-10-15";"2009-02-13"
"30906466";"tuss-22";"Tronco celíaco - qualquer técnica";"-";"2010-10-15";"2009-02-13"
"30906458";"tuss-22";"Tratamento cirúrgico de tumor carotídeo";"-";"2010-10-15";"2009-02-13"
"30906440";"tuss-22";"Tratamento cirúrgico de síndrome vértebro basilar";"-";"2010-10-15";"2009-02-13"
"30906431";"tuss-22";"Tratamento cirúrgico da isquemia cerebral ";"-";"2010-10-15";"2009-02-13"
"30906423";"tuss-22";"Revascularização arterial de membro superior";"-";"2010-10-15";"2009-02-13"
"10106162";"tuss-22";"Atendimento para avaliação oftalmológica ao recém-nascido em berçário ou UTI";"-";"2021-10-31";"2021-08-01"
"30906415";"tuss-22";"Revascularização aorto-femoral - unilateral";"-";"2010-10-15";"2009-02-13"
"10106154";"tuss-22";"ATENDIMENTO AMBULATORIAL OFTALMOLÓGICO DE CRIANÇA PRÉ-VERBAL (<4 ANOS) OU CRIANÇAS COM DÉFICIT INTELECTUAL, DIFICULDADE DE COMUNICAÇÃO OU POUCO COLABORATIVAS, REALIZADO EM CONSULTÓRIO";"-";"2023-12-31";"2023-10-01"
"30906407";"tuss-22";"Retirada de enxerto infectado em posição não aórtica";"-";"2010-10-15";"2009-02-13"
"10106146";"tuss-22";"Atendimento ambulatorial em puericultura";"-";"2010-10-15";"2010-09-09"
"30906393";"tuss-22";"Reoperação de aorta abdominal";"-";"2010-10-15";"2009-02-13"
"10106138";"tuss-22";"Prova de direção veicular em banca especial - Avaliação Clínica durante a prova de direção veicular procedida por dois médicos simultaneamente";"-";"2010-10-15";"2010-09-09"
"30906385";"tuss-22";"Arterioplastia da femoral profunda (profundoplastia)";"-";"2010-10-15";"2009-02-13"
"10106120";"tuss-22";"Exame de aptidão física e mental para ratificação, quando a condição física e mental assim o requerer, dos exames realizados pelo órgão previdenciário, incluindo restrição ou liberação para a condução de veículo automotor";"-";"2010-10-15";"2010-09-09"
"30906377";"tuss-22";"Preparo de veia autóloga para remendos vasculares ";"-";"2010-10-15";"2009-02-13"
"10106111";"tuss-22";"Exame de aptidão física e mental para concessão de benefícios fiscais conferidos pelas Secretaria da Receita Federal e da Fazenda Estadual, a quem fazem jus portadores de mobilidade reduzida, com necessidade de adaptação veicular";"-";"2010-10-15";"2010-09-09"
"30906350";"tuss-22";"Pontes transcervicais - qualquer tipo ";"-";"2010-10-15";"2009-02-13"
"10106103";"tuss-22";"Perícia médica";"-";"2010-10-15";"2009-02-13"
"30906342";"tuss-22";"Pontes aorto-cervicais ou endarterectomias dos troncos supra-aórticos";"-";"2010-10-15";"2009-02-13"
"10106090";"tuss-22";"Junta Médica - pagamento de honorários médicos referente a 3ª opinião, conforme resolução Consu nº 8";"-";"2010-10-15";"2009-02-13"
"30906334";"tuss-22";"Ponte subclávio femoral";"-";"2010-10-15";"2009-02-13"
"30906326";"tuss-22";"Ponte subclávio bifemoral";"-";"2010-10-15";"2009-02-13"
"10106073";"tuss-22";"Junta Médica (três ou mais profissionais) - destina-se ao esclarecimento diagnóstico ou decisão de conduta em caso de difícil solução - por profissional ";"-";"2010-10-15";"2009-02-13"
"30906318";"tuss-22";"Ponte fêmoro-femoral ipsilateral ";"-";"2010-10-15";"2009-02-13"
"10106065";"tuss-22";"Exame de aptidão física e mental, ou em portadores de mobilidade reduzida, para fins de inscrição ou renovação da CNH (Carteira Nacional de Habilitação) ";"-";"2010-10-15";"2009-02-13"
"30906300";"tuss-22";"Ponte fêmoro-femoral cruzada ";"-";"2010-10-15";"2009-02-13"
"10106049";"tuss-22";"Atendimento pediátrico a gestantes (3º trimestre)";"-";"2010-10-15";"2009-02-13"
"30906296";"tuss-22";"Ponte fêmoro poplítea proximal";"-";"2010-10-15";"2009-02-13"
"10106030";"tuss-22";"Atendimento ao familiar do adolescente";"-";"2010-10-15";"2009-02-13"
"30906288";"tuss-22";"Ponte distal ";"-";"2010-10-15";"2009-02-13"
"10106014";"tuss-22";"Aconselhamento genético";"-";"2010-10-15";"2009-02-13"
"30906270";"tuss-22";"Ponte axilo-femoral";"-";"2010-10-15";"2009-02-13"
"10105077";"tuss-22";"Acompanhamento médico para transporte intra-hospitalar de pacientes graves, com ventilação assistida, da UTI para o centro de diagnósitco";"-";"2010-10-15";"2009-02-13"
"30906261";"tuss-22";"Ponte axilo-bifemoral ";"-";"2010-10-15";"2009-02-13"
"10105069";"tuss-22";"Transporte extra-hospitalar aéreo ou aquático de pacientes graves, por hora adicional - acompanhamento médico";"-";"2010-10-15";"2009-02-13"
"30906253";"tuss-22";"Ponte aorto-ilíaca - unilateral ";"-";"2010-10-15";"2009-02-13"
"10105050";"tuss-22";"Transporte extra-hospitalar aéreo ou aquático de pacientes graves, 1ª hora - a partir do deslocamento do médico - acompanhamento médico";"-";"2010-10-15";"2009-02-13"
"30906245";"tuss-22";"Ponte aorto-femoral - unilateral ";"-";"2010-10-15";"2009-02-13"
"10105042";"tuss-22";"Transporte extra-hospitalar terrestre de pacientes graves, por hora adicional - até o retorno do médico à base - acompanhamento médico";"-";"2010-10-15";"2009-02-13"
"30906237";"tuss-22";"Ponte aorto-biilíaca ";"-";"2010-10-15";"2009-02-13"
"10105034";"tuss-22";"Transporte extra-hospitalar terrestre de pacientes graves, 1ª hora - a partir do deslocamento do médico - acompanhamento médico";"-";"2010-10-15";"2009-02-13"
"30906229";"tuss-22";"Ponte aorto-bifemoral ";"-";"2010-10-15";"2009-02-13"
"10104020";"tuss-22";"Atendimento médico do intensivista em UTI geral ou pediátrica (plantão de 12 horas - por paciente)";"-";"2010-10-15";"2009-02-13"
"30906210";"tuss-22";"Ligadura de carótida ou ramos ";"-";"2010-10-15";"2009-02-13"
"10104011";"tuss-22";"Atendimento do intensivista diarista (por dia e por paciente)";"-";"2010-10-15";"2009-02-13"
"30906202";"tuss-22";"Endarterectomia ilíaco-femoral";"-";"2010-10-15";"2009-02-13"
"10103031";"tuss-22";"Atendimento ao recém-nascido em sala de parto (parto normal ou operatório de alto risco)";"-";"2010-10-15";"2009-02-13"
"30906199";"tuss-22";"Endarterectomia carotídea - cada segmento arterial tratado";"-";"2010-10-15";"2009-02-13"
"10103023";"tuss-22";"Atendimento ao recém-nascido em sala de parto (parto normal ou operatório de baixo risco) ";"-";"2010-10-15";"2009-02-13"
"30906180";"tuss-22";"Endarterectomia aorto-ilíaca";"-";"2010-10-15";"2009-02-13"
"10103015";"tuss-22";"Atendimento ao recém-nascido em berçário ";"-";"2010-10-15";"2009-02-13"
"30906172";"tuss-22";"Correção das dissecções da aorta";"-";"2010-10-15";"2009-02-13"
"10102019";"tuss-22";"Visita hospitalar (paciente internado)";"-";"2010-10-15";"2009-02-13"
"30906164";"tuss-22";"Cateterismo da artéria radial - para PAM";"-";"2010-10-15";"2009-02-13"
"10101039";"tuss-22";"Consulta em pronto socorro ";"-";"2010-10-15";"2009-02-13"
"30906156";"tuss-22";"Artéria renal bilateral revascularização ";"-";"2010-10-15";"2009-02-13"
"10101020";"tuss-22";"Consulta em domicílio ";"-";"2010-10-15";"2009-02-13"
"30906148";"tuss-22";"Artéria mesentérica superior - qualquer técnica ";"-";"2010-10-15";"2009-02-13"
"10101012";"tuss-22";"Consulta em consultório (no horário normal ou preestabelecido) ";"-";"2010-10-15";"2009-02-13"
"30906130";"tuss-22";"Artéria mesentérica inferior - qualquer técnica ";"-";"2010-10-15";"2009-02-13"
"30906121";"tuss-22";"Artéria hipogástrica - unilateral - qualquer técnica ";"-";"2010-10-15";"2009-02-13"
"30906113";"tuss-22";"Angioplastia transluminal transoperatória - por artéria";"-";"2010-10-15";"2009-02-13"
"30906083";"tuss-22";"Aneurismas torácicos ou tóraco-abdominais ";"-";"2010-10-15";"2009-02-13"
"30906075";"tuss-22";"Aneurismas - outros";"-";"2010-10-15";"2009-02-13"
"30906067";"tuss-22";"Aneurisma de carótida, subclávia, ilíaca";"-";"2010-10-15";"2009-02-13"
"30906059";"tuss-22";"Aneurisma de axilar, femoral, poplítea ";"-";"2010-10-15";"2009-02-13"
"30906040";"tuss-22";"Aneurisma de artérias viscerais";"-";"2010-10-15";"2009-02-13"
"30906032";"tuss-22";"Aneurisma de aorta-torácica ";"-";"2010-10-15";"2009-02-13"
"30906024";"tuss-22";"Aneurisma de aorta abdominal supra-renal ";"-";"2010-10-15";"2009-02-13"
"30906016";"tuss-22";"Aneurisma de aorta abdominal infra-renal ";"-";"2010-10-15";"2009-02-13"
"30905087";"tuss-22";"MANUTENÇÃO DE DISPOSITIVO DE ASSISTÊNCIA VENTRICULAR ESQUERDA (DAVE)";"-";"2025-06-30";"2025-04-01"
"30905079";"tuss-22";"INSTALAÇÃO DE DISPOSITIVO DE ASSISTÊNCIA VENTRICULAR ESQUERDA (DAVE) POR TORACOTOMIA";"-";"2025-06-30";"2025-04-01"
"30905060";"tuss-22";"Perfusionista - em procedimentos cardíacos";"-";"2010-10-15";"2009-02-13"
"30905052";"tuss-22";"Derivação cavo-atrial ";"-";"2010-10-15";"2009-02-13"
"30905044";"tuss-22";"Instalação do circuíto de circulação extracorpórea em crianças de baixo peso (10 kg) ";"-";"2010-10-15";"2009-02-13"
"30905036";"tuss-22";"Instalação do circuíto de circulação extracorpórea convencional ";"-";"2010-10-15";"2009-02-13"
"30905028";"tuss-22";"Colocação de stent na aorta sem CEC ";"-";"2010-10-15";"2009-02-13"
"30905010";"tuss-22";"Colocação de balão intra-aórtico";"-";"2010-10-15";"2009-02-13"
"30904170";"tuss-22";"Implante de monitor de eventos (Looper implantável)";"-";"2017-07-09";"2017-04-10"
"30904161";"tuss-22";"Implante de cardiodesfibrilador multissítio - TRC-D (gerador e eletrodos)";"-";"2016-03-31";"2016-01-01"
"30904153";"tuss-22";"Remoção de cabo-eletrodo de marcapasso e/ou cárdio-desfibrilador implantável com auxílio de dilatador mecânico, laser ou radiofrequência ";"-";"2010-10-15";"2010-09-09"
"30904145";"tuss-22";"Implante de marca-passo bicameral (gerador + eletrodo atrial e ventricular) ";"-";"2010-10-15";"2009-02-13"
"30904137";"tuss-22";"Implante de marca-passo monocameral (gerador + eletrodo atrial ou ventricular)  ";"-";"2010-10-15";"2009-02-13"
"30904129";"tuss-22";"Troca de gerador ";"-";"2010-10-15";"2009-02-13"
"30904110";"tuss-22";"Retirada do sistema (não aplicável na troca do gerador) ";"-";"2010-10-15";"2009-02-13"
"30904102";"tuss-22";"Recolocação de eletrodo / gerador com ou sem troca de unidades ";"-";"2010-10-15";"2009-02-13"
"30904099";"tuss-22";"Implante de marca-passo temporário à beira do leito ";"-";"2010-10-15";"2009-02-13"
"30904080";"tuss-22";"Instalação de marca-passo epimiocárdio temporário ";"-";"2010-10-15";"2009-02-13"
"30904064";"tuss-22";"Implante de estimulador cardíaco artificial multissítio";"-";"2010-10-15";"2009-02-13"
"30904021";"tuss-22";"Implante de desfibrilador interno, placas e eletrodos ";"-";"2010-10-15";"2009-02-13"
"30904013";"tuss-22";"Cárdio-estimulação transesofágica (CETE), terapêutica ou diagnóstica";"-";"2010-10-15";"2009-02-13"
"30903041";"tuss-22";"Ventriculectomia parcial - em coronariopatias ";"-";"2010-10-15";"2009-02-13"
"30903033";"tuss-22";"Revascularização do miocárdio + cirurgia valvar";"-";"2010-10-15";"2009-02-13"
"30903025";"tuss-22";"Revascularização do miocárdio ";"-";"2010-10-15";"2009-02-13"
"30903017";"tuss-22";"Aneurismectomia de VE ";"-";"2010-10-15";"2009-02-13"
"30902053";"tuss-22";"Troca valvar ";"-";"2010-10-15";"2009-02-13"
"30902045";"tuss-22";"Plastia valvar ";"-";"2010-10-15";"2009-02-13"
"30902037";"tuss-22";"Comissurotomia valvar";"-";"2010-10-15";"2009-02-13"
"30902029";"tuss-22";"Cirurgia multivalvar";"-";"2010-10-15";"2009-02-13"
"30902010";"tuss-22";"Ampliação do anel valvar ";"-";"2010-10-15";"2009-02-13"
"30901111";"tuss-22";"Transposições (vasos, câmaras) - em defeitos cardíacos congenitos ";"-";"2010-10-15";"2009-02-13"
"30901103";"tuss-22";"Ressecção (infundíbulo, septo, membranas, bandas) - em defeitos cardíacos congenitos";"-";"2010-10-15";"2009-02-13"
"30901090";"tuss-22";"Redirecionamento do fluxo sanguíneo (com anastomose direta, retalho, tubo) - em defeitos cardíacos congenitos";"-";"2010-10-15";"2009-02-13"
"30901081";"tuss-22";"Correção de cardiopatia congênita + revascularização do miocárdio";"-";"2010-10-15";"2009-02-13"
"30901073";"tuss-22";"Correção de cardiopatia congênita + cirurgia valvar";"-";"2010-10-15";"2009-02-13"
"30901065";"tuss-22";"Correção cirúrgica da comunicação interventricular ";"-";"2010-10-15";"2009-02-13"
"30901057";"tuss-22";"Correção cirúrgica da comunicação interatrial";"-";"2010-10-15";"2009-02-13"
"30901049";"tuss-22";"Confecção de bandagem da artéria pulmonar ";"-";"2010-10-15";"2009-02-13"
"30901030";"tuss-22";"Coarctação da aorta - correção cirúrgica";"-";"2010-10-15";"2009-02-13"
"30901022";"tuss-22";"Canal arterial persistente - correção cirúrgica";"-";"2010-10-15";"2009-02-13"
"30901014";"tuss-22";"Ampliação (anel valvar, grandes vasos, átrio, ventrículo)";"-";"2010-10-15";"2009-02-13"
"30806070";"tuss-22";"Hérnia diafragmática congênita - tratamento cirúrgico por vídeo";"-";"2021-10-31";"2021-08-01"
"30806062";"tuss-22";"Hérnia diafragmática congênita - tratamento cirúrgico (qualquer via)";"-";"2021-10-31";"2021-08-01"
"30806054";"tuss-22";"Hérnia diafragmática - tratamento cirúrgico por vídeo";"-";"2010-10-15";"2009-02-13"
"30806046";"tuss-22";"Implante de marca-passo diafragmático definitivo";"-";"2010-10-15";"2009-02-13"
"30806038";"tuss-22";"Hérnia diafragmática - tratamento cirúrgico (qualquer técnica)";"-";"2010-10-15";"2009-02-13"
"30806020";"tuss-22";"Eventração diafragmática - tratamento cirúrgico";"-";"2010-10-15";"2009-02-13"
"30806011";"tuss-22";"Abscesso subfrênico - tratamento cirúrgico";"-";"2010-10-15";"2009-02-13"
"30805295";"tuss-22";"Retirada de corpo estranho do mediastino";"-";"2010-10-15";"2009-02-13"
"30805287";"tuss-22";"Tratamento da mediastinite por vídeo";"-";"2010-10-15";"2009-02-13"
"30805279";"tuss-22";"Timectomia por vídeo";"-";"2010-10-15";"2009-02-13"
"30805260";"tuss-22";"Ressecção de tumor de mediastino por vídeo";"-";"2010-10-15";"2009-02-13"
"30805252";"tuss-22";"Pericardiotomia com abertura pleuro-pericárdica por vídeo";"-";"2010-10-15";"2009-02-13"
"30805244";"tuss-22";"Mediastinotomia extrapleural por via posterior por vídeo";"-";"2010-10-15";"2009-02-13"
"30805236";"tuss-22";"Mediastinoscopia, via cervical por vídeo";"-";"2010-10-15";"2009-02-13"
"30805228";"tuss-22";"Linfadenectomia mediastinal por vídeo";"-";"2010-10-15";"2009-02-13"
"30805210";"tuss-22";"Ligadura de ducto-torácico por vídeo";"-";"2010-10-15";"2009-02-13"
"30805201";"tuss-22";"Ligadura de artérias brônquicas para controle de hemoptise por vídeo";"-";"2010-10-15";"2009-02-13"
"30805198";"tuss-22";"Cisto ou duplicação brônquica ou esofágica - tratamento cirúrgico por vídeo";"-";"2010-10-15";"2009-02-13"
"30805180";"tuss-22";"Biópsia de tumor do mediastino por vídeo";"-";"2010-10-15";"2009-02-13"
"30805171";"tuss-22";"Vagotomia troncular terapêutica por toracotomia";"-";"2010-10-15";"2009-02-13"
"30805163";"tuss-22";"Tratamento da mediastinite (qualquer via)";"-";"2010-10-15";"2009-02-13"
"30805155";"tuss-22";"Timectomia (qualquer via)";"-";"2010-10-15";"2009-02-13"
"30805147";"tuss-22";"Ressecção de tumor de mediastino";"-";"2010-10-15";"2009-02-13"
"30805139";"tuss-22";"Pericardiotomia com abertura pleuro-pericárdica (qualquer técnica)";"-";"2010-10-15";"2009-02-13"
"30805120";"tuss-22";"Mediastinotomia extrapleural por via posterior";"-";"2010-10-15";"2009-02-13"
"30805112";"tuss-22";"Mediastinotomia (via paraesternal, transesternal, cervical)";"-";"2010-10-15";"2009-02-13"
"30805104";"tuss-22";"Mediastinoscopia, via cervical";"-";"2010-10-15";"2009-02-13"
"30805090";"tuss-22";"Linfadenectomia mediastinal";"-";"2010-10-15";"2009-02-13"
"30805082";"tuss-22";"Ligadura de ducto-torácico (qualquer via)";"-";"2010-10-15";"2009-02-13"
"30805074";"tuss-22";"Ligadura de artérias brônquicas por toracotomia para controle de hemoptise";"-";"2010-10-15";"2009-02-13"
"30805040";"tuss-22";"Cisto ou duplicação brônquica ou esôfagica - tratamento cirúrgico";"-";"2010-10-15";"2009-02-13"
"30805031";"tuss-22";"Biópsia de tumor do mediastino (qualquer via)";"-";"2010-10-15";"2009-02-13"
"30805023";"tuss-22";"Biópsia de linfonodos pré-escalênicos ou do confluente venoso";"-";"2010-10-15";"2009-02-13"
"30805015";"tuss-22";"Ressecção de bócio intratorácico";"-";"2010-10-15";"2009-02-13"
"30804213";"tuss-22";"Tratamento operatório da hemorragia intrapleural por  vídeo";"-";"2010-10-15";"2009-02-13"
"30804205";"tuss-22";"Tenda pleural por vídeo";"-";"2010-10-15";"2009-02-13"
"30804191";"tuss-22";"Ressecção de tumor da pleura localizado por vídeo";"-";"2010-10-15";"2009-02-13"
"30804183";"tuss-22";"Pleuroscopia por vídeo";"-";"2010-10-15";"2009-02-13"
"30804175";"tuss-22";"Pleurodese por video";"-";"2010-10-15";"2009-02-13"
"30804167";"tuss-22";"Pleurectomia por videotoracoscopia";"-";"2010-10-15";"2009-02-13"
"30804159";"tuss-22";"Descorticação pulmonar por videotoracoscopia";"-";"2010-10-15";"2009-02-13"
"30804140";"tuss-22";"Tratamento operatório da hemorragia intrapleural";"-";"2010-10-15";"2009-02-13"
"30804132";"tuss-22";"Toracostomia com drenagem pleural fechada";"-";"2010-10-15";"2009-02-13"
"30804124";"tuss-22";"Tenda pleural";"-";"2010-10-15";"2009-02-13"
"30804116";"tuss-22";"Retirada de dreno tubular torácico (colocado em outro serviço)";"-";"2010-10-15";"2009-02-13"
"30804108";"tuss-22";"Ressecção de tumor da pleura localizado";"-";"2010-10-15";"2009-02-13"
"30804094";"tuss-22";"Repleção de cavidade pleural com solução de antibiótico para tratamento de empiema";"-";"2010-10-15";"2009-02-13"
"30804086";"tuss-22";"Punção pleural (ou toracocentese)";"-";"2010-10-15";"2022-08-01"
"30804060";"tuss-22";"Pleurostomia (aberta)";"-";"2010-10-15";"2009-02-13"
"30804051";"tuss-22";"Pleuroscopia";"-";"2010-10-15";"2009-02-13"
"30804043";"tuss-22";"Pleurodese (qualquer técnica)";"-";"2010-10-15";"2009-02-13"
"30804035";"tuss-22";"Pleurectomia";"-";"2010-10-15";"2009-02-13"
"30804027";"tuss-22";"Descorticação pulmonar";"-";"2010-10-15";"2009-02-13"
"30804019";"tuss-22";"Biópsia percutânea de pleura por agulha ";"-";"2010-10-15";"2009-02-13"
"30803241";"tuss-22";"Biópsia transcutânea de pulmão por agulha";"-";"2010-10-15";"2009-02-13"
"30803233";"tuss-22";"Segmentectomia por videotoracoscopia ";"-";"2010-10-15";"2009-02-13"
"30803225";"tuss-22";"Metastasectomia pulmonar unilateral por videotoracoscopia";"-";"2010-10-15";"2009-02-13"
"30803217";"tuss-22";"Lobectomia pulmonar por videotoracoscopia";"-";"2010-10-15";"2009-02-13"
"30803209";"tuss-22";"Drenagem tubular aberta de cavidade pulmonar por videotoracoscopia";"-";"2010-10-15";"2009-02-13"
"30803195";"tuss-22";"Correção de fístula bronco-pleural por videotoracoscopia";"-";"2010-10-15";"2009-02-13"
"30803187";"tuss-22";"Cirurgia redutora do volume pulmonar unilateral  por videotoracoscopia";"-";"2010-10-15";"2009-02-13"
"30803179";"tuss-22";"Bulectomia unilateral por videotoracoscopia";"-";"2010-10-15";"2009-02-13"
"30803160";"tuss-22";"Tromboendarterectomia pulmonar";"-";"2010-10-15";"2009-02-13"
"30803152";"tuss-22";"Segmentectomia (qualquer técnica) ";"-";"2010-10-15";"2009-02-13"
"30803144";"tuss-22";"Posicionamento de agulhas radiativas por toracotomia (braquiterapia)";"-";"2010-10-15";"2009-02-13"
"30803136";"tuss-22";"Pneumostomia (cavernostomia) com costectomia e estoma cutâneo-cavitário";"-";"2010-10-15";"2009-02-13"
"30803128";"tuss-22";"Pneumorrafia";"-";"2010-10-15";"2009-02-13"
"30803110";"tuss-22";"Pneumonectomia de totalização";"-";"2010-10-15";"2009-02-13"
"30803101";"tuss-22";"Pneumonectomia";"-";"2010-10-15";"2009-02-13"
"30803098";"tuss-22";"Metastasectomia pulmonar unilateral (qualquer técnica)";"-";"2010-10-15";"2009-02-13"
"30803080";"tuss-22";"Lobectomia pulmonar";"-";"2010-10-15";"2009-02-13"
"30803071";"tuss-22";"Lobectomia por malformação pulmonar";"-";"2010-10-15";"2009-02-13"
"30803063";"tuss-22";"Embolectomia pulmonar";"-";"2010-10-15";"2009-02-13"
"30803055";"tuss-22";"Drenagem tubular aberta de cavidade pulmonar";"-";"2010-10-15";"2009-02-13"
"30803047";"tuss-22";"Correção de fístula bronco-pleural (qualquer técnica)";"-";"2010-10-15";"2009-02-13"
"30803039";"tuss-22";"Cisto pulmonar congênito - tratamento cirúrgico";"-";"2010-10-15";"2009-02-13"
"30803020";"tuss-22";"Cirurgia redutora do volume pulmonar unilateral (qualquer técnica)";"-";"2010-10-15";"2009-02-13"
"30803012";"tuss-22";"Bulectomia unilateral";"-";"2010-10-15";"2009-02-13"
"30802059";"tuss-22";"Broncotomia e/ou broncorrafia por videotoracoscopia";"-";"2010-10-15";"2009-02-13"
"30802040";"tuss-22";"Broncoplastia e/ou arterioplastia por videotoracoscopia";"-";"2010-10-15";"2009-02-13"
"30802032";"tuss-22";"Colocação de molde brônquico por toracotomia";"-";"2010-10-15";"2009-02-13"
"30802024";"tuss-22";"Broncotomia e/ou broncorrafia";"-";"2010-10-15";"2009-02-13"
"30802016";"tuss-22";"Broncoplastia e/ou arterioplastia";"-";"2010-10-15";"2009-02-13"
"30801184";"tuss-22";"Traqueostomia com retirada de corpo estranho";"-";"2010-10-15";"2009-02-13"
"30801176";"tuss-22";"Traqueorrafia por videotoracoscopia";"-";"2010-10-15";"2009-02-13"
"30801168";"tuss-22";"Ressecção de tumor traqueal por videotoracoscopia";"-";"2010-10-15";"2009-02-13"
"30801150";"tuss-22";"Troca de prótese tráqueo-esofágica";"-";"2010-10-15";"2009-02-13"
"30801141";"tuss-22";"Traqueotomia ou fechamento cirúrgico";"-";"2010-10-15";"2009-02-13"
"30801133";"tuss-22";"Plastia de traqueostoma";"-";"2010-10-15";"2009-02-13"
"30801117";"tuss-22";"Traqueostomia mediastinal";"-";"2010-10-15";"2009-02-13"
"30801109";"tuss-22";"Traqueostomia com colocação de órtese traqueal ou traqueobrônquica por via cervical";"-";"2010-10-15";"2009-02-13"
"30801087";"tuss-22";"Traqueorrafia (qualquer via)";"-";"2010-10-15";"2009-02-13"
"30801079";"tuss-22";"Traqueoplastia (qualquer via)";"-";"2010-10-15";"2009-02-13"
"30801060";"tuss-22";"Ressecção de tumor traqueal";"-";"2010-10-15";"2009-02-13"
"30801052";"tuss-22";"Ressecção carinal (traqueobrônquica)";"-";"2010-10-15";"2009-02-13"
"30801044";"tuss-22";"Punção traqueal";"-";"2010-10-15";"2009-02-13"
"30801036";"tuss-22";"Fechamento de fístula tráqueo-cutânea";"-";"2010-10-15";"2009-02-13"
"30801028";"tuss-22";"Colocação de prótese traqueal ou traqueobrônquica (qualquer via)";"-";"2010-10-15";"2009-02-13"
"30801010";"tuss-22";"Colocação de órtese traqueal, traqueobrônquica ou brônquica, por via endoscópica (tubo de silicone ou metálico)";"-";"2010-10-15";"2009-02-13"
"30738059";"tuss-22";"Condroplastia com sutura labral - procedimento videoartroscópico de coxofemoral";"-";"2010-10-15";"2009-02-13"
"30738040";"tuss-22";"Tratamento do impacto femoro-acetabular - procedimento videoartroscópico de coxofemoral";"-";"2010-10-15";"2009-02-13"
"30738032";"tuss-22";"Desbridamento do labrum ou ligamento redondo com ou sem condroplastia - procedimento videoartroscópico de coxofemoral";"-";"2010-10-15";"2009-02-13"
"30738024";"tuss-22";"Sinovectomia parcial e/ou remoção de corpos livres - procedimento videoartroscópico de coxofemoral";"-";"2010-10-15";"2009-02-13"
"30738016";"tuss-22";"Sinovectomia total - procedimento videoartroscópico de coxofemoral";"-";"2010-10-15";"2009-02-13"
"30737079";"tuss-22";"Túnel do carpo - descompressão - procedimento videoartroscópico de punho e túnel do carpo";"-";"2010-10-15";"2009-02-13"
"30737060";"tuss-22";"Fraturas - redução e estabilização de cada superfície - procedimento videoartroscópico de punho e túnel do carpo";"-";"2010-10-15";"2009-02-13"
"30737052";"tuss-22";"Reconstrução, retencionamento ou reforço de ligamento ou reparo de cartilagem triangular # - procedimento videoartroscópico de punho e túnel do carpo";"-";"2010-10-15";"2009-02-13"
"30737044";"tuss-22";"Osteocondroplastia - estabilização, ressecção e/ou plastia (enxertia) - procedimento videoartroscópico de punho e túnel do carpo";"-";"2010-10-15";"2009-02-13"
"30737036";"tuss-22";"Condroplastia (com remoção de corpos livres) - procedimento videoartroscópico de punho e túnel do carpo";"-";"2010-10-15";"2009-02-13"
"30737028";"tuss-22";"Sinovectomia parcial ou subtotal  - procedimento videoartroscópico de punho e túnel do carpo";"-";"2010-10-15";"2009-02-13"
"30737010";"tuss-22";"Sinovectomia total - procedimento videoartroscópico de punho e túnel do carpo";"-";"2010-10-15";"2009-02-13"
"30736064";"tuss-22";"Fraturas: redução e estabilização para cada superfície - procedimento videoartroscópico de cotovelo";"-";"2010-10-15";"2009-02-13"
"30736056";"tuss-22";"Reconstrução, retencionamento ou reforço de ligamento #  - procedimento videoartroscópico de cotovelo";"-";"2010-10-15";"2009-02-13"
"30736048";"tuss-22";"Osteocondroplastia - estabilização, ressecção e/ou plastia (enxertia) # - procedimento videoartroscópico de cotovelo";"-";"2010-10-15";"2009-02-13"
"30736030";"tuss-22";"Condroplastia (com remoção de corpos livres) - procedimento videoartroscópico de cotovelo";"-";"2010-10-15";"2009-02-13"
"30736021";"tuss-22";"Sinovectomia parcial ou subtotal - procedimento videoartroscópico de cotovelo";"-";"2010-10-15";"2009-02-13"
"30736013";"tuss-22";"Sinovectomia  total - procedimento videoartroscópico de cotovelo";"-";"2010-10-15";"2009-02-13"
"30735092";"tuss-22";"Tenotomia da porção longa do bíceps - procedimento videoartroscópico de ombro";"-";"2010-10-15";"2009-02-13"
"30735084";"tuss-22";"Ressecção lateral da clavícula - procedimento videoartroscópico de ombro";"-";"2010-10-15";"2009-02-13"
"30735076";"tuss-22";"Instabilidade multidirecional - procedimento videoartroscópico de ombro";"-";"2010-10-15";"2009-02-13"
"30735068";"tuss-22";"Ruptura do manguito rotador - procedimento videoartroscópico de ombro";"-";"2010-10-15";"2009-02-13"
"30735050";"tuss-22";"Luxação gleno-umeral - procedimento videoartroscópico de ombro";"-";"2010-10-15";"2009-02-13"
"30735041";"tuss-22";"Lesão labral - procedimento videoartroscópico de ombro";"-";"2010-10-15";"2009-02-13"
"30735033";"tuss-22";"Acromioplastia - procedimento videoartroscópico de ombro";"-";"2010-10-15";"2009-02-13"
"30735025";"tuss-22";"Sinovectomia parcial ou subtotal  - procedimento videoartroscópico de ombro";"-";"2010-10-15";"2009-02-13"
"30735017";"tuss-22";"Sinovectomia total - procedimento videoartroscópico de ombro";"-";"2010-10-15";"2009-02-13"
"30734061";"tuss-22";"Fraturas - redução e estabilização de cada superfície - procedimento videoartroscópico de tornozelo";"-";"2010-10-15";"2009-02-13"
"30734053";"tuss-22";"Reconstrução, retencionamento ou reforço de ligamento - procedimento videoartroscópico de tornozelo";"-";"2010-10-15";"2009-02-13"
"30734045";"tuss-22";"Osteocondroplastia - estabilização, ressecção e ou plastia (enxertia) # - procedimento videoartroscópico de tornozelo";"-";"2010-10-15";"2009-02-13"
"30734037";"tuss-22";"Condroplastia (com remoção de corpos livres) - procedimento videoartroscópico de tornozelo";"-";"2010-10-15";"2009-02-13"
"30734029";"tuss-22";"Sinovectomia parcial ou subtotal - procedimento videoartroscópico de tornozelo";"-";"2010-10-15";"2009-02-13"
"30734010";"tuss-22";"Sinovectomia total - procedimento videoartroscópico de tornozelo";"-";"2010-10-15";"2009-02-13"
"30733103";"tuss-22";"Instabilidade femoro-patelar, release lateral da patela, retencionamento, reforço ou reconstrução do ligamento patelo-femoral medial #  - procedimento videoartroscópico de joelho";"-";"2010-10-15";"2009-02-13"
"30733090";"tuss-22";"Tratamento cirúrgico da artrofibrose #  - procedimento videoartroscópico de joelho";"-";"2010-10-15";"2009-02-13"
"30733081";"tuss-22";"Fratura com redução e/ou estabilização da superfície articular - um compartimento #  - procedimento videoartroscópico de joelho";"-";"2010-10-15";"2009-02-13"
"30733073";"tuss-22";"Reconstrução, retencionamento ou reforço do ligamento cruzado anterior ou posterior #  - procedimento videoartroscópico de joelho";"-";"2010-10-15";"2009-02-13"
"30733065";"tuss-22";"Reparo ou sutura de um menisco - procedimento videoartroscópico de joelho";"-";"2010-10-15";"2009-02-13"
"30733057";"tuss-22";"Meniscectomia - um menisco - procedimento videoartroscópico de joelho";"-";"2010-10-15";"2009-02-13"
"30733049";"tuss-22";"Osteocondroplastia - estabilização, ressecção e/ou plastia #  - procedimento videoartroscópico de joelho";"-";"2010-10-15";"2009-02-13"
"30733030";"tuss-22";"Condroplastia (com remoção de corpos livres) - procedimento videoartroscópico de joelho";"-";"2010-10-15";"2009-02-13"
"30733022";"tuss-22";"Sinovectomia parcial ou subtotal - procedimento videoartroscópico de joelho";"-";"2010-10-15";"2009-02-13"
"30733014";"tuss-22";"Sinovectomia total  - procedimento videoartroscópico de joelho";"-";"2010-10-15";"2009-02-13"
